;sp260223_001 ch: 1907283U1;;sp260223_001 ch: 7513481SP;
Wavelength [nm];Intensity;Wavelength [nm];intensity;
180,2263;50,359985;165,3892;-14,52002;
180,5152;46,461907;165,6764;-17,002648;
180,8041;36,155257;165,9636;-18,884967;
181,0930;36,442576;166,2507;-14,814379;
181,3819;33,73618;166,5379;-14,58439;
181,6708;59,111905;166,8251;-14,145544;
181,9597;41,367235;167,1123;-12,392331;
182,2486;31,433001;167,3995;-13,661888;
182,5375;32,568424;167,6867;-12,614173;
182,8264;37,666761;167,9739;-13,811143;
183,1153;30,886857;168,2611;-18,102404;
183,4041;25,662127;168,5483;-19,017739;
183,6930;27,613044;168,8355;-19,125917;
183,9819;32,683303;169,1227;-17,032079;
184,2708;35,881965;169,4099;-13,106083;
184,5597;32,376751;169,6970;-15,196472;
184,8486;33,385725;169,9842;-14,57756;
185,1375;38,623164;170,2714;-15,130777;
185,4264;44,020322;170,5586;-16,248107;
185,7153;41,15107;170,8458;-10,506948;
186,0042;28,748973;171,1330;-13,197792;
186,2931;24,138661;171,4202;-14,614433;
186,5820;31,974897;171,7074;-10,369773;
186,8709;39,966468;171,9946;-14,534694;
187,1598;23,208524;172,2818;-15,426819;
187,4487;27,090135;172,5690;-13,024846;
187,7376;33,810724;172,8561;-17,767327;
188,0265;32,2487;173,1433;-14,700451;
188,3153;31,537856;173,4305;-11,243668;
188,6042;26,983559;173,7177;-13,741871;
188,8931;27,726542;174,0049;-16,157714;
189,1820;41,972403;174,2921;-12,529291;
189,4709;56,787088;174,5793;-1,8422823;
189,7598;121,67946;174,8665;30,697442;
190,0487;156,93089;175,1537;58,825388;
190,3376;151,51142;175,4409;61,755958;
190,6265;152,31313;175,7281;62,924318;
190,9154;153,82611;176,0153;66,370751;
191,2043;159,97337;176,3024;64,829858;
191,4932;169,33065;176,5896;64,164544;
191,7821;161,72128;176,8768;59,184326;
192,0710;160,69099;177,1640;64,366025;
192,3599;157,34669;177,4512;69,003139;
192,6488;152,47277;177,7384;62,069419;
192,9376;152,97898;178,0256;68,810435;
193,2265;160,39414;178,3128;59,110155;
193,5154;153,0311;178,6000;65,570657;
193,8043;152,54041;178,8872;64,577254;
194,0932;164,00385;179,1744;65,342634;
194,3821;160,16319;179,4615;65,313709;
194,6710;162,57243;179,7487;63,202439;
194,9599;155,29729;180,0359;61,444359;
195,2488;153,93209;180,3231;60,745822;
195,5377;155,76963;180,6103;58,897847;
195,8266;154,02745;180,8975;62,929946;
196,1155;155,48842;181,1847;65,323109;
196,4044;162,58629;181,4719;66,372683;
196,6933;158,85313;181,7591;68,765467;
196,9822;152,41816;182,0463;67,210034;
197,2711;148,85514;182,3335;63,921622;
197,5599;148,89839;182,6206;65,917152;
197,8488;154,71071;182,9078;70,016608;
198,1377;156,59359;183,1950;66,159225;
198,4266;152,64615;183,4822;65,339948;
198,7155;148,86652;183,7694;65,847459;
199,0044;144,79837;184,0566;63,131436;
199,2933;153,90576;184,3438;66,890211;
199,5822;147,91943;184,6310;71,607829;
199,8711;152,31701;184,9182;65,058655;
200,1600;147,5666;185,2054;69,392196;
200,4489;161,44846;185,4926;61,892602;
200,7378;159,25305;185,7798;68,883214;
201,0267;155,35004;186,0669;62,174862;
201,3156;149,91296;186,3541;60,494243;
201,6045;152,0573;186,6413;59,225446;
201,8934;144,96586;186,9285;69,77828;
202,1822;151,85563;187,2157;70,694124;
202,4711;154,20486;187,5029;67,919351;
202,7600;156,75461;187,7901;66,709002;
203,0489;160,89227;188,0773;66,100623;
203,3378;160,65731;188,3645;63,951031;
203,6267;162,18993;188,6517;62,603445;
203,9156;160,70688;188,9389;65,14919;
204,2045;157,38857;189,2260;64,272499;
204,4934;158,64435;189,5132;64,883487;
204,7823;164,04424;189,8004;68,335488;
205,0712;170,35559;190,0876;67,893815;
205,3601;171,07474;190,3748;63,937169;
205,6490;165,36075;190,6620;65,666503;
205,9379;163,50827;190,9492;65,286203;
206,2268;159,61971;191,2364;70,353671;
206,5157;151,93667;191,5236;63,667633;
206,8045;163,26469;191,8108;65,694444;
207,0934;168,08007;192,0980;64,092541;
207,3823;158,08676;192,3852;67,014147;
207,6712;149,76097;192,6723;64,542731;
207,9601;152,53093;192,9595;67,011086;
208,2490;149,6145;193,2467;61,462643;
208,5379;152,25202;193,5339;65,265066;
208,8268;151,47851;193,8211;67,5668;
209,1157;158,16609;194,1083;65,532595;
209,4046;144,27793;194,3955;63,262302;
209,6935;147,82073;194,6827;61,934892;
209,9824;154,91577;194,9699;62,989529;
210,2713;145,90401;195,2571;63,673515;
210,5602;145,83141;195,5443;62,109803;
210,8491;146,51152;195,8314;62,284832;
211,1380;148,1149;196,1186;62,366316;
211,4268;151,9299;196,4058;60,189302;
211,7157;150,29887;196,6930;60,199217;
212,0046;147,41233;196,9802;54,473531;
212,2935;149,16379;197,2674;56,622077;
212,5824;148,19647;197,5546;53,922259;
212,8713;142,83159;197,8418;61,393193;
213,1602;143,33958;198,1290;51,527446;
213,4491;145,54795;198,4162;62,751196;
213,7380;139,14988;198,7034;61,884419;
214,0269;141,59904;198,9906;56,509076;
214,3158;143,78859;199,2777;57,750053;
214,6047;152,26182;199,5649;56,127216;
214,8936;164,68776;199,8521;59,62187;
215,1825;151,32456;200,1393;63,253075;
215,4714;141,81301;200,4265;64,580645;
215,7603;136,70116;200,7137;59,607943;
216,0491;153,18526;201,0009;56,635239;
216,3380;164,21292;201,2881;61,541556;
216,6269;147,63487;201,5753;63,562542;
216,9158;148,75257;201,8625;60,109725;
217,2047;147,71534;202,1497;60,41869;
217,4936;143,46517;202,4368;63,356195;
217,7825;143,98398;202,7240;66,293349;
218,0714;142,20947;203,0112;68,639239;
218,3603;149,09082;203,2984;64,356133;
218,6492;143,44296;203,5856;65,206362;
218,9381;139,55888;203,8728;62,193984;
219,2270;144,63312;204,1600;63,523176;
219,5159;140,00906;204,4472;53,876861;
219,8048;137,87472;204,7344;70,094197;
220,0937;140,80039;205,0216;66,694828;
220,3826;149,9246;205,3088;59,619916;
220,6714;154,47326;205,5959;66,892016;
220,9603;140,61594;205,8831;66,47934;
221,2492;144,96879;206,1703;61,741413;
221,5381;147,22811;206,4575;62,839276;
221,8270;138,9987;206,7447;65,72113;
222,1159;141,7539;207,0319;62,90772;
222,4048;137,3837;207,3191;66,617696;
222,6937;144,41259;207,6063;70,676274;
222,9826;134,42844;207,8935;69,696154;
223,2715;139,76051;208,1807;69,961816;
223,5604;144,43727;208,4679;69,66555;
223,8493;146,20737;208,7551;66,990568;
224,1382;143,73295;209,0422;66,069845;
224,4271;143,73108;209,3294;66,505697;
224,7160;152,19827;209,6166;71,791134;
225,0049;147,19267;209,9038;76,073724;
225,2937;146,65926;210,1910;67,533572;
225,5826;145,52908;210,4782;69,260028;
225,8715;143,03828;210,7654;71,543224;
226,1604;139,51799;211,0526;70,414459;
226,4493;142,27026;211,3398;76,559605;
226,7382;146,1875;211,6270;64,51973;
227,0271;145,45882;211,9142;75,770934;
227,3160;153,28685;212,2013;73,098301;
227,6049;149,8228;212,4885;73,337752;
227,8938;149,1304;212,7757;76,311471;
228,1827;157,43553;213,0629;76,913843;
228,4716;140,09325;213,3501;75,948884;
228,7605;147,64441;213,6373;74,110307;
229,0494;135,00021;213,9245;74,322926;
229,3383;140,6899;214,2117;79,24478;
229,6272;146,91829;214,4989;77,762292;
229,9160;156,05424;214,7861;72,258483;
230,2049;147,28928;215,0733;72,280031;
230,4938;152,35795;215,3605;77,538809;
230,7827;146,81941;215,6476;81,795046;
231,0716;148,40885;215,9348;80,166419;
231,3605;156,43261;216,2220;76,433841;
231,6494;150,36287;216,5092;74,329577;
231,9383;140,48762;216,7964;76,854735;
232,2272;148,11474;217,0836;80,328838;
232,5161;147,56908;217,3708;78,369172;
232,8050;138,49415;217,6580;73,390602;
233,0939;139,74249;217,9452;76,881078;
233,3828;149,5183;218,2324;73,366317;
233,6717;152,51785;218,5196;77,35275;
233,9606;150,83548;218,8067;75,816383;
234,2495;154,56546;219,0939;80,178139;
234,5383;156,90301;219,3811;77,275784;
234,8272;155,97862;219,6683;72,485477;
235,1161;156,94648;219,9555;79,043656;
235,4050;150,85025;220,2427;73,788105;
235,6939;158,03608;220,5299;73,704726;
235,9828;155,96746;220,8171;74,904335;
236,2717;158,44736;221,1043;76,927274;
236,5606;145,4223;221,3915;80,020562;
236,8495;156,79391;221,6787;81,148576;
237,1384;172,12717;221,9658;77,106083;
237,4273;168,2441;222,2530;75,752475;
237,7162;169,88624;222,5402;79,996406;
238,0051;175,18179;222,8274;80,110505;
238,2940;163,69849;223,1146;78,97165;
238,5829;175,34709;223,4018;75,47034;
238,8718;170,23662;223,6890;78,363353;
239,1606;167,0962;223,9762;83,448227;
239,4495;164,44892;224,2634;75,91314;
239,7384;163,32766;224,5506;81,980022;
240,0273;159,15811;224,8378;77,606983;
240,3162;163,90655;225,1250;74,777511;
240,6051;158,37671;225,4121;68,229182;
240,8940;145,15895;225,6993;71,117927;
241,1829;142,42443;225,9865;76,841707;
241,4718;144,23819;226,2737;78,807266;
241,7607;144,33301;226,5609;83,376428;
242,0496;140,44288;226,8481;82,548994;
242,3385;142,63945;227,1353;80,914276;
242,6274;152,24896;227,4225;83,82601;
242,9163;132,82573;227,7097;79,3038;
243,2052;140,33094;227,9969;78,952567;
243,4941;138,77261;228,2841;84,903967;
243,7829;146,82894;228,5712;82,22032;
244,0718;140,35939;228,8584;78,698831;
244,3607;126,35284;229,1456;77,404857;
244,6496;137,28619;229,4328;76,101284;
244,9385;118,78282;229,7200;80,167694;
245,2274;126,9822;230,0072;78,338428;
245,5163;121,51886;230,2944;79,345408;
245,8052;123,70954;230,5816;81,231415;
246,0941;125,44641;230,8688;78,488655;
246,3830;131,44199;231,1560;81,565939;
246,6719;130,96119;231,4432;83,295784;
246,9608;133,54202;231,7304;87,216935;
247,2497;124,69069;232,0175;72,249169;
247,5386;124,11157;232,3047;77,716604;
247,8275;128,24429;232,5919;79,297472;
248,1164;133,86297;232,8791;77,022223;
248,4052;147,09245;233,1663;76,433378;
248,6941;140,65526;233,4535;85,41173;
248,9830;123,31469;233,7407;82,445569;
249,2719;121,65329;234,0279;81,811735;
249,5608;122,47881;234,3151;83,044645;
249,8497;128,45731;234,6023;84,39174;
250,1386;122,63608;234,8895;81,260728;
250,4275;125,7711;235,1766;73,423314;
250,7164;128,62175;235,4638;82,508772;
251,0053;127,05321;235,7510;89,758693;
251,2942;128,1064;236,0382;82,906354;
251,5831;125,95279;236,3254;78,53993;
251,8720;129,66662;236,6126;80,50898;
252,1609;125,35259;236,8998;82,287443;
252,4498;130,0091;237,1870;76,283428;
252,7387;132,70154;237,4742;83,496748;
253,0275;124,32515;237,7614;79,105375;
253,3164;133,94774;238,0486;83,827149;
253,6053;140,64638;238,3357;83,94283;
253,8942;136,63361;238,6229;78,739592;
254,1831;133,37261;238,9101;83,994337;
254,4720;129,14954;239,1973;88,905191;
254,7609;130,1051;239,4845;83,847656;
255,0498;134,8094;239,7717;78,279742;
255,3387;139,40043;240,0589;73,989997;
255,6276;149,5392;240,3461;84,30418;
255,9165;142,90908;240,6333;81,213517;
256,2054;135,7089;240,9205;84,335581;
256,4943;143,41885;241,2077;77,888412;
256,7832;146,79853;241,4949;77,675053;
257,0721;145,63105;241,7820;83,493139;
257,3610;139,08868;242,0692;86,012088;
257,6498;137,47924;242,3564;84,021411;
257,9387;141,13604;242,6436;83,32119;
258,2276;137,58741;242,9308;84,419929;
258,5165;133,00688;243,2180;84,504602;
258,8054;118,18737;243,5052;83,244853;
259,0943;120,91273;243,7924;82,117604;
259,3832;128,61902;244,0796;83,124852;
259,6721;126,79575;244,3668;83,37916;
259,9610;134,42859;244,6540;81,455751;
260,2499;133,42431;244,9411;84,455217;
260,5388;129,78324;245,2283;85,234748;
260,8277;133,69762;245,5155;82,930051;
261,1166;124,83732;245,8027;82,154392;
261,4055;118,42309;246,0899;82,830895;
261,6944;114,58719;246,3771;84,923334;
261,9833;123,33013;246,6643;88,274309;
262,2721;123,3827;246,9515;81,362746;
262,5610;125,4975;247,2387;79,851696;
262,8499;118,52209;247,5259;86,052553;
263,1388;127,52336;247,8131;80,186424;
263,4277;135,34659;248,1003;80,240563;
263,7166;130,14647;248,3874;80,636151;
264,0055;126,8475;248,6746;86,567924;
264,2944;126,80958;248,9618;88,108203;
264,5833;122,57007;249,2490;82,074367;
264,8722;122,05232;249,5362;79,590092;
265,1611;134,44663;249,8234;85,38304;
265,4500;132,04131;250,1106;86,960306;
265,7389;127,39095;250,3978;84,509344;
266,0278;128,13315;250,6850;86,408198;
266,3167;132,61164;250,9722;86,211598;
266,6056;130,54907;251,2594;83,106273;
266,8944;131,53706;251,5465;83,009192;
267,1833;136,87991;251,8337;80,301149;
267,4722;132,35275;252,1209;78,056414;
267,7611;132,05422;252,4081;87,081443;
268,0500;130,42628;252,6953;84,13486;
268,3389;135,14979;252,9825;88,510711;
268,6278;123,81309;253,2697;91,347081;
268,9167;130,26147;253,5569;88,209476;
269,2056;127,8976;253,8441;83,184926;
269,4945;115,38899;254,1313;85,613814;
269,7834;113,83892;254,4185;88,91908;
270,0723;118,09447;254,7057;87,756067;
270,3612;121,81515;254,9928;89,357144;
270,6501;121,86789;255,2800;89,580219;
270,9390;115,651;255,5672;82,602102;
271,2279;113,24041;255,8544;82,493056;
271,5168;111,73398;256,1416;87,006934;
271,8056;111,5893;256,4288;88,950008;
272,0945;110,59232;256,7160;88,946219;
272,3834;105,89645;257,0032;86,13464;
272,6723;107,02155;257,2904;85,794752;
272,9612;110,39429;257,5776;87,90438;
273,2501;112,38711;257,8648;87,06991;
273,5390;106,61437;258,1519;87,512815;
273,8279;109,72981;258,4391;86,396252;
274,1168;105,80428;258,7263;80,042775;
274,4057;105,90061;259,0135;82,239417;
274,6946;109,15219;259,3007;82,946926;
274,9835;106,80534;259,5879;89,000609;
275,2724;101,90879;259,8751;88,635785;
275,5613;93,188164;260,1623;77,476467;
275,8502;101,3635;260,4495;84,506837;
276,1391;102,39311;260,7367;84,624147;
276,4279;100,63;261,0239;74,570216;
276,7168;105,80704;261,3110;85,922631;
277,0057;102,3234;261,5982;85,934823;
277,2946;105,07434;261,8854;85,474952;
277,5835;109,37814;262,1726;84,971216;
277,8724;101,98756;262,4598;80,082483;
278,1613;100,44049;262,7470;85,256128;
278,4502;107,77905;263,0342;82,817146;
278,7391;104,68285;263,3214;82,285734;
279,0280;105,39789;263,6086;87,216008;
279,3169;103,58801;263,8958;85,897371;
279,6058;100,59384;264,1830;80,593809;
279,8947;103,56218;264,4702;83,067018;
280,1836;104,72649;264,7573;84,674364;
280,4725;106,1683;265,0445;82,171692;
280,7614;105,80716;265,3317;83,586842;
281,0502;103,69747;265,6189;84,02351;
281,3391;103,4346;265,9061;81,327176;
281,6280;100,17016;266,1933;78,974229;
281,9169;106,35416;266,4805;76,274318;
282,2058;113,27285;266,7677;80,282426;
282,4947;113,9744;267,0549;76,907637;
282,7836;106,10793;267,3421;91,838988;
283,0725;110,30524;267,6293;84,142501;
283,3614;104,74317;267,9164;87,407083;
283,6503;117,045;268,2036;80,964624;
283,9392;104,95046;268,4908;80,830024;
284,2281;105,7714;268,7780;82,791885;
284,5170;110,30042;269,0652;81,420187;
284,8059;107,2966;269,3524;78,104473;
285,0948;106,03128;269,6396;83,144813;
285,3837;129,7756;269,9268;77,084781;
285,6725;108,92614;270,2140;77,508619;
285,9614;98,514306;270,5012;74,232822;
286,2503;95,54955;270,7884;81,907502;
286,5392;102,98095;271,0756;82,26073;
286,8281;110,75354;271,3627;82,34696;
287,1170;104,46765;271,6499;85,02469;
287,4059;102,36878;271,9371;82,90903;
287,6948;106,40226;272,2243;82,448298;
287,9837;108,74525;272,5115;82,545536;
288,2726;114,27053;272,7987;82,06695;
288,5615;119,36696;273,0859;88,479466;
288,8504;122,54705;273,3731;87,840969;
289,1393;124,10188;273,6603;74,542558;
289,4282;124,17649;273,9475;73,012378;
289,7171;130,46916;274,2347;76,631153;
290,0060;131,46792;274,5218;81,053559;
290,2948;123,81294;274,8090;75,211165;
290,5837;122,0213;275,0962;84,671492;
290,8726;124,04824;275,3834;85,241699;
291,1615;130,37594;275,6706;82,81279;
291,4504;127,19086;275,9578;77,926881;
291,7393;127,61536;276,2450;80,082283;
292,0282;125,24436;276,5322;70,26869;
292,3171;122,41046;276,8194;82,382314;
292,6060;125,85431;277,1066;68,834602;
292,8949;126,06855;277,3938;80,988912;
293,1838;123,49936;277,6809;77,877137;
293,4727;126,88726;277,9681;78,118417;
293,7616;121,4696;278,2553;82,743684;
294,0505;117,44534;278,5425;81,592796;
294,3394;112,34259;278,8297;81,629524;
294,6283;118,25274;279,1169;85,375188;
294,9171;122,66138;279,4041;82,414171;
295,2060;121,43277;279,6913;78,121359;
295,4949;116,52574;279,9785;76,87524;
295,7838;111,46403;280,2657;80,421499;
296,0727;113,54411;280,5529;83,102979;
296,3616;118,24241;280,8401;78,934326;
296,6505;120,6824;281,1272;78,19576;
296,9394;122,12534;281,4144;77,973272;
297,2283;120,28422;281,7016;80,260532;
297,5172;116,73937;281,9888;80,651093;
297,8061;108,38306;282,2760;77,335202;
298,0950;114,44603;282,5632;78,841957;
298,3839;107,46682;282,8504;76,893533;
298,6728;113,67377;283,1376;75,105473;
298,9617;118,30887;283,4248;77,744234;
299,2506;117,15413;283,7120;71,287028;
299,5394;103,63;283,9992;78,903002;
299,8283;103,74749;284,2863;78,161418;
300,1172;116,98146;284,5735;77,715326;
300,4061;116,00649;284,8607;75,948141;
300,6950;112,5918;285,1479;78,503624;
300,9839;116,23183;285,4351;74,900359;
301,2728;112,18715;285,7223;76,010146;
301,5617;110,8698;286,0095;77,573565;
301,8506;113,92507;286,2967;81,433361;
302,1395;114,05648;286,5839;82,027622;
302,4284;123,23087;286,8711;81,310367;
302,7173;123,68542;287,1583;79,982426;
303,0062;109,29774;287,4455;74,383522;
303,2951;112,92333;287,7326;75,691813;
303,5840;118,59431;288,0198;79,644014;
303,8729;122,17834;288,3070;78,54141;
304,1617;122,03243;288,5942;77,584657;
304,4506;117,88734;288,8814;74,691739;
304,7395;118,70072;289,1686;76,735166;
305,0284;119,12753;289,4558;74,378417;
305,3173;126,63504;289,7430;81,477737;
305,6062;136,90376;290,0302;84,069428;
305,8951;133,43276;290,3174;78,153657;
306,1840;133,06;290,6046;76,523349;
306,4729;136,02059;290,8917;79,657848;
306,7618;146,98084;291,1789;83,574529;
307,0507;145,04698;291,4661;82,264743;
307,3396;130,98593;291,7533;75,646055;
307,6285;134,79764;292,0405;72,363805;
307,9174;136,2856;292,3277;75,46221;
308,2063;119,82213;292,6149;71,254797;
308,4952;114,77066;292,9021;72,120128;
308,7840;113,36036;293,1893;69,066915;
309,0729;109,93404;293,4765;74,675253;
309,3618;110,00013;293,7637;75,490995;
309,6507;114,7728;294,0509;73,025096;
309,9396;114,51344;294,3380;69,363236;
310,2285;105,46159;294,6252;70,924027;
310,5174;101,28132;294,9124;72,806783;
310,8063;101,78772;295,1996;76,811942;
311,0952;109,31918;295,4868;71,378515;
311,3841;112,88079;295,7740;67,623344;
311,6730;102,18316;296,0612;73,93841;
311,9619;107,62445;296,3484;76,767092;
312,2508;108,23579;296,6356;77,457703;
312,5397;102,27572;296,9228;71,124431;
312,8286;96,328644;297,2100;71,605302;
313,1175;92,307741;297,4971;66,762401;
313,4063;104,78579;297,7843;75,296704;
313,6952;107,95407;298,0715;79,963208;
313,9841;96,592709;298,3587;78,015837;
314,2730;95,49521;298,6459;78,292875;
314,5619;102,90597;298,9331;92,224681;
314,8508;107,99462;299,2203;85,450351;
315,1397;98,854704;299,5075;89,344997;
315,4286;98,136533;299,7947;82,739009;
315,7175;92,631048;300,0819;85,151498;
316,0064;98,5067;300,3691;83,347531;
316,2953;95,085498;300,6562;92,669087;
316,5842;94,915962;300,9434;83,984521;
316,8731;96,935682;301,2306;82,494274;
317,1620;87,210026;301,5178;70,922642;
317,4509;101,75585;301,8050;78,04381;
317,7398;94,033726;302,0922;86,604659;
318,0286;103,53515;302,3794;90,993416;
318,3175;100,71254;302,6666;89,933058;
318,6064;89,816018;302,9538;85,899399;
318,8953;97,058494;303,2410;81,733037;
319,1842;97,477382;303,5282;85,204685;
319,4731;105,54194;303,8154;85,921409;
319,7620;101,69351;304,1025;81,948318;
320,0509;96,630893;304,3897;84,680022;
320,3398;96,82542;304,6769;82,255362;
320,6287;96,974627;304,9641;84,183942;
320,9176;100,22083;305,2513;89,908716;
321,2065;99,178928;305,5385;78,670468;
321,4954;99,079618;305,8257;85,970584;
321,7843;100,66337;306,1129;89,083975;
322,0732;98,90855;306,4001;85,031585;
322,3621;97,106032;306,6873;86,888499;
322,6509;90,751916;306,9745;83,895818;
322,9398;96,741552;307,2616;87,546767;
323,2287;91,402477;307,5488;86,254259;
323,5176;103,45271;307,8360;90,61872;
323,8065;95,376796;308,1232;82,948553;
324,0954;95,533182;308,4104;87,761648;
324,3843;95,807511;308,6976;88,040607;
324,6732;97,323518;308,9848;87,171754;
324,9621;95,850849;309,2720;87,580851;
325,2510;109,4009;309,5592;88,959622;
325,5399;107,05091;309,8464;82,382015;
325,8288;96,663681;310,1336;83,335414;
326,1177;97,245389;310,4208;88,504215;
326,4066;87,841364;310,7079;90,355965;
326,6955;94,067205;310,9951;91,998931;
326,9844;95,793448;311,2823;89,340333;
327,2732;93,643122;311,5695;81,431341;
327,5621;97,884054;311,8567;81,60213;
327,8510;99,616414;312,1439;88,327563;
328,1399;97,176609;312,4311;88,462493;
328,4288;95,162761;312,7183;84,719355;
328,7177;97,040677;313,0055;82,810422;
329,0066;99,569236;313,2927;86,468061;
329,2955;95,383279;313,5799;90,03467;
329,5844;94,773039;313,8670;83,297211;
329,8733;96,764718;314,1542;90,072119;
330,1622;94,961361;314,4414;87,381004;
330,4511;94,390108;314,7286;83,991665;
330,7400;92,503122;315,0158;81,32724;
331,0289;96,73207;315,3030;78,041928;
331,3178;111,1305;315,5902;81,104004;
331,6067;109,00122;315,8774;84,501462;
331,8955;100,0312;316,1646;81,938056;
332,1844;98,536151;316,4518;85,740525;
332,4733;104,13323;316,7390;85,267393;
332,7622;101,58342;317,0261;82,922008;
333,0511;110,27343;317,3133;89,155443;
333,3400;103,17762;317,6005;87,700503;
333,6289;112,09135;317,8877;81,829331;
333,9178;106,68634;318,1749;79,266714;
334,2067;98,20548;318,4621;81,547516;
334,4956;97,354007;318,7493;77,791694;
334,7845;111,9605;319,0365;78,20925;
335,0734;101,05792;319,3237;85,240162;
335,3623;134,68187;319,6109;83,151378;
335,6512;112,02507;319,8981;80,351382;
335,9401;99,688955;320,1853;81,22085;
336,2290;98,581402;320,4724;79,767411;
336,5178;100,97512;320,7596;83,666281;
336,8067;103,70919;321,0468;84,642782;
337,0956;106,70549;321,3340;80,223823;
337,3845;102,22744;321,6212;86,525613;
337,6734;103,44702;321,9084;88,678137;
337,9623;109,80645;322,1956;89,157116;
338,2512;110,58719;322,4828;83,547086;
338,5401;105,50006;322,7700;88,119548;
338,8290;108,68976;323,0572;83,419593;
339,1179;126,58015;323,3444;86,038723;
339,4068;123,79741;323,6315;83,375672;
339,6957;101,70576;323,9187;81,383661;
339,9846;102,61219;324,2059;75,347457;
340,2735;107,45127;324,4931;90,872284;
340,5624;104,89148;324,7803;88,405784;
340,8513;102,15601;325,0675;87,656803;
341,1401;101,33756;325,3547;83,892293;
341,4290;108,29451;325,6419;84,342312;
341,7179;110,62135;325,9291;79,685728;
342,0068;118,5367;326,2163;80,595893;
342,2957;112,24062;326,5035;80,45059;
342,5846;103,84452;326,7907;81,394028;
342,8735;102,35252;327,0778;84,017388;
343,1624;104,48604;327,3650;85,008194;
343,4513;107,48787;327,6522;84,388576;
343,7402;100,96427;327,9394;85,415031;
344,0291;95,931445;328,2266;85,968304;
344,3180;92,876057;328,5138;88,408995;
344,6069;83,906;328,8010;92,236357;
344,8958;81,225932;329,0882;88,402986;
345,1847;92,496202;329,3754;83,526417;
345,4736;94,123707;329,6626;83,68893;
345,7624;83,82004;329,9498;81,32255;
346,0513;83,583711;330,2369;85,739345;
346,3402;81,065608;330,5241;82,712977;
346,6291;78,183464;330,8113;77,113004;
346,9180;88,967304;331,0985;80,563276;
347,2069;93,984764;331,3857;83,040605;
347,4958;86,581206;331,6729;83,60339;
347,7847;85,225208;331,9601;82,256327;
348,0736;106,10301;332,2473;90,812813;
348,3625;119,67801;332,5345;85,080964;
348,6514;110,433;332,8217;78,658775;
348,9403;106,32231;333,1089;82,854041;
349,2292;108,58557;333,3960;87,55762;
349,5181;114,71214;333,6832;83,233374;
349,8070;123,61685;333,9704;86,89997;
350,0959;126,58488;334,2576;88,394845;
350,3847;118,37741;334,5448;81,782525;
350,6736;109,76618;334,8320;83,596476;
350,9625;121,71149;335,1192;85,083093;
351,2514;109,26812;335,4064;89,095912;
351,5403;112,04615;335,6936;89,974;
351,8292;102,8635;335,9808;87,29137;
352,1181;111,98885;336,2680;85,587359;
352,4070;108,81269;336,5552;88,548483;
352,6959;119,55922;336,8423;87,028608;
352,9848;128,89466;337,1295;82,429348;
353,2737;133,20069;337,4167;83,092029;
353,5626;148,43562;337,7039;83,858991;
353,8515;152,95717;337,9911;81,528131;
354,1404;164,52202;338,2783;81,958471;
354,4293;189,99492;338,5655;89,913368;
354,7182;180,76115;338,8527;88,141861;
355,0071;190,66407;339,1399;85,748213;
355,2959;198,23438;339,4271;87,664086;
355,5848;194,84031;339,7143;83,954478;
355,8737;186,24371;340,0014;85,612372;
356,1626;175,17854;340,2886;82,758911;
356,4515;166,63113;340,5758;85,222255;
356,7404;156,98855;340,8630;84,849176;
357,0293;139,5602;341,1502;85,738967;
357,3182;138,64545;341,4374;87,643375;
357,6071;146,80994;341,7246;86,655326;
357,8960;147,57284;342,0118;89,795273;
358,1849;148,44547;342,2990;84,855784;
358,4738;144,03826;342,5862;85,294479;
358,7627;140,23362;342,8734;89,055195;
359,0516;134,50405;343,1606;84,962088;
359,3405;133,04403;343,4477;84,025514;
359,6294;131,9585;343,7349;85,41794;
359,9182;128,49515;344,0221;83,460193;
360,2071;129,93426;344,3093;86,346565;
360,4960;132,81658;344,5965;88,70461;
360,7849;127,74257;344,8837;87,539293;
361,0738;138,35586;345,1709;81,999888;
361,3627;135,07319;345,4581;77,152909;
361,6516;139,36089;345,7453;78,688801;
361,9405;129,59221;346,0325;83,794537;
362,2294;124,53991;346,3197;83,388949;
362,5183;134,6109;346,6068;79,807505;
362,8072;136,70466;346,8940;82,557777;
363,0961;135,53154;347,1812;84,018406;
363,3850;142,53314;347,4684;85,461803;
363,6739;139,96577;347,7556;86,973745;
363,9628;138,81618;348,0428;88,036821;
364,2517;147,63173;348,3300;85,761399;
364,5405;153,74606;348,6172;83,013184;
364,8294;155,18698;348,9044;75,321698;
365,1183;152,85466;349,1916;84,358866;
365,4072;158,03464;349,4788;88,250603;
365,6961;163,87174;349,7660;92,037628;
365,9850;168,70185;350,0531;85,407713;
366,2739;176,19905;350,3403;91,452871;
366,5628;179,18466;350,6275;90,473856;
366,8517;181,2721;350,9147;89,545921;
367,1406;189,84366;351,2019;89,026191;
367,4295;193,23348;351,4891;88,901702;
367,7184;191,07119;351,7763;85,886607;
368,0073;200,52675;352,0635;85,609073;
368,2962;212,82721;352,3507;85,794243;
368,5851;214,89519;352,6379;84,808644;
368,8740;219,14726;352,9251;90,517043;
369,1628;221,99504;353,2122;89,942799;
369,4517;226,20928;353,4994;83,418278;
369,7406;237,29594;353,7866;81,625115;
370,0295;243,74826;354,0738;89,500192;
370,3184;257,27066;354,3610;91,903536;
370,6073;265,0253;354,6482;91,173201;
370,8962;267,48382;354,9354;90,193879;
371,1851;275,88791;355,2226;87,817598;
371,4740;275,9796;355,5098;91,136446;
371,7629;302,79519;355,7970;93,294139;
372,0518;302,58338;356,0842;94,160161;
372,3407;321,34219;356,3713;91,181913;
372,6296;333,31101;356,6585;92,632798;
372,9185;344,77882;356,9457;88,727651;
373,2074;362,73935;357,2329;89,844962;
373,4963;372,63699;357,5201;89,463895;
373,7851;384,53739;357,8073;93,408824;
374,0740;410,49542;358,0945;93,680321;
374,3629;430,42889;358,3817;92,166784;
374,6518;435,25806;358,6689;91,668913;
374,9407;451,62594;358,9561;93,019294;
375,2296;466,17086;359,2433;88,786623;
375,5185;488,42655;359,5305;91,463426;
375,8074;507,75134;359,8176;96,992442;
376,0963;527,0925;360,1048;93,202532;
376,3852;551,63828;360,3920;92,477992;
376,6741;569,9195;360,6792;99,563821;
376,9630;590,28527;360,9664;91,935439;
377,2519;614,4566;361,2536;99,108999;
377,5408;639,5455;361,5408;99,357794;
377,8297;669,86701;361,8280;101,09692;
378,1186;696,14083;362,1152;103,83423;
378,4074;722,52303;362,4024;104,29545;
378,6963;746,29463;362,6896;100,79553;
378,9852;781,22666;362,9767;102,67895;
379,2741;800,32194;363,2639;100,26946;
379,5630;832,99361;363,5511;101,0636;
379,8519;871,1559;363,8383;108,87199;
380,1408;908,23811;364,1255;111,63828;
380,4297;935,91596;364,4127;110,77798;
380,7186;973,22393;364,6999;112,11901;
381,0075;1010,4936;364,9871;116,69603;
381,2964;1030,637;365,2743;121,56888;
381,5853;1058,8275;365,5615;127,52838;
381,8742;1103,3677;365,8487;125,2673;
382,1631;1142,9998;366,1359;129,77241;
382,4520;1183,796;366,4230;134,3979;
382,7409;1220,4764;366,7102;133,2783;
383,0297;1276,5616;366,9974;129,66944;
383,3186;1317,7784;367,2846;139,93683;
383,6075;1361,4432;367,5718;143,29828;
383,8964;1409,0305;367,8590;140,97546;
384,1853;1466,3236;368,1462;142,106;
384,4742;1517,2827;368,4334;154,89339;
384,7631;1575,0905;368,7206;164,58207;
385,0520;1622,53;369,0078;165,30688;
385,3409;1671,5688;369,2950;162,33232;
385,6298;1728,4729;369,5821;175,89522;
385,9187;1769,8719;369,8693;181,55719;
386,2076;1813,1369;370,1565;189,07847;
386,4965;1860,8915;370,4437;189,89983;
386,7854;1909,1561;370,7309;194,61715;
387,0743;1964,2801;371,0181;203,37503;
387,3632;2016,187;371,3053;215,11607;
387,6520;2071,4395;371,5925;221,64747;
387,9409;2131,2491;371,8797;227,50949;
388,2298;2177,9629;372,1669;232,17073;
388,5187;2231,6116;372,4541;243,70389;
388,8076;2296,0612;372,7412;253,89226;
389,0965;2350,3044;373,0284;262,85347;
389,3854;2419,4433;373,3156;276,86576;
389,6743;2455,8745;373,6028;287,92385;
389,9632;2530,381;373,8900;299,25488;
390,2521;2586,4775;374,1772;309,22096;
390,5410;2659,6918;374,4644;318,37454;
390,8299;2716,6223;374,7516;337,65768;
391,1188;2782,8786;375,0388;344,9676;
391,4077;2841,8395;375,3260;364,04608;
391,6966;2904,4469;375,6132;379,60672;
391,9855;2984,1327;375,9004;389,60935;
392,2743;3038,0217;376,1875;409,22612;
392,5632;3101,5175;376,4747;422,19296;
392,8521;3150,5407;376,7619;447,92281;
393,1410;3218,1015;377,0491;453,70686;
393,4299;3301,4546;377,3363;476,697;
393,7188;3379,6014;377,6235;489,5862;
394,0077;3444,3563;377,9107;507,52473;
394,2966;3501,9298;378,1979;527,85262;
394,5855;3585,2165;378,4851;546,52396;
394,8744;3663,3989;378,7723;565,61902;
395,1633;3738,9926;379,0595;585,89296;
395,4522;3805,6546;379,3466;599,03499;
395,7411;3889,6286;379,6338;629,61755;
396,0300;3967,3061;379,9210;649,50053;
396,3189;4046,1265;380,2082;671,06552;
396,6078;4125,2454;380,4954;696,02286;
396,8966;4217,3966;380,7826;718,03768;
397,1855;4303,9844;381,0698;732,28145;
397,4744;4377,2685;381,3570;756,59468;
397,7633;4448,3048;381,6442;780,68603;
398,0522;4522,8469;381,9314;807,87114;
398,3411;4599,5949;382,2186;831,17436;
398,6300;4650,4992;382,5058;856,11962;
398,9189;4721,6784;382,7929;880,41735;
399,2078;4761,0501;383,0801;901,32849;
399,4967;4826,1509;383,3673;927,33255;
399,7856;4874,2033;383,6545;949,87352;
400,0745;4925,1897;383,9417;969,57565;
400,3634;4964,4873;384,2289;994,04851;
400,6523;5007,1667;384,5161;1024,3797;
400,9412;5026,6313;384,8033;1053,1142;
401,2301;5069,5419;385,0905;1072,5177;
401,5189;5100,8507;385,3777;1096,1246;
401,8078;5176,2751;385,6649;1129,5915;
402,0967;5196,5937;385,9520;1153,3517;
402,3856;5291,0154;386,2392;1194,874;
402,6745;5348,0772;386,5264;1203,4553;
402,9634;5422,8105;386,8136;1235,1614;
403,2523;5459,3492;387,1008;1263,42;
403,5412;5515,0524;387,3880;1291,6522;
403,8301;5573,7546;387,6752;1322,2379;
404,1190;5680,9132;387,9624;1354,4207;
404,4079;5703,0655;388,2496;1387,8009;
404,6968;5770,7353;388,5368;1407,3761;
404,9857;5801,5966;388,8240;1434,0602;
405,2746;5837,1047;389,1111;1472,3651;
405,5635;5849,6509;389,3983;1508,0389;
405,8524;5898,0524;389,6855;1528,1277;
406,1412;5911,3882;389,9727;1565,9877;
406,4301;5972,4447;390,2599;1595,5694;
406,7190;6002,864;390,5471;1620,9869;
407,0079;6040,9624;390,8343;1658,4732;
407,2968;6109,9844;391,1215;1687,4668;
407,5857;6172,1634;391,4087;1717,1058;
407,8746;6218,6343;391,6959;1747,4609;
408,1635;6265,9913;391,9831;1779,5408;
408,4524;6326,1159;392,2703;1822,5876;
408,7413;6381,1757;392,5574;1854,0871;
409,0302;6425,2449;392,8446;1872,6926;
409,3191;6453,7594;393,1318;1904,4677;
409,6080;6522,8039;393,4190;1945,4807;
409,8969;6576,4882;393,7062;1982,7288;
410,1858;6592,1055;393,9934;2020,1308;
410,4747;6617,559;394,2806;2055,2736;
410,7635;6691,6818;394,5678;2078,1323;
411,0524;6700,8477;394,8550;2113,8875;
411,3413;6749,0185;395,1422;2151,8036;
411,6302;6761,4096;395,4294;2171,3464;
411,9191;6809,2865;395,7165;2200,9956;
412,2080;6844,7241;396,0037;2240,3633;
412,4969;6941,9703;396,2909;2298,1608;
412,7858;6896,6023;396,5781;2331,633;
413,0747;6975,4702;396,8653;2362,9023;
413,3636;6975,5773;397,1525;2393,4676;
413,6525;7044,3151;397,4397;2434,5212;
413,9414;7048,3314;397,7269;2464,8048;
414,2303;7097,3869;398,0141;2499,4298;
414,5192;7123,219;398,3013;2533,603;
414,8081;7114,321;398,5885;2574,3646;
415,0970;7143,284;398,8757;2620,2115;
415,3858;7205,6165;399,1628;2641,5125;
415,6747;7202,8658;399,4500;2703,7236;
415,9636;7258,5922;399,7372;2723,6527;
416,2525;7281,1309;400,0244;2763,9087;
416,5414;7314,0087;400,3116;2811,2189;
416,8303;7325,1613;400,5988;2850,6064;
417,1192;7351,4086;400,8860;2895,6021;
417,4081;7360,9798;401,1732;2943,1362;
417,6970;7374,5095;401,4604;2988,6599;
417,9859;7378,4638;401,7476;3024,9254;
418,2748;7351,7758;402,0348;3059,1547;
418,5637;7299,538;402,3219;3091,2258;
418,8526;7292,7879;402,6091;3144,9102;
419,1415;7294,8141;402,8963;3198,2175;
419,4304;7272,3248;403,1835;3241,3601;
419,7193;7290,9928;403,4707;3292,1241;
420,0081;7317,7528;403,7579;3331,9838;
420,2970;7353,5363;404,0451;3377,6161;
420,5859;7388,5626;404,3323;3432,0145;
420,8748;7464,958;404,6195;3481,4948;
421,1637;7524,9388;404,9067;3536,4912;
421,4526;7566,9947;405,1939;3582,3393;
421,7415;7605,0316;405,4811;3641,4081;
422,0304;7657,8711;405,7682;3693,4199;
422,3193;7693,3398;406,0554;3745,472;
422,6082;7730,6461;406,3426;3808,063;
422,8971;7702,2359;406,6298;3847,7139;
423,1860;7761,7988;406,9170;3916,0795;
423,4749;7758,7372;407,2042;3920,4255;
423,7638;7759,3203;407,4914;4019,5734;
424,0527;7734,6147;407,7786;4088,6081;
424,3416;7776,6591;408,0658;4132,9717;
424,6304;7798,0227;408,3530;4174,8548;
424,9193;7830,5409;408,6402;4241,4876;
425,2082;7835,5447;408,9273;4274,6224;
425,4971;7884,1457;409,2145;4354,2191;
425,7860;7855,3403;409,5017;4423,1471;
426,0749;7886,6149;409,7889;4476,0631;
426,3638;7897,0752;410,0761;4547,3768;
426,6527;7906,886;410,3633;4598,779;
426,9416;7900,7909;410,6505;4666,7794;
427,2305;7920,3431;410,9377;4729,0539;
427,5194;7950,4168;411,2249;4764,2321;
427,8083;7981,2365;411,5121;4817,1713;
428,0972;7937,444;411,7993;4896,1938;
428,3861;7950,7213;412,0864;4965,394;
428,6750;7974,4773;412,3736;5012,5761;
428,9639;7988,4703;412,6608;5062,4867;
429,2527;7991,1832;412,9480;5133,6142;
429,5416;8017,6565;413,2352;5207,5144;
429,8305;8046,6386;413,5224;5285,641;
430,1194;8051,9926;413,8096;5355,089;
430,4083;8052,3406;414,0968;5406,3271;
430,6972;8094,7375;414,3840;5471,8167;
430,9861;8127,9774;414,6712;5534,2546;
431,2750;8105,48;414,9584;5576,7071;
431,5639;8115,4751;415,2456;5624,6441;
431,8528;8135,3965;415,5327;5690,8991;
432,1417;8190,0696;415,8199;5758,1217;
432,4306;8184,4928;416,1071;5813,2072;
432,7195;8216,8874;416,3943;5889,2752;
433,0084;8243,7537;416,6815;5914,1358;
433,2973;8247,9921;416,9687;5996,3065;
433,5862;8287,525;417,2559;6047,8763;
433,8750;8316,185;417,5431;6092,1466;
434,1639;8333,0903;417,8303;6173,6902;
434,4528;8375,4773;418,1175;6189,3273;
434,7417;8383,821;418,4047;6303,2575;
435,0306;8446,4295;418,6918;6318,1436;
435,3195;8451,2313;418,9790;6328,4242;
435,6084;8454,0521;419,2662;6418,1986;
435,8973;8390,4611;419,5534;6456,9422;
436,1862;8384,3266;419,8406;6546,8717;
436,4751;8351,107;420,1278;6588,4888;
436,7640;8304,6156;420,4150;6621,0288;
437,0529;8294,592;420,7022;6682,2768;
437,3418;8315,9085;420,9894;6732,3394;
437,6307;8333,2145;421,2766;6773,1965;
437,9196;8407,2885;421,5638;6834,048;
438,2085;8450,4855;421,8510;6867,3285;
438,4974;8521,2767;422,1381;6931,502;
438,7862;8575,1253;422,4253;6974,3805;
439,0751;8684,9291;422,7125;7043,5137;
439,3640;8744,8464;422,9997;7095,4008;
439,6529;8851,7978;423,2869;7146,8782;
439,9418;8887,1184;423,5741;7195,1745;
440,2307;8927,9697;423,8613;7223,0834;
440,5196;8964,7308;424,1485;7252,313;
440,8085;9010,2358;424,4357;7299,4648;
441,0974;9028,9543;424,7229;7359,147;
441,3863;9077,9534;425,0101;7402,346;
441,6752;9127,6649;425,2972;7437,7048;
441,9641;9141,2207;425,5844;7488,2643;
442,2530;9173,442;425,8716;7536,4578;
442,5419;9231,008;426,1588;7594,6456;
442,8308;9280,4216;426,4460;7642,1099;
443,1197;9310,4094;426,7332;7659,3515;
443,4085;9354,2468;427,0204;7720,3785;
443,6974;9388,7999;427,3076;7745,4702;
443,9863;9405,4293;427,5948;7803,527;
444,2752;9398,0744;427,8820;7798,2683;
444,5641;9434,7088;428,1692;7876,412;
444,8530;9467,7588;428,4563;7929,2217;
445,1419;9527,774;428,7435;7894,9708;
445,4308;9608,227;429,0307;7939,3222;
445,7197;9687,8235;429,3179;7982,7995;
446,0086;9729,9233;429,6051;8029,5697;
446,2975;9842,5383;429,8923;8041,9469;
446,5864;9916,8413;430,1795;8095,2096;
446,8753;9940,0762;430,4667;8104,4467;
447,1642;10032,936;430,7539;8124,4789;
447,4531;10107,418;431,0411;8174,6185;
447,7420;10153,63;431,3283;8175,9779;
448,0308;10208,003;431,6155;8210,1666;
448,3197;10282,899;431,9026;8227,9248;
448,6086;10386,64;432,1898;8263,2002;
448,8975;10437,988;432,4770;8260,8958;
449,1864;10446,444;432,7642;8286,6194;
449,4753;10515,457;433,0514;8308,1884;
449,7642;10606,379;433,3386;8338,5023;
450,0531;10669,898;433,6258;8394,1391;
450,3420;10737,599;433,9130;8408,9776;
450,6309;10777,662;434,2002;8412,2896;
450,9198;10869,041;434,4874;8429,4488;
451,2087;10902,997;434,7746;8460,5633;
451,4976;11009,215;435,0617;8472,9156;
451,7865;11062,362;435,3489;8465,1054;
452,0754;11174,934;435,6361;8501,0386;
452,3643;11230,056;435,9233;8529,0392;
452,6531;11288,408;436,2105;8529,7341;
452,9420;11368,097;436,4977;8544,2846;
453,2309;11434,99;436,7849;8532,7999;
453,5198;11521,148;437,0721;8547,4019;
453,8087;11649,79;437,3593;8592,2864;
454,0976;11721,297;437,6465;8608,8548;
454,3865;11782,525;437,9337;8586,8642;
454,6754;11881,695;438,2209;8578,1042;
454,9643;11954,406;438,5080;8619,2427;
455,2532;12055,086;438,7952;8625,5633;
455,5421;12177,119;439,0824;8639,5811;
455,8310;12261,995;439,3696;8678,4549;
456,1199;12349,331;439,6568;8703,2497;
456,4088;12453,771;439,9440;8708,8002;
456,6977;12538,635;440,2312;8751,8002;
456,9866;12651,943;440,5184;8716,056;
457,2754;12739,04;440,8056;8740,0018;
457,5643;12823,857;441,0928;8722,4739;
457,8532;12886,861;441,3800;8770,7802;
458,1421;12918,588;441,6671;8739,5962;
458,4310;12901,457;441,9543;8737,4389;
458,7199;12961,478;442,2415;8780,2975;
459,0088;12902,571;442,5287;8842,0465;
459,2977;12921,259;442,8159;8814,9431;
459,5866;12935,035;443,1031;8841,3226;
459,8755;13058,315;443,3903;8867,5828;
460,1644;13166,364;443,6775;8852,0365;
460,4533;13290,165;443,9647;8887,9917;
460,7422;13348,662;444,2519;8934,6795;
461,0311;13625,753;444,5391;8952,1851;
461,3200;13712,577;444,8263;8950,3773;
461,6089;13947,72;445,1134;8957,7481;
461,8977;14073,418;445,4006;8983,5369;
462,1866;14207,019;445,6878;8986,6202;
462,4755;14309,32;445,9750;9038,8535;
462,7644;14416,697;446,2622;9055,1407;
463,0533;14514,693;446,5494;9062,8806;
463,3422;14557,61;446,8366;9082,7404;
463,6311;14716,213;447,1238;9100,3253;
463,9200;14877,21;447,4110;9145,7782;
464,2089;14939,39;447,6982;9185,6018;
464,4978;15023,859;447,9854;9189,0501;
464,7867;15091,357;448,2725;9190,8855;
465,0756;15196,878;448,5597;9225,7748;
465,3645;15271,949;448,8469;9253,6092;
465,6534;15385,295;449,1341;9262,4676;
465,9423;15450,295;449,4213;9307,1691;
466,2312;15574,085;449,7085;9331,6388;
466,5200;15729,093;449,9957;9372,1698;
466,8089;15839,669;450,2829;9390,8378;
467,0978;15949,885;450,5701;9408,598;
467,3867;16064,176;450,8573;9405,8596;
467,6756;16125,395;451,1445;9432,8897;
467,9645;16174,057;451,4316;9487,3074;
468,2534;16232,286;451,7188;9559,758;
468,5423;16292,98;452,0060;9540,0395;
468,8312;16362,667;452,2932;9616,0736;
469,1201;16369,744;452,5804;9641,9916;
469,4090;16451,938;452,8676;9715,4058;
469,6979;16475,078;453,1548;9685,6359;
469,9868;16621,123;453,4420;9744,714;
470,2757;16758,53;453,7292;9764,9486;
470,5646;16945,692;454,0164;9874,1771;
470,8535;17087,369;454,3036;9847,4352;
471,1423;17223,322;454,5908;9896,0611;
471,4312;17352,874;454,8779;9904,8794;
471,7201;17572,951;455,1651;9971,2598;
472,0090;17565,39;455,4523;10018,933;
472,2979;17776,866;455,7395;10063,253;
472,5868;17882,669;456,0267;10088,356;
472,8757;17946,041;456,3139;10125,214;
473,1646;17969,571;456,6011;10147,864;
473,4535;18126,66;456,8883;10203,367;
473,7424;18203,81;457,1755;10241,466;
474,0313;18432,832;457,4627;10326,904;
474,3202;18522,548;457,7499;10339,74;
474,6091;18639,411;458,0370;10350,725;
474,8980;18775,934;458,3242;10380,367;
475,1869;18845,427;458,6114;10430,81;
475,4758;18959,036;458,8986;10482,676;
475,7646;19145,985;459,1858;10517,706;
476,0535;19167,48;459,4730;10551,385;
476,3424;19441,174;459,7602;10621,959;
476,6313;19380,105;460,0474;10683,763;
476,9202;19537,727;460,3346;10685,275;
477,2091;19567,861;460,6218;10696,407;
477,4980;19729,094;460,9090;10747,803;
477,7869;19764,094;461,1962;10805,349;
478,0758;19733,886;461,4833;10848,523;
478,3647;19693,874;461,7705;10898,828;
478,6536;19790,135;462,0577;10980,032;
478,9425;19867,249;462,3449;11031,844;
479,2314;19924,486;462,6321;11072,508;
479,5203;20013,908;462,9193;11126,049;
479,8092;20174,28;463,2065;11179,614;
480,0981;20272,843;463,4937;11246,535;
480,3869;20429,838;463,7809;11293,969;
480,6758;20636,72;464,0681;11336,852;
480,9647;20791,069;464,3553;11431,643;
481,2536;20944,328;464,6424;11548,109;
481,5425;21140,804;464,9296;11574,542;
481,8314;21379,999;465,2168;11617,87;
482,1203;21462,906;465,5040;11698,968;
482,4092;21464,462;465,7912;11767,859;
482,6981;21622,635;466,0784;11779,751;
482,9870;21767,664;466,3656;11928,318;
483,2759;21908,685;466,6528;11988,563;
483,5648;22058,095;466,9400;12077,924;
483,8537;22130,3;467,2272;12087,001;
484,1426;22259,084;467,5144;12202,094;
484,4315;22352,415;467,8015;12285,174;
484,7204;22509,355;468,0887;12377,621;
485,0092;22598,815;468,3759;12428,903;
485,2981;22747,604;468,6631;12515,636;
485,5870;22850,75;468,9503;12616,429;
485,8759;22983,922;469,2375;12708,26;
486,1648;22882,473;469,5247;12737,21;
486,4537;22963,046;469,8119;12810,764;
486,7426;23016,821;470,0991;12893,951;
487,0315;23046,483;470,3863;12994,076;
487,3204;22927,053;470,6735;13101,653;
487,6093;23092,044;470,9607;13164,29;
487,8982;23044,152;471,2478;13258,757;
488,1871;23070,83;471,5350;13387,823;
488,4760;23080,086;471,8222;13465,574;
488,7649;23126,249;472,1094;13533,241;
489,0538;23148,737;472,3966;13607,268;
489,3427;23264,974;472,6838;13712,116;
489,6315;23150,616;472,9710;13822,644;
489,9204;23175,334;473,2582;13905,612;
490,2093;23197,815;473,5454;14039,42;
490,4982;23282,057;473,8326;14183,734;
490,7871;23354,476;474,1198;14271,855;
491,0760;23385,447;474,4069;14352,089;
491,3649;23378,227;474,6941;14451,199;
491,6538;23495,887;474,9813;14562,659;
491,9427;23483,384;475,2685;14675,282;
492,2316;23529,446;475,5557;14817,084;
492,5205;23602,45;475,8429;14938,395;
492,8094;23618,534;476,1301;15055,221;
493,0983;23568,078;476,4173;15209,568;
493,3872;23603,726;476,7045;15322,06;
493,6761;23599,704;476,9917;15411,204;
493,9650;23603,203;477,2789;15525,558;
494,2538;23596,826;477,5661;15656,875;
494,5427;23552,866;477,8532;15821,566;
494,8316;23503,767;478,1404;15856,06;
495,1205;23568,561;478,4276;16034,582;
495,4094;23541,88;478,7148;16125,599;
495,6983;23431,189;479,0020;16319,393;
495,9872;23430,866;479,2892;16473,974;
496,2761;23443,375;479,5764;16585,491;
496,5650;23449,309;479,8636;16717,853;
496,8539;23484,221;480,1508;16801,983;
497,1428;23559,805;480,4380;17001,741;
497,4317;23630,052;480,7252;17092,662;
497,7206;23741,534;481,0123;17190,891;
498,0095;23720,804;481,2995;17342,627;
498,2984;23720,923;481,5867;17490,077;
498,5873;23752,807;481,8739;17649,511;
498,8761;23901,963;482,1611;17707,203;
499,1650;23918,473;482,4483;17846,259;
499,4539;24009,858;482,7355;18009,802;
499,7428;23984,179;483,0227;18115,222;
500,0317;24074,992;483,3099;18237,67;
500,3206;24010,906;483,5971;18339,402;
500,6095;24003,901;483,8843;18524,116;
500,8984;23995,509;484,1714;18629,069;
501,1873;23965,499;484,4586;18720,549;
501,4762;23774,835;484,7458;18868,925;
501,7651;23749,673;485,0330;19067,206;
502,0540;23771,129;485,3202;19179,169;
502,3429;23906,874;485,6074;19315,642;
502,6318;23756,839;485,8946;19449,545;
502,9207;23881,976;486,1818;19557,971;
503,2096;23794,238;486,4690;19701,263;
503,4984;23918,904;486,7562;19844,773;
503,7873;23824,732;487,0434;19951,614;
504,0762;23993,036;487,3306;20070,4;
504,3651;23836,622;487,6177;20199,628;
504,6540;23881,765;487,9049;20318,508;
504,9429;23945,826;488,1921;20466,219;
505,2318;24073,368;488,4793;20548,399;
505,5207;23974,428;488,7665;20700,55;
505,8096;24040,946;489,0537;20824,28;
506,0985;23935,851;489,3409;20945,602;
506,3874;24021,445;489,6281;21089,356;
506,6763;24006,918;489,9153;21172,234;
506,9652;23993,229;490,2025;21295,689;
507,2541;24032,938;490,4897;21445,762;
507,5430;24009,786;490,7768;21582,31;
507,8319;23975,429;491,0640;21666,777;
508,1207;23999,306;491,3512;21730,168;
508,4096;23928,692;491,6384;21886,288;
508,6985;24014,116;491,9256;22000,94;
508,9874;23961,101;492,2128;22116,82;
509,2763;23979,57;492,5000;22178,32;
509,5652;23963,516;492,7872;22369,788;
509,8541;23971,9;493,0744;22402,706;
510,1430;23999,537;493,3616;22548,95;
510,4319;23984,422;493,6488;22691,197;
510,7208;23965,11;493,9360;22827,547;
511,0097;23947,1;494,2231;22902,682;
511,2986;23948,896;494,5103;22966,282;
511,5875;23986,414;494,7975;23130,175;
511,8764;23951,315;495,0847;23254,943;
512,1653;23912,809;495,3719;23280,835;
512,4542;23974,004;495,6591;23457,749;
512,7430;23988,758;495,9463;23535,7;
513,0319;23986,064;496,2335;23616,814;
513,3208;23934,096;496,5207;23736,638;
513,6097;24005,828;496,8079;23846,582;
513,8986;23946,94;497,0951;23915,938;
514,1875;23974,158;497,3822;24051,24;
514,4764;23942,373;497,6694;24113,579;
514,7653;23877,881;497,9566;24296,777;
515,0542;23975,352;498,2438;24345,073;
515,3431;23949,805;498,5310;24383,605;
515,6320;23752,551;498,8182;24502,973;
515,9209;23781,933;499,1054;24592,247;
516,2098;23818,457;499,3926;24682,48;
516,4987;23826,752;499,6798;24766,445;
516,7876;23763,755;499,9670;24830,521;
517,0765;23779,647;500,2542;24953,001;
517,3653;23594,899;500,5414;24997,18;
517,6542;23643,92;500,8285;25036,153;
517,9431;23538,489;501,1157;25107,892;
518,2320;23655,6;501,4029;25187,038;
518,5209;23497,283;501,6901;25253,454;
518,8098;23653,301;501,9773;25287,842;
519,0987;23550,939;502,2645;25363,74;
519,3876;23709,29;502,5517;25410,062;
519,6765;23729,921;502,8389;25496,652;
519,9654;23812,292;503,1261;25591,129;
520,2543;24035,139;503,4133;25614,196;
520,5432;24184,94;503,7005;25703,191;
520,8321;24219,467;503,9876;25741,246;
521,1210;24405,47;504,2748;25800,827;
521,4099;24415,467;504,5620;25868,253;
521,6988;24536,081;504,8492;25910,895;
521,9877;24612,593;505,1364;26052,219;
522,2765;24723,698;505,4236;26036,729;
522,5654;24689,288;505,7108;26147,117;
522,8543;24729,616;505,9980;26123,799;
523,1432;24740,626;506,2852;26172,762;
523,4321;24761,933;506,5724;26283,299;
523,7210;24834,351;506,8596;26296,169;
524,0099;24844,24;507,1467;26314,202;
524,2988;24849,829;507,4339;26441,731;
524,5877;24963,476;507,7211;26502,762;
524,8766;25025,828;508,0083;26570,734;
525,1655;25062,917;508,2955;26586,762;
525,4544;25103,041;508,5827;26627,322;
525,7433;25132,254;508,8699;26649,374;
526,0322;25112,67;509,1571;26606,689;
526,3211;25235,809;509,4443;26713,76;
526,6100;25298,498;509,7315;26825,638;
526,8988;25348,503;510,0187;26818,646;
527,1877;25360,469;510,3059;26800,113;
527,4766;25367,142;510,5930;26925,63;
527,7655;25465,324;510,8802;26977,516;
528,0544;25568,16;511,1674;27004,084;
528,3433;25602,444;511,4546;26972,213;
528,6322;25673,886;511,7418;27058,893;
528,9211;25739,083;512,0290;27039,035;
529,2100;25743,097;512,3162;27097,863;
529,4989;25814,756;512,6034;27088,136;
529,7878;25873,546;512,8906;27108,941;
530,0767;25933,888;513,1778;27150,403;
530,3656;25947,847;513,4650;27144,395;
530,6545;26042,366;513,7521;27165,64;
530,9434;26078,079;514,0393;27109,408;
531,2323;26131,012;514,3265;27028,08;
531,5211;26127,74;514,6137;26995,345;
531,8100;26242,913;514,9009;27021,356;
532,0989;26323,737;515,1881;26983,969;
532,3878;26371,435;515,4753;26980,307;
532,6767;26407,609;515,7625;26887,245;
532,9656;26482,734;516,0497;26810,056;
533,2545;26629,09;516,3369;26809,709;
533,5434;26724,958;516,6241;26825,355;
533,8323;26724,622;516,9113;26818,05;
534,1212;26816,765;517,1984;26760,285;
534,4101;26810,046;517,4856;26690,258;
534,6990;26945,843;517,7728;26694,846;
534,9879;26927,611;518,0600;26686,617;
535,2768;27099,013;518,3472;26697,59;
535,5657;27090,291;518,6344;26710,502;
535,8546;27224,867;518,9216;26591,156;
536,1434;27161,886;519,2088;26631,32;
536,4323;27314,63;519,4960;26628,642;
536,7212;27353,692;519,7832;26600,64;
537,0101;27516,116;520,0704;26567,616;
537,2990;27398,944;520,3575;26548,84;
537,5879;27407,152;520,6447;26560,186;
537,8768;27570,965;520,9319;26529,156;
538,1657;27652,98;521,2191;26567,005;
538,4546;27672,095;521,5063;26588,259;
538,7435;27808,615;521,7935;26548,951;
539,0324;27908,013;522,0807;26577,386;
539,3213;28031,87;522,3679;26617,668;
539,6102;28130,189;522,6551;26588,203;
539,8991;28237,347;522,9423;26520,522;
540,1880;28356,176;523,2295;26540,97;
540,4769;28599,25;523,5166;26494,451;
540,7657;28492,638;523,8038;26467,788;
541,0546;28667,273;524,0910;26472,5;
541,3435;28759,391;524,3782;26423,993;
541,6324;28849,588;524,6654;26504,57;
541,9213;28962,421;524,9526;26540,28;
542,2102;29059,236;525,2398;26451,363;
542,4991;29096,434;525,5270;26425,465;
542,7880;29143,907;525,8142;26484,931;
543,0769;29171,705;526,1014;26409,399;
543,3658;29200,421;526,3886;26501,421;
543,6547;29323,959;526,6758;26475,598;
543,9436;29395,666;526,9629;26503,404;
544,2325;29388,643;527,2501;26455,354;
544,5214;29586,305;527,5373;26480,653;
544,8103;29793,98;527,8245;26558,139;
545,0992;29861,946;528,1117;26476,043;
545,3880;30005,658;528,3989;26507,403;
545,6769;30270,667;528,6861;26525,055;
545,9658;30416,601;528,9733;26483,122;
546,2547;30553,073;529,2605;26439,004;
546,5436;30723,359;529,5477;26458,383;
546,8325;30863,988;529,8349;26392,463;
547,1214;31102,13;530,1220;26399,514;
547,4103;31342,687;530,4092;26441,392;
547,6992;31459,841;530,6964;26543,985;
547,9881;31569,224;530,9836;26577,512;
548,2770;31735,231;531,2708;26587,324;
548,5659;31889,473;531,5580;26571,537;
548,8548;32040,07;531,8452;26569,158;
549,1437;32257,138;532,1324;26575,34;
549,4326;32455,668;532,4196;26609,912;
549,7215;32559,101;532,7068;26541,367;
550,0103;32723,387;532,9940;26560,645;
550,2992;32848,944;533,2812;26550,949;
550,5881;33051,388;533,5683;26574,625;
550,8770;33177,378;533,8555;26621,882;
551,1659;33425,914;534,1427;26660,953;
551,4548;33512,199;534,4299;26648,791;
551,7437;33843,137;534,7171;26688,371;
552,0326;34054,481;535,0043;26713,797;
552,3215;34393,669;535,2915;26671,74;
552,6104;34450,481;535,5787;26729,772;
552,8993;34693,161;535,8659;26743,172;
553,1882;34795,853;536,1531;26695,3;
553,4771;35093,038;536,4403;26699,506;
553,7660;35283,991;536,7274;26789,64;
554,0549;35528,87;537,0146;26838,159;
554,3438;35620,11;537,3018;26782,747;
554,6326;36011;537,5890;26773,437;
554,9215;36025,682;537,8762;26858,066;
555,2104;36177,842;538,1634;26889,047;
555,4993;36489,713;538,4506;26965,203;
555,7882;36630,245;538,7378;26999,429;
556,0771;36713,642;539,0250;26954,659;
556,3660;36973,167;539,3122;27001,175;
556,6549;37003,28;539,5994;27033,891;
556,9438;37263,727;539,8865;26965,813;
557,2327;37454,172;540,1737;27024,451;
557,5216;37646,377;540,4609;27048,783;
557,8105;37784,27;540,7481;27089,534;
558,0994;37927,032;541,0353;27065,792;
558,3883;38069,449;541,3225;27110,803;
558,6772;38486,738;541,6097;27103,065;
558,9661;38621,156;541,8969;27141,766;
559,2549;38660,013;542,1841;27194,554;
559,5438;38793,058;542,4713;27268,118;
559,8327;38993,873;542,7585;27228,667;
560,1216;39009,85;543,0457;27278,378;
560,4105;39163,192;543,3328;27236,525;
560,6994;39305,248;543,6200;27249,87;
560,9883;39461,215;543,9072;27244,756;
561,2772;39465,818;544,1944;27324,054;
561,5661;39669,304;544,4816;27292,812;
561,8550;39883,061;544,7688;27385,786;
562,1439;40115,446;545,0560;27332,329;
562,4328;40280,087;545,3432;27471,803;
562,7217;40514,796;545,6304;27437,808;
563,0106;40706,996;545,9176;27429,619;
563,2995;41082,896;546,2048;27520,224;
563,5884;41065,937;546,4919;27578,074;
563,8772;41305,286;546,7791;27601,955;
564,1661;41324,593;547,0663;27701,216;
564,4550;41486,581;547,3535;27702,61;
564,7439;41615,005;547,6407;27753,509;
565,0328;41756,152;547,9279;27739,229;
565,3217;41799,504;548,2151;27846,963;
565,6106;42017,231;548,5023;27887,718;
565,8995;42111,589;548,7895;27956,58;
566,1884;42243,507;549,0767;27977,336;
566,4773;42371,974;549,3639;27954,69;
566,7662;42656,714;549,6511;28073,749;
567,0551;42813,338;549,9382;28160,668;
567,3440;43008,4;550,2254;28230,68;
567,6329;43184,514;550,5126;28245,775;
567,9218;43319,143;550,7998;28296,071;
568,2107;43579,263;551,0870;28395,444;
568,4995;43765,225;551,3742;28459,991;
568,7884;43933,743;551,6614;28458,283;
569,0773;44230,871;551,9486;28545,27;
569,3662;44455,564;552,2358;28591,364;
569,6551;44667,886;552,5230;28687,76;
569,9440;44914,247;552,8102;28776,18;
570,2329;45023,617;553,0973;28819,588;
570,5218;45275,793;553,3845;28872,433;
570,8107;45573,653;553,6717;28933,484;
571,0996;45841,582;553,9589;29071,071;
571,3885;45983,088;554,2461;29175,161;
571,6774;46265,493;554,5333;29199,343;
571,9663;46482,462;554,8205;29252,381;
572,2552;46626,308;555,1077;29291,019;
572,5441;46803,124;555,3949;29378,246;
572,8330;47062,688;555,6821;29542,859;
573,1218;47295,83;555,9693;29644,144;
573,4107;47420,524;556,2565;29723,391;
573,6996;47216,976;556,5436;29727,249;
573,9885;47118,043;556,8308;29756,929;
574,2774;47193,554;557,1180;29959,598;
574,5663;47104,852;557,4052;30056,71;
574,8552;47015,141;557,6924;30139,5;
575,1441;47078,758;557,9796;30186,768;
575,4330;46858,445;558,2668;30319,976;
575,7219;46996,033;558,5540;30335,127;
576,0108;46924,842;558,8412;30403,55;
576,2997;46929,914;559,1284;30504,83;
576,5886;46717,212;559,4156;30659,711;
576,8775;46944,913;559,7027;30730,167;
577,1664;46938,827;559,9899;30905,359;
577,4553;47103,809;560,2771;31012,365;
577,7441;47036,524;560,5643;31091,301;
578,0330;47120,403;560,8515;31121,749;
578,3219;47206,451;561,1387;31246,815;
578,6108;47319,605;561,4259;31397,477;
578,8997;47278,251;561,7131;31558,552;
579,1886;47393,922;562,0003;31580,953;
579,4775;47451,31;562,2875;31714,53;
579,7664;47397,47;562,5747;31824,716;
580,0553;47446,17;562,8618;31917,028;
580,3442;47727,3;563,1490;32001,4;
580,6331;47514,27;563,4362;32070,623;
580,9220;47932,825;563,7234;32259,514;
581,2109;48112,526;564,0106;32313,256;
581,4998;48320,733;564,2978;32405,928;
581,7887;48342,883;564,5850;32652,192;
582,0776;48503,893;564,8722;32697,202;
582,3664;48446,506;565,1594;32941,42;
582,6553;48657,831;565,4466;32853,577;
582,9442;48602,837;565,7338;33148,757;
583,2331;48863,306;566,0210;33253,611;
583,5220;49046,051;566,3081;33272,994;
583,8109;49421,58;566,5953;33374,044;
584,0998;49527,811;566,8825;33523,71;
584,3887;49665,008;567,1697;33632,193;
584,6776;49755,647;567,4569;33795,041;
584,9665;49866,384;567,7441;33807,763;
585,2554;49864,695;568,0313;34066,421;
585,5443;49972,71;568,3185;34229,12;
585,8332;50097,26;568,6057;34314,281;
586,1221;50437,1;568,8929;34499,217;
586,4110;50474,209;569,1801;34759,33;
586,6999;50674,967;569,4672;34776,957;
586,9887;50730,832;569,7544;34859,129;
587,2776;50975,792;570,0416;34958,761;
587,5665;51019,558;570,3288;35124,308;
587,8554;51268,403;570,6160;35238,099;
588,1443;51142,204;570,9032;35509,498;
588,4332;51268,529;571,1904;35637,166;
588,7221;51382,028;571,4776;35672,827;
589,0110;51520,449;571,7648;35703,819;
589,2999;51577,802;572,0520;35969,984;
589,5888;51770,79;572,3392;36139,964;
589,8777;51916,375;572,6264;36204,238;
590,1666;51884,865;572,9135;36341,988;
590,4555;51936,815;573,2007;36561,341;
590,7444;52100,429;573,4879;36751,125;
591,0333;52034,644;573,7751;36830,626;
591,3222;52070,231;574,0623;36957,036;
591,6110;52178,824;574,3495;37191,223;
591,8999;52261,377;574,6367;37383,585;
592,1888;52282,739;574,9239;37506,262;
592,4777;52315,524;575,2111;37622,203;
592,7666;52428,842;575,4983;37773,889;
593,0555;52577,227;575,7855;37850,981;
593,3444;52668,625;576,0726;38001,906;
593,6333;52778,285;576,3598;38130,479;
593,9222;52716,685;576,6470;38263,998;
594,2111;52711,955;576,9342;38520,409;
594,5000;52859,067;577,2214;38630,179;
594,7889;52867,604;577,5086;38731,876;
595,0778;52914,069;577,7958;38888,275;
595,3667;52979,037;578,0830;39061,143;
595,6556;52987,355;578,3702;39231,037;
595,9445;53037,584;578,6574;39406,975;
596,2333;53102,016;578,9446;39576,641;
596,5222;53184,566;579,2317;39665,702;
596,8111;53140,409;579,5189;39862,869;
597,1000;52996,329;579,8061;40073,689;
597,3889;52983,749;580,0933;40265,238;
597,6778;53132,693;580,3805;40340,981;
597,9667;53314,987;580,6677;40477,742;
598,2556;53315,079;580,9549;40801,021;
598,5445;53387,848;581,2421;40886,403;
598,8334;53250,088;581,5293;41169,9;
599,1223;53224,595;581,8165;41303,929;
599,4112;53270,799;582,1037;41421,685;
599,7001;53439,161;582,3909;41633,958;
599,9890;53472,265;582,6780;41814,747;
600,2779;53445,117;582,9652;42036,452;
600,5668;53370,329;583,2524;42206,775;
600,8556;53456,326;583,5396;42433,907;
601,1445;53492,767;583,8268;42747,25;
601,4334;53459,25;584,1140;42908,946;
601,7223;53420,821;584,4012;43079,251;
602,0112;53386,632;584,6884;43269,759;
602,3001;53234,807;584,9756;43356,239;
602,5890;53363,951;585,2628;43733,455;
602,8779;53381,292;585,5500;43893,558;
603,1668;53494,7;585,8371;43981,021;
603,4557;53292,451;586,1243;44091,184;
603,7446;53453,014;586,4115;44235,126;
604,0335;53388,068;586,6987;44601,369;
604,3224;53400,488;586,9859;44703,804;
604,6113;53471,033;587,2731;44847,623;
604,9002;53433,537;587,5603;44936,061;
605,1891;53264,41;587,8475;44865,961;
605,4780;53233,319;588,1347;45018,322;
605,7668;53281,937;588,4219;45314,292;
606,0557;53417,424;588,7091;45380,765;
606,3446;53221,125;588,9963;45506,525;
606,6335;53253,448;589,2834;45521,887;
606,9224;53053,552;589,5706;45744,429;
607,2113;53094,865;589,8578;45829,803;
607,5002;52915,316;590,1450;45888,994;
607,7891;52805,217;590,4322;46051,776;
608,0780;52853,096;590,7194;46225,521;
608,3669;52736,258;591,0066;46323,855;
608,6558;52608,653;591,2938;46380,52;
608,9447;52783,321;591,5810;46435,508;
609,2336;52596,598;591,8682;46632,286;
609,5225;52403,884;592,1554;46801,86;
609,8114;52337,029;592,4425;46959,725;
610,1003;52146,273;592,7297;46999,107;
610,3891;52045,54;593,0169;47137,222;
610,6780;51856,595;593,3041;47395,822;
610,9669;51406,447;593,5913;47414,245;
611,2558;51577,929;593,8785;47420,872;
611,5447;51166,132;594,1657;47649,435;
611,8336;50835,772;594,4529;47709,18;
612,1225;50347,453;594,7401;47848,213;
612,4114;50135,165;595,0273;47761,741;
612,7003;49643,326;595,3145;48075,408;
612,9892;49640,76;595,6017;48018,087;
613,2781;49083,939;595,8888;48204,488;
613,5670;48744,527;596,1760;48268,52;
613,8559;48370,219;596,4632;48421,253;
614,1448;48151,18;596,7504;48401,885;
614,4337;47651,292;597,0376;48659,728;
614,7226;47462,272;597,3248;48682,255;
615,0114;46932,763;597,6120;48888,399;
615,3003;46655,298;597,8992;48853,196;
615,5892;46196,076;598,1864;49068,377;
615,8781;46037,198;598,4736;49203,356;
616,1670;45741,85;598,7608;49311,354;
616,4559;45627,228;599,0479;49246,476;
616,7448;45371,648;599,3351;49432,755;
617,0337;45250,798;599,6223;49476,163;
617,3226;45203,342;599,9095;49513,476;
617,6115;45179,866;600,1967;49658,173;
617,9004;45010,677;600,4839;49733,394;
618,1893;44906,452;600,7711;49664,513;
618,4782;44737,975;601,0583;49732,29;
618,7671;44695,525;601,3455;49777,148;
619,0560;44439,594;601,6327;49864,929;
619,3449;44250,109;601,9199;49813,554;
619,6337;43937,205;602,2070;49934,3;
619,9226;43670,518;602,4942;49965,571;
620,2115;43316,166;602,7814;50211,146;
620,5004;43035,774;603,0686;50229,772;
620,7893;42571,75;603,3558;50256,023;
621,0782;42477,503;603,6430;50383,588;
621,3671;42591,133;603,9302;50505,555;
621,6560;43226,624;604,2174;50646,415;
621,9449;44187,05;604,5046;50514,953;
622,2338;45285,677;604,7918;50467,354;
622,5227;46257,988;605,0790;50597,548;
622,8116;46847,158;605,3662;50704,707;
623,1005;47114,605;605,6533;50862,622;
623,3894;47211,679;605,9405;50892,446;
623,6783;47118,295;606,2277;50972,722;
623,9672;47252,206;606,5149;51103,339;
624,2560;47447,639;606,8021;51098,957;
624,5449;47851,725;607,0893;51132,315;
624,8338;48166,109;607,3765;51113,042;
625,1227;48247,482;607,6637;51145,089;
625,4116;48292,002;607,9509;51199,241;
625,7005;48510,594;608,2381;51185,504;
625,9894;48716,25;608,5253;51230,478;
626,2783;48765,483;608,8124;51331,02;
626,5672;48871,287;609,0996;51375,412;
626,8561;49034,457;609,3868;51393,081;
627,1450;49165,235;609,6740;51462,951;
627,4339;49250,908;609,9612;51564,335;
627,7228;49363,019;610,2484;51614,822;
628,0117;49487,345;610,5356;51508,441;
628,3006;49370,099;610,8228;51522,978;
628,5895;49516,449;611,1100;51652,246;
628,8783;49839,683;611,3972;51775,87;
629,1672;49948,715;611,6844;51865,058;
629,4561;49970,713;611,9716;51741,364;
629,7450;50050,732;612,2587;51718,672;
630,0339;50054,962;612,5459;51737,156;
630,3228;50108,497;612,8331;51645,157;
630,6117;50185,46;613,1203;51612,33;
630,9006;50488,969;613,4075;51741,226;
631,1895;50641,008;613,6947;51732,75;
631,4784;50577,789;613,9819;51707,458;
631,7673;50572,161;614,2691;51879,681;
632,0562;50695,468;614,5563;51978,958;
632,3451;50824,089;614,8435;51875,784;
632,6340;50901,467;615,1307;51803,67;
632,9229;50945,368;615,4178;51846,578;
633,2118;50945,502;615,7050;51957,085;
633,5006;50984,563;615,9922;51891,559;
633,7895;51088,776;616,2794;51834,894;
634,0784;51139,993;616,5666;51965,549;
634,3673;51227,865;616,8538;51939,234;
634,6562;51494,067;617,1410;51862,963;
634,9451;51503,574;617,4282;52000,185;
635,2340;51490,32;617,7154;51827,123;
635,5229;51617,004;618,0026;51862,302;
635,8118;51836,88;618,2898;51835,424;
636,1007;51822,095;618,5769;51796,209;
636,3896;51852,343;618,8641;51803,056;
636,6785;51877,953;619,1513;51748,052;
636,9674;51969,244;619,4385;51744,875;
637,2563;51880,353;619,7257;51820,205;
637,5452;51884,323;620,0129;51602,188;
637,8341;51921,484;620,3001;51557,375;
638,1229;52067,98;620,5873;51549,214;
638,4118;51992,168;620,8745;51596,3;
638,7007;51965,253;621,1617;51499,673;
638,9896;51993,543;621,4489;51569,888;
639,2785;52136,448;621,7361;51494,277;
639,5674;52108,093;622,0232;51467,993;
639,8563;52228,755;622,3104;51496,596;
640,1452;52134,819;622,5976;51417,773;
640,4341;52032,905;622,8848;51450,555;
640,7230;52008,082;623,1720;51344,997;
641,0119;52126,372;623,4592;51288,268;
641,3008;51912,934;623,7464;51228,282;
641,5897;51865,611;624,0336;51199,419;
641,8786;51875,111;624,3208;51144,082;
642,1675;51836,34;624,6080;51066,24;
642,4564;51726,895;624,8952;51077,587;
642,7452;51598,554;625,1823;50974,97;
643,0341;51559,997;625,4695;50969,471;
643,3230;51637,799;625,7567;51038,145;
643,6119;51404,111;626,0439;50899,577;
643,9008;51425,039;626,3311;50716,93;
644,1897;51413,082;626,6183;50779,747;
644,4786;51340,478;626,9055;50919,694;
644,7675;51199,988;627,1927;50759,743;
645,0564;51175,143;627,4799;50578,976;
645,3453;51279,66;627,7671;50422,794;
645,6342;51186,255;628,0543;50433,662;
645,9231;51087,255;628,3415;50599,467;
646,2120;50921,003;628,6286;50321,093;
646,5009;50940,894;628,9158;50093,203;
646,7898;50989,385;629,2030;50178,156;
647,0787;50579,23;629,4902;50072,828;
647,3675;50664,209;629,7774;49960,712;
647,6564;50457,545;630,0646;49953,759;
647,9453;50478,701;630,3518;49776,774;
648,2342;50400,172;630,6390;49912,025;
648,5231;50188,292;630,9262;49759,556;
648,8120;50132,618;631,2134;49715,968;
649,1009;50085,964;631,5006;49622,536;
649,3898;49952,142;631,7877;49308,074;
649,6787;50062,083;632,0749;49453,674;
649,9676;49845,41;632,3621;49558,281;
650,2565;49819,032;632,6493;49484,771;
650,5454;49700,815;632,9365;49336,273;
650,8343;49598,764;633,2237;49137,831;
651,1232;49492,421;633,5109;49001,092;
651,4121;49397,421;633,7981;48764,809;
651,7010;49196,332;634,0853;48759,299;
651,9898;49300,875;634,3725;48871,041;
652,2787;49031,985;634,6597;48752,068;
652,5676;48889,809;634,9468;48780,335;
652,8565;49016,969;635,2340;48713,032;
653,1454;48902,87;635,5212;48539,882;
653,4343;48888,354;635,8084;48493,975;
653,7232;48744,312;636,0956;48396,236;
654,0121;48664,165;636,3828;48451,877;
654,3010;48534,729;636,6700;48135,197;
654,5899;48393,955;636,9572;48322,042;
654,8788;48178,73;637,2444;48119,458;
655,1677;48197,594;637,5316;48048,225;
655,4566;48237,968;637,8188;47812,472;
655,7455;47959,259;638,1060;47838,122;
656,0344;47932,842;638,3931;47861,742;
656,3233;47829,888;638,6803;47588,98;
656,6121;47986,555;638,9675;47650,283;
656,9010;47681,128;639,2547;47426,465;
657,1899;47637,214;639,5419;47208,267;
657,4788;47380,376;639,8291;47261,04;
657,7677;47391,815;640,1163;47327,947;
658,0566;47157,364;640,4035;47150,29;
658,3455;47173,858;640,6907;47068,173;
658,6344;47216,332;640,9779;46990,948;
658,9233;47232,694;641,2651;46833,994;
659,2122;47199,357;641,5522;46772,058;
659,5011;46913,253;641,8394;46646,812;
659,7900;47011,631;642,1266;46505,276;
660,0789;46877,472;642,4138;46426,838;
660,3678;47079,621;642,7010;46291,139;
660,6567;47115,535;642,9882;46329,215;
660,9456;47022,475;643,2754;46398,216;
661,2344;47059,252;643,5626;46095,654;
661,5233;46927,722;643,8498;46114,372;
661,8122;47137,741;644,1370;46075,798;
662,1011;47017,756;644,4242;45815,416;
662,3900;47120,097;644,7114;45685,958;
662,6789;46915,261;644,9985;45721,802;
662,9678;47128,036;645,2857;45642,338;
663,2567;46891,39;645,5729;45564,701;
663,5456;47082,509;645,8601;45410,732;
663,8345;46963,266;646,1473;45244,168;
664,1234;46847,678;646,4345;45184,644;
664,4123;46753,591;646,7217;45202,435;
664,7012;46788,575;647,0089;45023,045;
664,9901;46608,944;647,2961;45022,723;
665,2790;46656,208;647,5833;44917,002;
665,5679;46405,732;647,8705;44942,657;
665,8567;46528,355;648,1576;44858,345;
666,1456;46380,204;648,4448;44643,828;
666,4345;46552,68;648,7320;44506,308;
666,7234;46347,11;649,0192;44543,313;
667,0123;46262,023;649,3064;44198,684;
667,3012;46179,149;649,5936;44160,05;
667,5901;46233,707;649,8808;44150,417;
667,8790;46194,613;650,1680;44194,961;
668,1679;46146,455;650,4552;44001,217;
668,4568;45958,681;650,7424;43836,279;
668,7457;45954,263;651,0296;43910,336;
669,0346;45932,417;651,3168;43832,559;
669,3235;46051,895;651,6039;43631,114;
669,6124;45757,127;651,8911;43640,877;
669,9013;45742,784;652,1783;43478,907;
670,1902;45793,129;652,4655;43325,095;
670,4790;45948,061;652,7527;43292,481;
670,7679;45754,059;653,0399;43176,471;
671,0568;45724,804;653,3271;43129,434;
671,3457;45765,155;653,6143;43048,871;
671,6346;45726,051;653,9015;42935,26;
671,9235;45859,45;654,1887;42848,794;
672,2124;45853,354;654,4759;42700,388;
672,5013;45544,516;654,7630;42545,144;
672,7902;45907,059;655,0502;42433,43;
673,0791;45626,617;655,3374;42361,732;
673,3680;45967,984;655,6246;42387,721;
673,6569;45871,917;655,9118;42333,487;
673,9458;45915,2;656,1990;42152,797;
674,2347;45956,365;656,4862;42076,649;
674,5236;45819,692;656,7734;41993,643;
674,8125;45802,35;657,0606;41939,636;
675,1013;45974,497;657,3478;41808,452;
675,3902;45781,113;657,6350;41673,565;
675,6791;46045,402;657,9221;41615,606;
675,9680;45669,688;658,2093;41594,981;
676,2569;45815,957;658,4965;41565,941;
676,5458;45602,107;658,7837;41407,264;
676,8347;45929,344;659,0709;41350,318;
677,1236;45770,365;659,3581;41357,001;
677,4125;45734,215;659,6453;41320,48;
677,7014;45605,278;659,9325;41251,862;
677,9903;45489,578;660,2197;41138,493;
678,2792;45754,477;660,5069;41150,584;
678,5681;45683,037;660,7941;41067,707;
678,8570;45621,335;661,0813;41060,398;
679,1459;45551,353;661,3684;41052,063;
679,4348;45478,243;661,6556;40952,666;
679,7236;45444,209;661,9428;40921,476;
680,0125;45262,383;662,2300;40889,678;
680,3014;45547,008;662,5172;40827,033;
680,5903;45279,287;662,8044;40713,094;
680,8792;45491,795;663,0916;40605,158;
681,1681;45320,547;663,3788;40660,502;
681,4570;45296,106;663,6660;40801,941;
681,7459;45269,09;663,9532;40753,896;
682,0348;45511,575;664,2404;40675,912;
682,3237;45321,166;664,5275;40613,264;
682,6126;45290,342;664,8147;40580,321;
682,9015;45255,593;665,1019;40592,807;
683,1904;45342,601;665,3891;40563,023;
683,4793;45402,545;665,6763;40652,009;
683,7682;45289,294;665,9635;40534,724;
684,0571;45280,767;666,2507;40394,116;
684,3459;45444,317;666,5379;40380,262;
684,6348;45379,874;666,8251;40461,361;
684,9237;45284,07;667,1123;40294,788;
685,2126;45340,67;667,3995;40331,84;
685,5015;45462,568;667,6867;40443,701;
685,7904;45326,796;667,9738;40342,738;
686,0793;45430,025;668,2610;40254,184;
686,3682;45201,083;668,5482;40170,74;
686,6571;45434,093;668,8354;39996,181;
686,9460;45325,137;669,1226;39936,621;
687,2349;45339,538;669,4098;39812,342;
687,5238;45373,921;669,6970;39811,422;
687,8127;45464,055;669,9842;39832,603;
688,1016;45291,384;670,2714;39716,039;
688,3905;45315,209;670,5586;39540,061;
688,6794;45231,852;670,8458;39394,73;
688,9683;45386,887;671,1329;39195,82;
689,2571;45045,507;671,4201;39001,34;
689,5460;45320,774;671,7073;38870,013;
689,8349;45409,055;671,9945;38731,11;
690,1238;45350,744;672,2817;38588,647;
690,4127;45251,711;672,5689;38522,486;
690,7016;45410,074;672,8561;38411,567;
690,9905;45400,067;673,1433;38202,481;
691,2794;45436,906;673,4305;38154,986;
691,5683;45375,763;673,7177;38075,056;
691,8572;45425,089;674,0049;37878,434;
692,1461;45364,5;674,2920;37717,226;
692,4350;45643,295;674,5792;37543,6;
692,7239;45548,092;674,8664;37429,27;
693,0128;45504,463;675,1536;37288,311;
693,3017;45358,849;675,4408;37219,837;
693,5906;45159,459;675,7280;37199,089;
693,8794;44817,478;676,0152;37044,156;
694,1683;44504,055;676,3024;36845,216;
694,4572;44187,623;676,5896;36728,238;
694,7461;43980,237;676,8768;36507,288;
695,0350;43901,478;677,1640;36463,322;
695,3239;43773,622;677,4512;36484,581;
695,6128;43527,076;677,7383;36374,789;
695,9017;43288,94;678,0255;36220,631;
696,1906;43128,586;678,3127;36218,713;
696,4795;42786,357;678,5999;36144,139;
696,7684;42656,421;678,8871;36147,763;
697,0573;42390,026;679,1743;36042,507;
697,3462;42165,404;679,4615;35865,4;
697,6351;42035,167;679,7487;35620,68;
697,9240;41699,976;680,0359;35517,641;
698,2129;41769,57;680,3231;35335,42;
698,5017;41559,645;680,6103;35219,731;
698,7906;41399,062;680,8974;35094,061;
699,0795;41113,036;681,1846;34928,905;
699,3684;40935,499;681,4718;34783,819;
699,6573;40834,556;681,7590;34643,914;
699,9462;40610,027;682,0462;34419,571;
700,2351;40442,565;682,3334;34387,328;
700,5240;40289,411;682,6206;34142,792;
700,8129;40230,023;682,9078;33972,334;
701,1018;40059,818;683,1950;33839,338;
701,3907;39887,691;683,4822;33767,172;
701,6796;39881,808;683,7694;33634,125;
701,9685;39527,26;684,0566;33491,368;
702,2574;39643,519;684,3437;33296,489;
702,5463;39405,051;684,6309;33072,319;
702,8352;39347,789;684,9181;32966,9;
703,1240;38962,091;685,2053;32805,479;
703,4129;38944,181;685,4925;32697,968;
703,7018;38620,315;685,7797;32629,06;
703,9907;38593,493;686,0669;32433,211;
704,2796;38303,897;686,3541;32275,579;
704,5685;38237,333;686,6413;32309,066;
704,8574;38043,635;686,9285;32154,688;
705,1463;37819,364;687,2157;31997,376;
705,4352;37735,8;687,5028;31893,465;
705,7241;37543,047;687,7900;31814,29;
706,0130;37119,918;688,0772;31660,378;
706,3019;37120,656;688,3644;31520,26;
706,5908;36892,042;688,6516;31405,193;
706,8797;36793,359;688,9388;31224,901;
707,1686;36523,275;689,2260;31196,037;
707,4575;36468,688;689,5132;31170,141;
707,7463;36214,104;689,8004;31035,518;
708,0352;36052,525;690,0876;30867,044;
708,3241;35728,429;690,3748;30626,589;
708,6130;35649,226;690,6619;30479,054;
708,9019;35407,814;690,9491;30434,39;
709,1908;35331,827;691,2363;30356,452;
709,4797;35110,755;691,5235;30265,864;
709,7686;34981,412;691,8107;30124,659;
710,0575;34535,931;692,0979;29968,431;
710,3464;34516,586;692,3851;29788,218;
710,6353;34395,256;692,6723;29652,981;
710,9242;34199,87;692,9595;29618,423;
711,2131;34002,814;693,2467;29419,566;
711,5020;33748,608;693,5339;29320,04;
711,7909;33474,659;693,8211;29158,121;
712,0798;33369,503;694,1082;29148,074;
712,3686;33172,602;694,3954;28985,909;
712,6575;33003,007;694,6826;28854,299;
712,9464;32710,627;694,9698;28740,412;
713,2353;32581,352;695,2570;28624,317;
713,5242;32440,753;695,5442;28546,045;
713,8131;32258,613;695,8314;28328,948;
714,1020;32011,327;696,1186;28215,127;
714,3909;31873,873;696,4058;28077,327;
714,6798;31593,834;696,6930;27933,973;
714,9687;31447,483;696,9802;27760,528;
715,2576;31244,948;697,2673;27700,012;
715,5465;31104,062;697,5545;27694,533;
715,8354;30906,004;697,8417;27526,259;
716,1243;30778,834;698,1289;27378,504;
716,4132;30461,286;698,4161;27180,675;
716,7021;30285,427;698,7033;26987,377;
716,9909;30032,619;698,9905;26900,374;
717,2798;29977,019;699,2777;26817,178;
717,5687;29799,719;699,5649;26689,182;
717,8576;29602,625;699,8521;26557,922;
718,1465;29311,778;700,1393;26383,776;
718,4354;29105,314;700,4265;26275,061;
718,7243;28961,868;700,7136;26181,61;
719,0132;28730,829;701,0008;25977,062;
719,3021;28502,882;701,2880;25742,31;
719,5910;28432,469;701,5752;25693,107;
719,8799;28284,026;701,8624;25545,15;
720,1688;28235,057;702,1496;25416,356;
720,4577;28009,594;702,4368;25305,605;
720,7466;27873,435;702,7240;25194,938;
721,0355;27815,119;703,0112;24965,327;
721,3244;27601,692;703,2984;24820,546;
721,6132;27427,07;703,5856;24737,706;
721,9021;27333,702;703,8727;24562,085;
722,1910;26915,158;704,1599;24448,643;
722,4799;26709,28;704,4471;24230,755;
722,7688;26348,623;704,7343;24202,258;
723,0577;26104,627;705,0215;24021,823;
723,3466;25894,338;705,3087;23878,972;
723,6355;25568,28;705,5959;23720,58;
723,9244;25280,311;705,8831;23535,858;
724,2133;25116,809;706,1703;23379,509;
724,5022;24874,237;706,4575;23238,81;
724,7911;24590,534;706,7447;23204,549;
725,0800;24338,597;707,0319;23057,501;
725,3689;24122,879;707,3190;22887,429;
725,6578;23872,535;707,6062;22656,377;
725,9467;23658,659;707,8934;22503,392;
726,2355;23441,684;708,1806;22423,972;
726,5244;23267,665;708,4678;22262,841;
726,8133;23059,289;708,7550;22119,1;
727,1022;22834,498;709,0422;21962,623;
727,3911;22627,584;709,3294;21820,115;
727,6800;22431,202;709,6166;21652,931;
727,9689;22237,041;709,9038;21501,116;
728,2578;22113,275;710,1910;21376,952;
728,5467;21925,713;710,4781;21203,574;
728,8356;21680,333;710,7653;21001,707;
729,1245;21470,063;711,0525;20889,313;
729,4134;21308,61;711,3397;20795,575;
729,7023;21101,329;711,6269;20705,174;
729,9912;20900,99;711,9141;20476,72;
730,2801;20713,456;712,2013;20305,017;
730,5690;20523,726;712,4885;20170,95;
730,8578;20347,711;712,7757;20051,71;
731,1467;20156,94;713,0629;19893,962;
731,4356;19885,463;713,3501;19761,25;
731,7245;19772,911;713,6372;19577,683;
732,0134;19616,724;713,9244;19502,853;
732,3023;19336,934;714,2116;19324,481;
732,5912;19131,85;714,4988;19150,243;
732,8801;18948,575;714,7860;19071,359;
733,1690;18737,634;715,0732;18853,266;
733,4579;18580,476;715,3604;18743,695;
733,7468;18413,613;715,6476;18588,269;
734,0357;18226,193;715,9348;18440,328;
734,3246;18106,196;716,2220;18279,548;
734,6135;17941,556;716,5092;18061,318;
734,9024;17780,239;716,7964;18003,75;
735,1913;17658,637;717,0835;17779,846;
735,4801;17503,419;717,3707;17755,959;
735,7690;17297,64;717,6579;17507,456;
736,0579;17085,541;717,9451;17378,634;
736,3468;16917,861;718,2323;17176,879;
736,6357;16762,943;718,5195;17069,18;
736,9246;16587,831;718,8067;16963,319;
737,2135;16425,009;719,0939;16763,296;
737,5024;16262,502;719,3811;16682,665;
737,7913;16089,057;719,6683;16620,914;
738,0802;15912,34;719,9555;16331,795;
738,3691;15771,17;720,2426;16239,274;
738,6580;15566,416;720,5298;16072,2;
738,9469;15383,713;720,8170;16031,41;
739,2358;15189,102;721,1042;15831,142;
739,5247;15047,811;721,3914;15682,829;
739,8136;14923,858;721,6786;15522,45;
740,1024;14776,763;721,9658;15438,734;
740,3913;14579,338;722,2530;15259,639;
740,6802;14433,826;722,5402;15135,997;
740,9691;14283,621;722,8274;14979,779;
741,2580;14171,501;723,1146;14870,937;
741,5469;14000,618;723,4018;14732,37;
741,8358;13869,959;723,6889;14586,392;
742,1247;13665,537;723,9761;14468,072;
742,4136;13535,876;724,2633;14281,379;
742,7025;13423,345;724,5505;14242,343;
742,9914;13272,95;724,8377;14102,409;
743,2803;13141,174;725,1249;13976,963;
743,5692;12972,054;725,4121;13822,617;
743,8581;12826,681;725,6993;13706,62;
744,1470;12688,563;725,9865;13551,642;
744,4359;12531,532;726,2737;13403,419;
744,7247;12405,152;726,5609;13321,957;
745,0136;12276,935;726,8480;13166,298;
745,3025;12169,829;727,1352;13066,901;
745,5914;12002,078;727,4224;12930,331;
745,8803;11853,947;727,7096;12801,479;
746,1692;11726,075;727,9968;12679,253;
746,4581;11589,816;728,2840;12572,475;
746,7470;11508,307;728,5712;12456,248;
747,0359;11393,282;728,8584;12323,809;
747,3248;11217,969;729,1456;12214,74;
747,6137;11103,977;729,4328;12104,934;
747,9026;10996,302;729,7200;11997,714;
748,1915;10899,679;730,0071;11886,928;
748,4804;10757,897;730,2943;11726,859;
748,7693;10644,146;730,5815;11600,835;
749,0582;10590,485;730,8687;11522,896;
749,3470;10438,436;731,1559;11378,941;
749,6359;10290,139;731,4431;11283,348;
749,9248;10237,787;731,7303;11169,691;
750,2137;10121,04;732,0175;11065,554;
750,5026;10009,537;732,3047;10948,158;
750,7915;9940,8085;732,5919;10833,43;
751,0804;9823,506;732,8791;10701,366;
751,3693;9730,878;733,1663;10607,122;
751,6582;9661,0057;733,4534;10510,339;
751,9471;9534,253;733,7406;10414,735;
752,2360;9441,4841;734,0278;10324,964;
752,5249;9351,4866;734,3150;10210,291;
752,8138;9276,1831;734,6022;10131,381;
753,1027;9197,3538;734,8894;10016,538;
753,3916;9166,8289;735,1766;9887,4965;
753,6805;9069,5464;735,4638;9778,4984;
753,9693;9009,9877;735,7510;9638,2419;
754,2582;8906,2978;736,0382;9558,9419;
754,5471;8835,5125;736,3254;9478,8509;
754,8360;8751,6775;736,6125;9357,0629;
755,1249;8691,9378;736,8997;9277,9237;
755,4138;8624,2451;737,1869;9208,4037;
755,7027;8603,6431;737,4741;9107,6816;
755,9916;8534,1435;737,7613;9011,4295;
756,2805;8476,6702;738,0485;8927,4167;
756,5694;8419,5691;738,3357;8838,4595;
756,8583;8404,7283;738,6229;8732,1235;
757,1472;8296,1188;738,9101;8640,6032;
757,4361;8293,2204;739,1973;8557,9775;
757,7250;8233,6147;739,4845;8451,4639;
758,0139;8234,7984;739,7717;8367,3358;
758,3028;8215,8031;740,0588;8286,7324;
758,5916;8213,5739;740,3460;8183,4061;
758,8805;8143,3967;740,6332;8095,1113;
759,1694;8131,2829;740,9204;8010,9627;
759,4583;8138,6953;741,2076;7917,6908;
759,7472;8142,7418;741,4948;7830,065;
760,0361;8078,5493;741,7820;7740,2999;
760,3250;8108,8056;742,0692;7645,1745;
760,6139;8086,9163;742,3564;7580,1816;
760,9028;8107,1867;742,6436;7488,8738;
761,1917;8094,6705;742,9308;7395,8636;
761,4806;8081,9163;743,2179;7308,7602;
761,7695;8112,2156;743,5051;7217,6318;
762,0584;8161,6019;743,7923;7153,8145;
762,3473;8167,8657;744,0795;7084,9947;
762,6362;8163,1518;744,3667;7017,5475;
762,9251;8172,3409;744,6539;6946,8361;
763,2139;8201,0209;744,9411;6847,7309;
763,5028;8216,6424;745,2283;6767,3738;
763,7917;8231,1596;745,5155;6701,7701;
764,0806;8246,214;745,8027;6637,8008;
764,3695;8271,2297;746,0899;6570,5159;
764,6584;8314,0635;746,3770;6479,4209;
764,9473;8357,398;746,6642;6403,1887;
765,2362;8362,9805;746,9514;6360,9568;
765,5251;8413,3122;747,2386;6289,4636;
765,8140;8463,3541;747,5258;6239,8514;
766,1029;8496,5346;747,8130;6167,1763;
766,3918;8533,0824;748,1002;6088,4163;
766,6807;8577,1985;748,3874;6017,362;
766,9696;8657,2931;748,6746;5960,8013;
767,2585;8722,8721;748,9618;5921,4697;
767,5474;8733,1472;749,2490;5856,9858;
767,8362;8791,4692;749,5362;5801,347;
768,1251;8865,2446;749,8233;5744,4224;
768,4140;8898,1548;750,1105;5680,0659;
768,7029;8951,8455;750,3977;5604,5531;
768,9918;9046,7508;750,6849;5582,7216;
769,2807;9112,4496;750,9721;5534,3584;
769,5696;9158,3442;751,2593;5479,7499;
769,8585;9219,1434;751,5465;5439,4925;
770,1474;9288,6875;751,8337;5379,6629;
770,4363;9348,1316;752,1209;5329,5913;
770,7252;9415,9975;752,4081;5289,5842;
771,0141;9512,2013;752,6953;5265,0013;
771,3030;9568,1176;752,9824;5201,1691;
771,5919;9636,3338;753,2696;5162,6354;
771,8808;9690,7691;753,5568;5138,1662;
772,1697;9770,0432;753,8440;5105,8589;
772,4585;9831,1557;754,1312;5066,6884;
772,7474;9941,0166;754,4184;5030,749;
773,0363;10021,686;754,7056;5008,1077;
773,3252;10081,237;754,9928;4971,6877;
773,6141;10109,755;755,2800;4930,9751;
773,9030;10239,87;755,5672;4912,3752;
774,1919;10316,662;755,8544;4887,3761;
774,4808;10368,291;756,1416;4872,6003;
774,7697;10416,012;756,4287;4821,9168;
775,0586;10546,985;756,7159;4803,8873;
775,3475;10650,777;757,0031;4806,6844;
775,6364;10744,481;757,2903;4794,68;
775,9253;10823,953;757,5775;4783,9277;
776,2142;10897,768;757,8647;4737,0416;
776,5031;10953,426;758,1519;4735,4699;
776,7920;11076,783;758,4391;4759,2424;
777,0809;11102,785;758,7263;4722,391;
777,3697;11133,222;759,0135;4717,838;
777,6586;11262,554;759,3007;4715,3965;
777,9475;11327,881;759,5878;4703,0033;
778,2364;11412,486;759,8750;4713,3391;
778,5253;11472,368;760,1622;4689,834;
778,8142;11582,835;760,4494;4678,8418;
779,1031;11669,471;760,7366;4717,5952;
779,3920;11680,041;761,0238;4718,8434;
779,6809;11805,06;761,3110;4725,8918;
779,9698;11865,796;761,5982;4750,4955;
780,2587;11992,934;761,8854;4759,4418;
780,5476;11987,003;762,1726;4752,0419;
780,8365;12050,477;762,4598;4780,4607;
781,1254;12106,043;762,7470;4777,2148;
781,4143;12240,908;763,0341;4784,4984;
781,7032;12332,257;763,3213;4806,1277;
781,9920;12367,909;763,6085;4821,1251;
782,2809;12367,57;763,8957;4858,2866;
782,5698;12521,113;764,1829;4887,2595;
782,8587;12578,965;764,4701;4896,8925;
783,1476;12622,898;764,7573;4936,7848;
783,4365;12685,811;765,0445;4956,7396;
783,7254;12741,442;765,3317;4973,6861;
784,0143;12801,673;765,6189;5008,6597;
784,3032;12894,889;765,9061;5043,1192;
784,5921;12923,003;766,1932;5077,979;
784,8810;12977,617;766,4804;5096,9676;
785,1699;13019,871;766,7676;5121,6892;
785,4588;13100,253;767,0548;5164,1844;
785,7477;13119,578;767,3420;5207,5267;
786,0366;13195,461;767,6292;5242,126;
786,3255;13253,366;767,9164;5272,249;
786,6143;13316,166;768,2036;5302,9882;
786,9032;13355,963;768,4908;5339,3558;
787,1921;13455,803;768,7780;5379,4887;
787,4810;13466,384;769,0652;5424,9442;
787,7699;13564,394;769,3523;5472,4895;
788,0588;13566,005;769,6395;5503,6311;
788,3477;13628,08;769,9267;5548,8973;
788,6366;13700,171;770,2139;5604,122;
788,9255;13791,724;770,5011;5638,8098;
789,2144;13830,735;770,7883;5683,0968;
789,5033;13890,324;771,0755;5721,4849;
789,7922;13944,276;771,3627;5781,749;
790,0811;13974,446;771,6499;5834,1104;
790,3700;13974,694;771,9371;5859,5932;
790,6589;13934,79;772,2243;5903,0258;
790,9478;13913,251;772,5115;5945,9141;
791,2366;13947,029;772,7986;5971,212;
791,5255;13939,638;773,0858;6036,8349;
791,8144;13931,73;773,3730;6064,5319;
792,1033;13939,612;773,6602;6121,8818;
792,3922;13974,398;773,9474;6166,3247;
792,6811;13993,689;774,2346;6203,8031;
792,9700;13933,25;774,5218;6273,4243;
793,2589;13913,603;774,8090;6312,7269;
793,5478;13935,848;775,0962;6351,2408;
793,8367;13957,418;775,3834;6407,4869;
794,1256;13942,9;775,6706;6409,4217;
794,4145;13980,789;775,9577;6459,9188;
794,7034;14018,921;776,2449;6523,8103;
794,9923;13926,787;776,5321;6586,5446;
795,2812;13888,206;776,8193;6609,9481;
795,5701;13938,02;777,1065;6652,8825;
795,8589;13950,271;777,3937;6678,3432;
796,1478;13982,03;777,6809;6735,1101;
796,4367;13953,587;777,9681;6788,5102;
796,7256;13918,672;778,2553;6819,2302;
797,0145;13916,932;778,5425;6874,791;
797,3034;13917,378;778,8297;6916,3889;
797,5923;13884,945;779,1169;6966,1794;
797,8812;13924,72;779,4040;6990,5113;
798,1701;13899,583;779,6912;7014,9467;
798,4590;13855,364;779,9784;7062,7772;
798,7479;13853,19;780,2656;7080,2737;
799,0368;13840,616;780,5528;7132,5263;
799,3257;13843,119;780,8400;7214,1677;
799,6146;13783,08;781,1272;7226,58;
799,9035;13767,026;781,4144;7231,298;
800,1924;13798,951;781,7016;7278,4357;
800,4812;13732,372;781,9888;7292,1613;
800,7701;13745,645;782,2760;7347,403;
801,0590;13738,574;782,5631;7364,4337;
801,3479;13754,639;782,8503;7424,2621;
801,6368;13679,601;783,1375;7443,3687;
801,9257;13739,224;783,4247;7437,3838;
802,2146;13671,86;783,7119;7472,4521;
802,5035;13718,621;783,9991;7504,5776;
802,7924;13657,014;784,2863;7534,2578;
803,0813;13685,911;784,5735;7580,643;
803,3702;13687,188;784,8607;7589,545;
803,6591;13671,961;785,1479;7620,9306;
803,9480;13591,786;785,4351;7634,6505;
804,2369;13631,578;785,7222;7659,7966;
804,5258;13508,617;786,0094;7678,2222;
804,8147;13508,045;786,2966;7716,7661;
805,1035;13443,003;786,5838;7733,8222;
805,3924;13349,255;786,8710;7759,8528;
805,6813;13302,878;787,1582;7751,8603;
805,9702;13275,658;787,4454;7763,3085;
806,2591;13224,28;787,7326;7807,9483;
806,5480;13174,11;788,0198;7847,6441;
806,8369;13107,174;788,3070;7857,3096;
807,1258;13053,489;788,5942;7838,7435;
807,4147;13007,684;788,8814;7852,4618;
807,7036;12909,492;789,1685;7874,3034;
807,9925;12849,227;789,4557;7918,7429;
808,2814;12783,783;789,7429;7918,0504;
808,5703;12659,302;790,0301;7894,241;
808,8592;12628,483;790,3173;7905,0465;
809,1481;12580,291;790,6045;7910,6413;
809,4370;12616,609;790,8917;7911,5345;
809,7258;12548,538;791,1789;7926,6319;
810,0147;12533,729;791,4661;7923,832;
810,3036;12505,153;791,7533;7917,8241;
810,5925;12463,616;792,0405;7935,4411;
810,8814;12429,48;792,3276;7963,5873;
811,1703;12395,145;792,6148;7958,0369;
811,4592;12343,48;792,9020;7947,6739;
811,7481;12336,726;793,1892;7936,8935;
812,0370;12318,211;793,4764;7946,271;
812,3259;12298,733;793,7636;7918,1885;
812,6148;12200,299;794,0508;7928,914;
812,9037;12134,079;794,3380;7935,8758;
813,1926;12118,303;794,6252;7930,5577;
813,4815;12093,405;794,9124;7919,6664;
813,7704;12018,124;795,1996;7928,6588;
814,0593;11959,496;795,4868;7914,0025;
814,3481;11917,091;795,7739;7909,4776;
814,6370;11845,222;796,0611;7905,3616;
814,9259;11747,894;796,3483;7918,9826;
815,2148;11656,008;796,6355;7907,5538;
815,5037;11631,857;796,9227;7898,5462;
815,7926;11565,751;797,2099;7860,1239;
816,0815;11444,859;797,4971;7857,4241;
816,3704;11363,553;797,7843;7816,0452;
816,6593;11303,085;798,0715;7829,6233;
816,9482;11233,763;798,3587;7820,7874;
817,2371;11139,941;798,6459;7818,2477;
817,5260;11094,878;798,9330;7735,276;
817,8149;11023,62;799,2202;7798,6316;
818,1038;10961,865;799,5074;7747,0817;
818,3927;10950,124;799,7946;7750,6176;
818,6816;10852,367;800,0818;7703,9488;
818,9704;10773,237;800,3690;7695,7039;
819,2593;10685,311;800,6562;7698,2797;
819,5482;10631,826;800,9434;7700,7383;
819,8371;10586,376;801,2306;7666,4524;
820,1260;10495,028;801,5178;7663,5;
820,4149;10410,561;801,8050;7599,2606;
820,7038;10407,595;802,0922;7560,3966;
820,9927;10257,509;802,3793;7568,6864;
821,2816;10271,658;802,6665;7543,0398;
821,5705;10158,025;802,9537;7490,7587;
821,8594;10142,594;803,2409;7478,8872;
822,1483;10003,039;803,5281;7416,4089;
822,4372;9984,9007;803,8153;7404,3316;
822,7261;9924,9284;804,1025;7344,9749;
823,0150;9830,8641;804,3897;7355,0141;
823,3039;9754,136;804,6769;7314,6075;
823,5927;9672,072;804,9641;7291,9472;
823,8816;9602,587;805,2513;7280,322;
824,1705;9547,7823;805,5384;7226,5504;
824,4594;9468,6197;805,8256;7210,8636;
824,7483;9422,0463;806,1128;7177,6864;
825,0372;9306,2385;806,4000;7151,1734;
825,3261;9262,9187;806,6872;7113,5873;
825,6150;9213,7606;806,9744;7065,5004;
825,9039;9119,0732;807,2616;7053,3583;
826,1928;9044,6889;807,5488;7015,1552;
826,4817;9016,7709;807,8360;6989,9362;
826,7706;8965,2407;808,1232;6974,3749;
827,0595;8874,7355;808,4104;6938,4328;
827,3484;8819,71;808,6975;6906,688;
827,6373;8747,8136;808,9847;6884,1909;
827,9262;8665,9442;809,2719;6870,8774;
828,2150;8636,5456;809,5591;6835,9735;
828,5039;8552,0686;809,8463;6803,1958;
828,7928;8488,3735;810,1335;6786,0374;
829,0817;8445,7107;810,4207;6761,1776;
829,3706;8382,4344;810,7079;6743,724;
829,6595;8313,7653;810,9951;6719,571;
829,9484;8271,0529;811,2823;6682,1793;
830,2373;8206,0382;811,5695;6676,4659;
830,5262;8160,5251;811,8567;6640,4611;
830,8151;8096,5765;812,1438;6612,2237;
831,1040;8008,4342;812,4310;6558,2948;
831,3929;7934,9287;812,7182;6543,981;
831,6818;7850,4127;813,0054;6519,0832;
831,9707;7801,9756;813,2926;6508,1734;
832,2596;7740,2563;813,5798;6478,5358;
832,5485;7694,1478;813,8670;6439,3831;
832,8373;7615,7182;814,1542;6408,6846;
833,1262;7563,6102;814,4414;6391,7754;
833,4151;7523,3021;814,7286;6313,7068;
833,7040;7446,1342;815,0158;6274,0785;
833,9929;7376,734;815,3029;6227,2452;
834,2818;7317,3891;815,5901;6177,4022;
834,5707;7242,7422;815,8773;6135,9425;
834,8596;7185,2198;816,1645;6120,8103;
835,1485;7090,3992;816,4517;6083,0682;
835,4374;7050,6851;816,7389;6028,1108;
835,7263;7007,6094;817,0261;5992,6946;
836,0152;6942,6881;817,3133;5947,9676;
836,3041;6893,4589;817,6005;5888,0705;
836,5930;6819,379;817,8877;5854,6799;
836,8819;6817,1229;818,1749;5810,6781;
837,1708;6743,7488;818,4621;5759,2837;
837,4596;6660,2018;818,7492;5696,2656;
837,7485;6617,2318;819,0364;5685,8355;
838,0374;6567,9214;819,3236;5625,2422;
838,3263;6497,31;819,6108;5566,9877;
838,6152;6423,712;819,8980;5527,0203;
838,9041;6340,4405;820,1852;5479,5072;
839,1930;6252,4608;820,4724;5459,2872;
839,4819;6224,1371;820,7596;5384,0561;
839,7708;6142,0899;821,0468;5342,5798;
840,0597;6016,6477;821,3340;5304,7991;
840,3486;5960,4186;821,6212;5245,7171;
840,6375;5909,1933;821,9083;5222,1743;
840,9264;5848,8834;822,1955;5167,6872;
841,2153;5768,7978;822,4827;5130,6316;
841,5042;5729,5684;822,7699;5087,6632;
841,7931;5648,5895;823,0571;5055,4417;
842,0819;5579,9999;823,3443;5026,8724;
842,3708;5531,2319;823,6315;4973,3372;
842,6597;5463,9495;823,9187;4925,6509;
842,9486;5415,2178;824,2059;4881,9332;
843,2375;5341,4304;824,4931;4831,9326;
843,5264;5288,5149;824,7803;4780,361;
843,8153;5225,028;825,0674;4732,8274;
844,1042;5154,6661;825,3546;4688,669;
844,3931;5093,3788;825,6418;4658,5355;
844,6820;5053,0446;825,9290;4631,0371;
844,9709;4991,4085;826,2162;4586,8874;
845,2598;4922,6681;826,5034;4545,0575;
845,5487;4879,5345;826,7906;4503,3738;
845,8376;4821,2096;827,0778;4453,7168;
846,1265;4753,9558;827,3650;4432,2479;
846,4154;4715,0213;827,6522;4380,8341;
846,7042;4659,3594;827,9394;4338,5845;
846,9931;4583,4792;828,2266;4296,9176;
847,2820;4514,5532;828,5137;4256,867;
847,5709;4459,6568;828,8009;4220,6691;
847,8598;4409,888;829,0881;4191,8759;
848,1487;4350,4621;829,3753;4142,5402;
848,4376;4307,4955;829,6625;4092,4001;
848,7265;4256,5008;829,9497;4069,8331;
849,0154;4230,2357;830,2369;4033,618;
849,3043;4188,9758;830,5241;3985,1722;
849,5932;4119,7596;830,8113;3967,1721;
849,8821;4054,398;831,0985;3910,1127;
850,1710;3972,5487;831,3857;3864,1106;
850,4599;3946,9967;831,6728;3826,0023;
850,7488;3887,6513;831,9600;3802,8025;
851,0377;3834,2093;832,2472;3760,0471;
851,3265;3783,6628;832,5344;3735,4415;
851,6154;3737,3682;832,8216;3679,0113;
851,9043;3685,2778;833,1088;3652,4998;
852,1932;3613,2853;833,3960;3607,5526;
852,4821;3574,1662;833,6832;3571,7459;
852,7710;3525,0039;833,9704;3531,4126;
853,0599;3482,9062;834,2576;3468,9503;
853,3488;3435,3773;834,5448;3430,95;
853,6377;3409,4937;834,8320;3421,2243;
853,9266;3338,3029;835,1191;3370,2228;
854,2155;3304,089;835,4063;3351,7579;
854,5044;3261,6271;835,6935;3306,3307;
854,7933;3220,9998;835,9807;3269,281;
855,0822;3168,7898;836,2679;3223,8787;
855,3711;3113,126;836,5551;3202,2155;
855,6600;3083,7898;836,8423;3168,9564;
855,9488;3041,0864;837,1295;3132,3657;
856,2377;3005,4465;837,4167;3092,7299;
856,5266;2967,4974;837,7039;3065,9273;
856,8155;2905,5468;837,9911;3030,8414;
857,1044;2869,0089;838,2782;2998,1388;
857,3933;2826,5142;838,5654;2959,1727;
857,6822;2790,6607;838,8526;2915,3422;
857,9711;2749,9779;839,1398;2881,4765;
858,2600;2705,082;839,4270;2845,0736;
858,5489;2670,81;839,7142;2808,8602;
858,8378;2635,5278;840,0014;2790,075;
859,1267;2598,7115;840,2886;2755,6741;
859,4156;2563,0156;840,5758;2720,9469;
859,7045;2519,7986;840,8630;2689,6375;
859,9934;2469,356;841,1502;2662,0676;
860,2823;2439,2428;841,4373;2627,1271;
860,5712;2410,8309;841,7245;2579,8772;
860,8600;2375,5507;842,0117;2557,9294;
861,1489;2328,2925;842,2989;2527,0354;
861,4378;2316,7327;842,5861;2501,9728;
861,7267;2268,9801;842,8733;2459,6026;
862,0156;2235,0161;843,1605;2421,716;
862,3045;2191,3761;843,4477;2407,7545;
862,5934;2164,3017;843,7349;2371,8219;
862,8823;2122,1111;844,0221;2328,5418;
863,1712;2104,0714;844,3093;2310,083;
863,4601;2100,0314;844,5965;2267,85;
863,7490;2037,9194;844,8836;2252,4655;
864,0379;2010,4032;845,1708;2215,6011;
864,3268;1977,0625;845,4580;2184,5803;
864,6157;1946,2471;845,7452;2147,2761;
864,9046;1920,3377;846,0324;2130,6561;
865,1935;1878,1542;846,3196;2095,4755;
865,4823;1880,6285;846,6068;2071,4577;
865,7712;1848,6018;846,8940;2029,5194;
866,0601;1839,8836;847,1812;2015,4383;
866,3490;1809,8383;847,4684;1988,6646;
866,6379;1775,5161;847,7556;1965,0587;
866,9268;1760,4073;848,0427;1936,5091;
867,2157;1728,7984;848,3299;1900,1522;
867,5046;1704,3682;848,6171;1880,2285;
867,7935;1679,5662;848,9043;1853,654;
868,0824;1659,4069;849,1915;1825,1793;
868,3713;1634,8638;849,4787;1791,8689;
868,6602;1607,3681;849,7659;1761,2434;
868,9491;1588,7593;850,0531;1743,1889;
869,2380;1552,7451;850,3403;1713,3724;
869,5269;1539,1559;850,6275;1686,8958;
869,8158;1511,2638;850,9147;1661,6817;
870,1046;1489,6561;851,2019;1636,269;
870,3935;1476,3582;851,4890;1605,4477;
870,6824;1454,3912;851,7762;1576,4808;
870,9713;1440,7641;852,0634;1555,6691;
871,2602;1427,6218;852,3506;1539,2105;
871,5491;1413,0405;852,6378;1512,8631;
871,8380;1398,6597;852,9250;1484,2005;
872,1269;1369,0258;853,2122;1464,5405;
872,4158;1356,4901;853,4994;1443,418;
872,7047;1347,6179;853,7866;1423,6998;
872,9936;1330,6509;854,0738;1398,7096;
873,2825;1318,962;854,3610;1381,1778;
873,5714;1298,2952;854,6481;1353,8007;
873,8603;1301,0629;854,9353;1337,3521;
874,1492;1290,9965;855,2225;1318,4198;
874,4381;1283,9843;855,5097;1289,4405;
874,7269;1278,1691;855,7969;1266,6476;
875,0158;1277,9193;856,0841;1239,842;
875,3047;1284,8494;856,3713;1220,7582;
875,5936;1269,9041;856,6585;1214,2411;
875,8825;1261,6699;856,9457;1191,9901;
876,1714;1263,779;857,2329;1171,7566;
876,4603;1258,1747;857,5201;1143,4773;
876,7492;1258,7652;857,8073;1123,2512;
877,0381;1247,0719;858,0944;1113,9373;
877,3270;1254,4009;858,3816;1079,7098;
877,6159;1222,7209;858,6688;1072,6113;
877,9048;1214,8631;858,9560;1052,7757;
878,1937;1211,308;859,2432;1033,4502;
878,4826;1213,2767;859,5304;1016,4478;
878,7715;1194,1224;859,8176;1003,904;
879,0604;1191,2886;860,1048;985,34768;
879,3492;1194,1851;860,3920;961,12362;
879,6381;1184,2977;860,6792;946,49429;
879,9270;1183,4253;860,9664;926,85551;
880,2159;1186,9515;861,2535;914,61765;
880,5048;1181,8344;861,5407;900,32857;
880,7937;1180,5648;861,8279;894,48267;
881,0826;1186,8685;862,1151;873,39794;
881,3715;1192,7182;862,4023;856,65601;
881,6604;1191,3441;862,6895;847,5555;
881,9493;1187,7459;862,9767;829,76349;
882,2382;1189,199;863,2639;817,5262;
882,5271;1196,5263;863,5511;801,36062;
882,8160;1199,1841;863,8383;786,83924;
883,1049;1211,8921;864,1255;774,56777;
883,3938;1213,4376;864,4126;756,34503;
883,6827;1199,9409;864,6998;744,60277;
883,9715;1204,908;864,9870;734,04229;
884,2604;1228,7154;865,2742;717,41415;
884,5493;1231,3302;865,5614;705,07265;
884,8382;1229,8338;865,8486;695,88747;
885,1271;1237,4945;866,1358;691,15002;
885,4160;1248,4853;866,4230;685,39998;
885,7049;1248,881;866,7102;670,28158;
885,9938;1258,8821;866,9974;658,65577;
886,2827;1267,0543;867,2846;642,41266;
886,5716;1263,4318;867,5718;633,03116;
886,8605;1293,8489;867,8589;626,68482;
887,1494;1287,1021;868,1461;620,62425;
887,4383;1297,703;868,4333;617,99547;
887,7272;1300,1451;868,7205;591,97783;
888,0161;1331,4295;869,0077;582,58424;
888,3050;1317,0458;869,2949;573,99506;
888,5938;1319,3249;869,5821;587,06978;
888,8827;1326,335;869,8693;566,07749;
889,1716;1356,6398;870,1565;567,8879;
889,4605;1344,2157;870,4437;557,63649;
889,7494;1357,3342;870,7309;546,77159;
890,0383;1380,3693;871,0180;540,16777;
890,3272;1384,7557;871,3052;537,87952;
890,6161;1403,1507;871,5924;531,14493;
890,9050;1434,396;871,8796;526,32368;
891,1939;1445,7035;872,1668;515,60253;
891,4828;1452,8897;872,4540;520,04041;
891,7717;1468,7951;872,7412;522,41798;
892,0606;1495,7665;873,0284;514,18275;
892,3495;1516,1383;873,3156;504,53802;
892,6384;1528,5268;873,6028;501,87927;
892,9273;1538,7247;873,8900;494,95255;
893,2161;1555,8013;874,1772;496,13046;
893,5050;1576,3867;874,4643;488,27369;
893,7939;1594,6537;874,7515;482,49538;
894,0828;1623,4049;875,0387;481,6924;
894,3717;1646,522;875,3259;479,32145;
894,6606;1646,6143;875,6131;475,69747;
894,9495;1656,3821;875,9003;471,62672;
895,2384;1685,1364;876,1875;467,70172;
895,5273;1683,1423;876,4747;461,46185;
895,8162;1708,7922;876,7619;460,53173;
896,1051;1723,4834;877,0491;457,28959;
896,3940;1771,3315;877,3363;467,35134;
896,6829;1772,9524;877,6234;460,20335;
896,9718;1793,5356;877,9106;461,17611;
897,2607;1804,4081;878,1978;463,75197;
897,5496;1830,4224;878,4850;470,52223;
897,8384;1858,4235;878,7722;463,71036;
898,1273;1866,5476;879,0594;467,43608;
898,4162;1932,6897;879,3466;456,6842;
898,7051;1911,0232;879,6338;476,20908;
898,9940;1943,7588;879,9210;469,77549;
899,2829;1957,1449;880,2082;476,23575;
899,5718;1986,1736;880,4954;474,17746;
899,8607;2032,0912;880,7825;480,27757;
900,1496;2030,5186;881,0697;482,23221;
900,4385;2058,8921;881,3569;473,52949;
900,7274;2083,3311;881,6441;479,00383;
901,0163;2108,501;881,9313;484,28152;
901,3052;2126,3545;882,2185;490,45126;
901,5941;2155,8494;882,5057;494,6189;
901,8830;2193,3926;882,7929;496,2548;
902,1719;2224,1225;883,0801;497,88009;
902,4607;2231,6157;883,3673;498,53285;
902,7496;2254,2517;883,6545;507,54427;
903,0385;2290,23;883,9417;515,37549;
903,3274;2298,7842;884,2288;514,79899;
903,6163;2304,4294;884,5160;518,14571;
903,9052;2328,6223;884,8032;523,43425;
904,1941;2337,3793;885,0904;531,00311;
904,4830;2355,9811;885,3776;539,99622;
904,7719;2370,6954;885,6648;545,57902;
905,0608;2382,3374;885,9520;554,23128;
905,3497;2404,4486;886,2392;562,40091;
905,6386;2432,561;886,5264;560,09584;
905,9275;2434,3812;886,8136;561,97051;
906,2164;2451,7981;887,1008;565,82184;
906,5053;2482,0688;887,3879;578,50128;
906,7942;2493,1106;887,6751;581,2429;
907,0830;2530,9151;887,9623;594,30152;
907,3719;2533,0599;888,2495;587,99163;
907,6608;2557,8749;888,5367;601,33759;
907,9497;2542,5498;888,8239;608,01261;
908,2386;2584,7149;889,1111;612,5968;
908,5275;2603,7926;889,3983;620,65132;
908,8164;2608,9947;889,6855;630,36794;
909,1053;2623,2807;889,9727;633,36735;
909,3942;2634,3094;890,2599;634,83164;
909,6831;2664,884;890,5471;638,49075;
909,9720;2670,1723;890,8342;647,93233;
910,2609;2683,8237;891,1214;655,11581;
910,5498;2670,584;891,4086;664,12817;
910,8387;2685,3936;891,6958;664,13974;
911,1276;2703,6465;891,9830;665,28123;
911,4165;2720,0173;892,2702;676,94937;
911,7053;2726,521;892,5574;671,96451;
911,9942;2734,2036;892,8446;679,76193;
912,2831;2745,2904;893,1318;685,37135;
912,5720;2748,5499;893,4190;693,60056;
912,8609;2763,7491;893,7062;696,11556;
913,1498;2771,9608;893,9933;696,09083;
913,4387;2770,4694;894,2805;699,15321;
913,7276;2777,7234;894,5677;704,60247;
914,0165;2796,8229;894,8549;710,27057;
914,3054;2785,3627;895,1421;714,7078;
914,5943;2785,5996;895,4293;719,35671;
914,8832;2803,0968;895,7165;718,36731;
915,1721;2802,3726;896,0037;718,79544;
915,4610;2802,8776;896,2909;717,23685;
915,7499;2823,6708;896,5781;723,94357;
916,0388;2820,9047;896,8653;732,40319;
916,3276;2822,3288;897,1524;733,15811;
916,6165;2843,4763;897,4396;737,16677;
916,9054;2830,5964;897,7268;736,72272;
917,1943;2820,6639;898,0140;744,15491;
917,4832;2840,655;898,3012;743,39833;
917,7721;2842,0636;898,5884;750,4712;
918,0610;2836,701;898,8756;755,33986;
918,3499;2861,3288;899,1628;769,14159;
918,6388;2816,0186;899,4500;765,01347;
918,9277;2842,7255;899,7372;778,97715;
919,2166;2856,4568;900,0244;776,38135;
919,5055;2839,9181;900,3116;774,47805;
919,7944;2850,2824;900,5987;785,59811;
920,0833;2863,6409;900,8859;787,0244;
920,3722;2845,2072;901,1731;787,59923;
920,6611;2850,7914;901,4603;800,21349;
920,9499;2852,9676;901,7475;797,69353;
921,2388;2850,2487;902,0347;796,81321;
921,5277;2847,9278;902,3219;807,90871;
921,8166;2854,6621;902,6091;811,72649;
922,1055;2860,7704;902,8963;812,03801;
922,3944;2861,6402;903,1835;811,74944;
922,6833;2867,3517;903,4707;811,08086;
922,9722;2857,7965;903,7578;827,88123;
923,2611;2834,9179;904,0450;832,2831;
923,5500;2833,3108;904,3322;832,80158;
923,8389;2828,9364;904,6194;838,06234;
924,1278;2843,1047;904,9066;842,86888;
924,4167;2847,7788;905,1938;844,96492;
924,7056;2822,1359;905,4810;848,62661;
924,9945;2829,083;905,7682;850,09329;
925,2834;2833,433;906,0554;859,54983;
925,5722;2831,2638;906,3426;859,38563;
925,8611;2823,7909;906,6298;854,39407;
926,1500;2815,7511;906,9170;861,53125;
926,4389;2821,995;907,2041;865,17833;
926,7278;2814,4693;907,4913;866,86737;
927,0167;2822,311;907,7785;869,54274;
927,3056;2806,5365;908,0657;877,7607;
927,5945;2804,069;908,3529;880,25089;
927,8834;2807,1047;908,6401;887,96827;
928,1723;2780,9649;908,9273;885,40469;
928,4612;2791,2887;909,2145;886,87564;
928,7501;2788,4256;909,5017;885,3486;
929,0390;2780,8325;909,7889;892,22975;
929,3279;2763,0333;910,0761;890,89055;
929,6168;2767,506;910,3632;902,8061;
929,9057;2753,0752;910,6504;905,3549;
930,1945;2756,4265;910,9376;896,33608;
930,4834;2752,2686;911,2248;894,3795;
930,7723;2763,779;911,5120;898,75377;
931,0612;2751,5206;911,7992;894,52988;
931,3501;2728,3381;912,0864;900,47149;
931,6390;2716,3561;912,3736;902,74896;
931,9279;2710,5701;912,6608;912,98646;
932,2168;2702,1062;912,9480;913,89571;
932,5057;2690,8796;913,2352;917,40879;
932,7946;2708,9034;913,5224;920,65407;
933,0835;2693,5511;913,8095;917,56273;
933,3724;2693,7874;914,0967;912,73519;
933,6613;2695,474;914,3839;913,3213;
933,9502;2686,1501;914,6711;918,68231;
934,2391;2683,4352;914,9583;913,90197;
934,5280;2700,1484;915,2455;919,0734;
934,8168;2681,6621;915,5327;919,05697;
935,1057;2696,6167;915,8199;925,98218;
935,3946;2675,0115;916,1071;920,07672;
935,6835;2654,021;916,3943;928,59815;
935,9724;2635,3102;916,6815;926,10772;
936,2613;2646,354;916,9686;924,44423;
936,5502;2610,0969;917,2558;923,92628;
936,8391;2606,6805;917,5430;917,36833;
937,1280;2577,7366;917,8302;918,01572;
937,4169;2573,0175;918,1174;917,96418;
937,7058;2532,901;918,4046;931,96738;
937,9947;2540,4178;918,6918;928,93142;
938,2836;2522,1415;918,9790;925,59162;
938,5725;2498,0233;919,2662;924,35952;
938,8614;2500,5495;919,5534;927,62717;
939,1503;2489,4208;919,8406;924,55716;
939,4391;2485,1413;920,1277;926,71193;
939,7280;2473,2834;920,4149;926,85678;
940,0169;2460,1334;920,7021;929,37581;
940,3058;2424,3189;920,9893;928,57356;
940,5947;2417,0468;921,2765;923,93489;
940,8836;2419,9976;921,5637;921,99325;
941,1725;2408,7064;921,8509;918,2373;
941,4614;2393,4196;922,1381;917,15687;
941,7503;2370,3001;922,4253;916,74359;
942,0392;2377,5635;922,7125;919,9526;
942,3281;2351,6375;922,9997;910,53864;
942,6170;2335,4194;923,2869;915,31171;
942,9059;2336,0371;923,5740;925,78525;
943,1948;2293,5434;923,8612;913,1926;
943,4837;2301,3516;924,1484;904,7631;
943,7726;2272,1439;924,4356;911,84367;
944,0615;2263,2486;924,7228;900,22002;
944,3503;2256,4742;925,0100;902,64138;
944,6392;2226,9969;925,2972;903,1521;
944,9281;2233,4814;925,5844;900,97576;
945,2170;2238,991;925,8716;897,94459;
945,5059;2213,8996;926,1588;897,64131;
945,7948;2201,5434;926,4460;891,74354;
946,0837;2180,7626;926,7331;890,5178;
946,3726;2172,8177;927,0203;890,92107;
946,6615;2157,5104;927,3075;886,03693;
946,9504;2147,3157;927,5947;889,98815;
947,2393;2134,4484;927,8819;884,40151;
947,5282;2138,4367;928,1691;893,94198;
947,8171;2123,8015;928,4563;878,81752;
948,1060;2098,8848;928,7435;877,49329;
948,3949;2080,1753;929,0307;874,42784;
948,6838;2044,5951;929,3179;871,15909;
948,9726;2029,0569;929,6051;870,4398;
949,2615;2019,0663;929,8923;865,4572;
949,5504;2016,1585;930,1794;861,57438;
949,8393;2015,1839;930,4666;858,78776;
950,1282;1995,0538;930,7538;852,61874;
950,4171;1968,9001;931,0410;850,48139;
950,7060;1954,1058;931,3282;849,62202;
950,9949;1932,3489;931,6154;842,33112;
951,2838;1930,8215;931,9026;842,95686;
951,5727;1906,0175;932,1898;837,18864;
951,8616;1878,8408;932,4770;837,04703;
952,1505;1874,5706;932,7642;829,26918;
952,4394;1868,3659;933,0514;827,89567;
952,7283;1831,7783;933,3385;821,17354;
953,0172;1824,8867;933,6257;814,54995;
953,3061;1818,8093;933,9129;811,51329;
953,5949;1800,0306;934,2001;818,00314;
953,8838;1785,9917;934,4873;804,66302;
954,1727;1773,1207;934,7745;806,09438;
954,4616;1761,3743;935,0617;798,00592;
954,7505;1745,7554;935,3489;798,25367;
955,0394;1730,4782;935,6361;799,07844;
955,3283;1724,1262;935,9233;801,54734;
955,6172;1711,4087;936,2105;791,12577;
955,9061;1684,0017;936,4976;787,56273;
956,1950;1675,925;936,7848;783,30185;
956,4839;1669,4147;937,0720;780,08754;
956,7728;1652,6163;937,3592;776,79702;
957,0617;1638,1907;937,6464;769,9733;
957,3506;1621,9235;937,9336;761,36664;
957,6395;1604,7989;938,2208;764,29802;
957,9284;1593,071;938,5080;760,46257;
958,2172;1578,6081;938,7952;754,47874;
958,5061;1568,7051;939,0824;751,38291;
958,7950;1557,965;939,3696;745,96912;
959,0839;1534,8445;939,6568;748,58408;
959,3728;1493,7836;939,9439;743,86143;
959,6617;1521,8809;940,2311;738,25811;
959,9506;1485,5194;940,5183;727,78478;
960,2395;1483,9094;940,8055;723,94234;
960,5284;1480,2434;941,0927;718,93871;
960,8173;1451,2845;941,3799;718,94603;
961,1062;1440,6596;941,6671;719,77591;
961,3951;1416,781;941,9543;714,67649;
961,6840;1395,0708;942,2415;693,24507;
961,9729;1383,1411;942,5287;702,40029;
962,2618;1360,3646;942,8159;702,50682;
962,5507;1357,1372;943,1030;687,57982;
962,8395;1341,5274;943,3902;681,04244;
963,1284;1328,0927;943,6774;683,76621;
963,4173;1319,5336;943,9646;676,30539;
963,7062;1304,5313;944,2518;675,10421;
963,9951;1282,7413;944,5390;662,05766;
964,2840;1276,7081;944,8262;653,65554;
964,5729;1259,0003;945,1134;652,52066;
964,8618;1250,3108;945,4006;648,54067;
965,1507;1255,2338;945,6878;643,02681;
965,4396;1232,1232;945,9750;640,3352;
965,7285;1208,5555;946,2622;634,00913;
966,0174;1201,8894;946,5493;631,52339;
966,3063;1181,5357;946,8365;625,05867;
966,5952;1169,3023;947,1237;626,53954;
966,8841;1146,8805;947,4109;619,69136;
967,1730;1172,0857;947,6981;618,91582;
967,4618;1143,2586;947,9853;616,03138;
967,7507;1102,2545;948,2725;600,91842;
968,0396;1116,6185;948,5597;606,30072;
968,3285;1096,373;948,8469;591,63846;
968,6174;1075,5498;949,1341;584,67821;
968,9063;1086,8638;949,4213;578,77642;
969,1952;1054,8353;949,7084;582,59998;
969,4841;1055,1854;949,9956;568,83249;
969,7730;1048,6473;950,2828;565,5922;
970,0619;1035,9141;950,5700;570,26056;
970,3508;1033,3544;950,8572;562,34207;
970,6397;1037,8585;951,1444;547,66167;
970,9286;1028,2852;951,4316;546,73575;
971,2175;1002,1786;951,7188;535,00419;
971,5064;997,3744;952,0060;540,17791;
971,7953;983,84046;952,2932;535,42784;
972,0841;974,16191;952,5804;534,34534;
972,3730;969,48803;952,8676;533,09407;
972,6619;955,89541;953,1547;525,62743;
972,9508;938,67625;953,4419;514,80967;
973,2397;922,12313;953,7291;514,50269;
973,5286;914,26733;954,0163;510,25601;
973,8175;899,16572;954,3035;500,51401;
974,1064;881,23035;954,5907;502,65287;
974,3953;870,29503;954,8779;499,73132;
974,6842;865,97285;955,1651;491,61308;
974,9731;831,46907;955,4523;487,30468;
975,2620;813,30615;955,7395;477,69589;
975,5509;833,35357;956,0267;471,13669;
975,8398;803,64775;956,3138;470,9702;
976,1287;791,0469;956,6010;465,45111;
976,4176;787,59741;956,8882;460,47671;
976,7064;767,10472;957,1754;451,53297;
976,9953;756,12622;957,4626;448,45415;
977,2842;752,37479;957,7498;440,20349;
977,5731;728,79422;958,0370;448,26713;
977,8620;719,32146;958,3242;431,45883;
978,1509;712,5681;958,6114;428,91991;
978,4398;703,73703;958,8986;419,5404;
978,7287;690,34814;959,1858;414,63078;
979,0176;675,86068;959,4729;408,50807;
979,3065;664,04136;959,7601;405,45283;
979,5954;650,19265;960,0473;405,96808;
979,8843;651,97355;960,3345;399,67685;
980,1732;646,29553;960,6217;394,23817;
980,4621;627,6867;960,9089;396,40846;
980,7510;623,00125;961,1961;391,4851;
981,0399;614,1973;961,4833;386,2431;
981,3287;600,24391;961,7705;380,27;
981,6176;609,19159;962,0577;376,18396;
981,9065;597,24433;962,3449;369,6554;
982,1954;593,87356;962,6321;365,48472;
982,4843;582,863;962,9192;358,21777;
982,7732;579,41146;963,2064;353,25862;
983,0621;559,43183;963,4936;357,33819;
983,3510;549,96751;963,7808;352,30956;
983,6399;547,96928;964,0680;343,47703;
983,9288;538,93534;964,3552;344,65661;
984,2177;529,65124;964,6424;335,14582;
984,5066;534,13909;964,9296;337,42715;
984,7955;525,03061;965,2168;333,15563;
985,0844;510,39582;965,5040;321,95727;
985,3733;508,33588;965,7912;322,87005;
985,6622;501,58512;966,0783;316,59673;
985,9510;499,07432;966,3655;317,19126;
986,2399;478,94063;966,6527;307,07569;
986,5288;475,31729;966,9399;304,55993;
986,8177;469,70564;967,2271;302,47774;
987,1066;468,75597;967,5143;296,71894;
987,3955;448,4263;967,8015;294,09569;
987,6844;446,52769;968,0887;291,94891;
987,9733;448,54655;968,3759;287,46863;
988,2622;436,77625;968,6631;280,07179;
988,5511;429,66292;968,9503;273,25132;
988,8400;431,57773;969,2375;271,24522;
989,1289;429,78674;969,5246;262,05234;
989,4178;423,88947;969,8118;266,61861;
989,7067;428,09745;970,0990;261,3189;
989,9956;417,97603;970,3862;256,25219;
990,2845;414,04975;970,6734;253,37418;
990,5733;400,53657;970,9606;251,1887;
990,8622;395,54531;971,2478;243,91184;
991,1511;390,00389;971,5350;238,44845;
991,4400;399,15524;971,8222;240,04843;
991,7289;391,01639;972,1094;236,8256;
992,0178;386,57323;972,3966;231,51151;
992,3067;390,91607;972,6837;230,78899;
992,5956;377,7404;972,9709;224,98152;
992,8845;370,49692;973,2581;225,40646;
993,1734;372,86333;973,5453;222,47814;
993,4623;368,52112;973,8325;218,13397;
993,7512;362,22029;974,1197;213,0108;
994,0401;359,92472;974,4069;209,42636;
994,3290;350,16405;974,6941;204,93329;
994,6179;342,00381;974,9813;201,72713;
994,9068;333,51971;975,2685;201,79088;
995,1956;342,72648;975,5557;199,23645;
995,4845;339,18232;975,8428;202,25407;
995,7734;325,02829;976,1300;196,89637;
996,0623;326,87645;976,4172;187,21616;
996,3512;327,55089;976,7044;186,04506;
996,6401;332,30228;976,9916;185,07154;
996,9290;310,61438;977,2788;185,89046;
997,2179;308,10137;977,5660;178,01213;
997,5068;308,23969;977,8532;179,6454;
997,7957;307,09975;978,1404;174,42908;
998,0846;299,68515;978,4276;172,0066;
998,3735;301,12576;978,7148;172,5064;
998,6624;308,05062;979,0020;168,74859;
998,9513;308,70804;979,2891;162,03387;
999,2402;300,91821;979,5763;162,66524;
999,5291;296,98529;979,8635;160,50219;
999,8179;297,15862;980,1507;155,11148;
1000,1068;297,47319;980,4379;154,26158;
1000,3957;297,50782;980,7251;157,53231;
1000,6846;291,71977;981,0123;150,42198;
1000,9735;281,7868;981,2995;143,60266;
1001,2624;286,38462;981,5867;141,78959;
1001,5513;277,27133;981,8739;143,87288;
1001,8402;277,75396;982,1611;148,01508;
1002,1291;275,08202;982,4482;140,28093;
1002,4180;263,87277;982,7354;135,18554;
1002,7069;269,00101;983,0226;137,42302;
1002,9958;260,94954;983,3098;135,60369;
1003,2847;267,22162;983,5970;129,95043;
1003,5736;258,91332;983,8842;129,43774;
1003,8625;268,52522;984,1714;127,68509;
1004,1514;265,76803;984,4586;125,58279;
1004,4402;260,69384;984,7458;123,62073;
1004,7291;267,40601;985,0330;123,85093;
1005,0180;267,31569;985,3202;124,81851;
1005,3069;263,80305;985,6074;114,43108;
1005,5958;267,80891;985,8945;112,0618;
1005,8847;262,73131;986,1817;117,73396;
1006,1736;263,19565;986,4689;113,04836;
1006,4625;264,19049;986,7561;110,64698;
1006,7514;280,9994;987,0433;108,90147;
1007,0403;278,86706;987,3305;105,99225;
1007,3292;261,91265;987,6177;107,3732;
1007,6181;274,46685;987,9049;104,89823;
1007,9070;278,76427;988,1921;99,45008;
1008,1959;276,32115;988,4793;98,535001;
1008,4848;273,02161;988,7665;101,03767;
1008,7737;288,4209;989,0536;102,49134;
1009,0625;274,08074;989,3408;100,15247;
1009,3514;284,92668;989,6280;95,891629;
1009,6403;293,98578;989,9152;91,21742;
1009,9292;292,98313;990,2024;96,110762;
1010,2181;304,69255;990,4896;100,31392;
1010,5070;311,03694;990,7768;86,953874;
1010,7959;306,14695;991,0640;86,275505;
1011,0848;311,57825;991,3512;85,818391;
1011,3737;314,71811;991,6384;87,900626;
1011,6626;316,41035;991,9256;92,133634;
1011,9515;332,09114;992,2127;87,302;
1012,2404;336,59094;992,4999;83,303067;
1012,5293;340,83018;992,7871;84,169981;
1012,8182;341,52405;993,0743;85,179497;
1013,1071;342,65695;993,3615;82,259133;
1013,3960;352,10181;993,6487;80,932373;
1013,6848;354,73569;993,9359;80,571719;
1013,9737;370,13783;994,2231;82,0759;
1014,2626;360,52751;994,5103;86,397946;
1014,5515;371,89786;994,7975;84,295234;
1014,8404;368,49495;995,0847;83,42196;
1015,1293;379,64331;995,3719;75,606581;
1015,4182;371,49962;995,6590;79,171546;
1015,7071;376,93403;995,9462;78,726418;
1015,9960;370,80713;996,2334;68,197777;
1016,2849;381,76116;996,5206;76,609268;
1016,5738;380,8107;996,8078;71,725321;
1016,8627;377,11565;997,0950;72,962927;
1017,1516;389,26242;997,3822;77,869497;
1017,4405;407,09272;997,6694;76,409405;
1017,7294;406,7024;997,9566;67,307463;
1018,0183;382,21587;998,2438;73,194985;
1018,3071;383,68391;998,5310;70,176041;
1018,5960;386,06514;998,8181;76,626396;
1018,8849;376,47902;999,1053;76,299114;
1019,1738;369,2976;999,3925;68,810476;
1019,4627;387,56445;999,6797;70,174501;
1019,7516;381,20775;999,9669;72,270934;
1020,0405;394,20843;1000,2541;71,627102;
1020,3294;399,055;1000,5413;73,823828;
1020,6183;393,41125;1000,8285;73,459031;
1020,9072;380,30979;1001,1157;75,371509;
1021,1961;400,58805;1001,4029;71,059363;
1021,4850;394,40936;1001,6901;68,017975;
1021,7739;395,66153;1001,9773;68,458919;
1022,0628;399,35825;1002,2644;70,222223;
1022,3517;393,32929;1002,5516;71,561853;
1022,6406;412,27228;1002,8388;70,938725;
1022,9294;410,44364;1003,1260;69,279545;
1023,2183;407,56387;1003,4132;70,109049;
1023,5072;416,50254;1003,7004;64,725436;
1023,7961;405,67883;1003,9876;71,351189;
1024,0850;403,08835;1004,2748;71,110817;
1024,3739;407,0741;1004,5620;69,832209;
1024,6628;413,3334;1004,8492;70,43114;
1024,9517;409,34596;1005,1364;69,550024;
1025,2406;415,70288;1005,4235;64,488513;
1025,5295;411,93612;1005,7107;71,261377;
1025,8184;424,64356;1005,9979;74,982378;
1026,1073;414,70758;1006,2851;68,582546;
1026,3962;421,49309;1006,5723;72,195824;
1026,6851;417,8637;1006,8595;73,196928;
1026,9740;412,60991;1007,1467;69,356445;
1027,2629;426,61858;1007,4339;74,065467;
1027,5518;421,48963;1007,7211;74,803929;
1027,8406;427,10874;1008,0083;67,227233;
1028,1295;433,76787;1008,2955;71,374594;
1028,4184;429,2315;1008,5827;68,235531;
1028,7073;425,03389;1008,8698;72,274995;
1028,9962;418,6219;1009,1570;75,079902;
1029,2851;430,98613;1009,4442;73,487748;
1029,5740;434,1661;1009,7314;77,841055;
1029,8629;443,29142;1010,0186;74,459567;
1030,1518;453,96492;1010,3058;76,008336;
1030,4407;450,96087;1010,5930;82,861715;
1030,7296;447,74714;1010,8802;79,719846;
1031,0185;457,35089;1011,1674;75,946901;
1031,3074;465,69832;1011,4546;75,577681;
1031,5963;469,37664;1011,7418;77,998626;
1031,8852;467,10758;1012,0289;76,633574;
1032,1741;471,36848;1012,3161;76,253428;
1032,4629;484,78086;1012,6033;82,010707;
1032,7518;482,87321;1012,8905;80,512232;
1033,0407;483,64533;1013,1777;82,785821;
1033,3296;486,31431;1013,4649;83,750721;
1033,6185;479,78625;1013,7521;81,212996;
1033,9074;483,9759;1014,0393;81,101947;
1034,1963;465,5988;1014,3265;79,339062;
1034,4852;462,75165;1014,6137;76,183743;
1034,7741;466,81161;1014,9009;85,081148;
1035,0630;466,48998;1015,1880;82,082127;
1035,3519;461,13947;1015,4752;86,397897;
1035,6408;457,39215;1015,7624;81,090514;
1035,9297;452,60576;1016,0496;86,96184;
1036,2186;447,80016;1016,3368;75,947244;
1036,5075;439,19855;1016,6240;84,249805;
1036,7964;445,20208;1016,9112;83,286982;
1037,0852;445,02037;1017,1984;86,817522;
1037,3741;445,03734;1017,4856;84,242687;
1037,6630;440,54701;1017,7728;87,245888;
1037,9519;442,54011;1018,0600;91,297508;
1038,2408;443,87125;1018,3472;90,007748;
1038,5297;426,70679;1018,6343;86,920301;
1038,8186;437,43498;1018,9215;83,284585;
1039,1075;430,38703;1019,2087;80,815486;
1039,3964;417,48693;1019,4959;85,637984;
1039,6853;432,70331;1019,7831;85,617674;
1039,9742;425,3588;1020,0703;83,475548;
1040,2631;421,96591;1020,3575;88,311738;
1040,5520;429,79049;1020,6447;89,649948;
1040,8409;427,83691;1020,9319;84,868755;
1041,1298;430,33406;1021,2191;87,645061;
1041,4187;422,57788;1021,5063;87,66077;
1041,7075;424,79167;1021,7934;88,906871;
1041,9964;427,82308;1022,0806;87,319151;
1042,2853;419,60468;1022,3678;89,417165;
1042,5742;423,20493;1022,6550;91,968439;
1042,8631;409,40942;1022,9422;89,955841;
1043,1520;416,44637;1023,2294;88,449816;
1043,4409;412,49992;1023,5166;91,55123;
1043,7298;412,86248;1023,8038;88,558159;
1044,0187;432,0494;1024,0910;88,826234;
1044,3076;407,32524;1024,3782;91,532347;
1044,5965;406,34746;1024,6654;88,527643;
1044,8854;408,8961;1024,9526;94,266034;
1045,1743;413,33887;1025,2397;91,78066;
1045,4632;423,45009;1025,5269;96,244648;
1045,7521;404,68566;1025,8141;90,558909;
1046,0410;405,7373;1026,1013;97,240638;
1046,3298;410,89843;1026,3885;92,915399;
1046,6187;409,13791;1026,6757;88,196736;
1046,9076;402,48463;1026,9629;89,998283;
1047,1965;403,45103;1027,2501;101,11875;
1047,4854;410,49017;1027,5373;96,450466;
1047,7743;406,28938;1027,8245;90,421166;
1048,0632;405,63377;1028,1117;102,01896;
1048,3521;399,25021;1028,3988;95,744537;
1048,6410;399,19182;1028,6860;92,832136;
1048,9299;397,9516;1028,9732;94,523975;
1049,2188;392,6928;1029,2604;93,718057;
1049,5077;396,5489;1029,5476;96,124848;
1049,7966;393,36977;1029,8348;101,73634;
1050,0855;389,46773;1030,1220;102,16323;
1050,3744;397,46028;1030,4092;102,21432;
1050,6633;382,99087;1030,6964;103,75549;
1050,9521;385,88348;1030,9836;96,635788;
1051,2410;390,20692;1031,2708;96,380642;
1051,5299;401,6781;1031,5579;104,20692;
1051,8188;385,23809;1031,8451;94,616821;
1052,1077;384,67147;1032,1323;100,36474;
1052,3966;384,47265;1032,4195;100,37212;
1052,6855;379,26418;1032,7067;101,80647;
1052,9744;371,77034;1032,9939;99,071717;
1053,2633;376,43255;1033,2811;97,853325;
1053,5522;375,30725;1033,5683;91,820569;
1053,8411;379,61213;1033,8555;95,196661;
1054,1300;368,55469;1034,1427;102,29519;
1054,4189;371,4242;1034,4299;96,401724;
1054,7078;364,20369;1034,7171;96,374289;
1054,9967;364,20132;1035,0042;96,359683;
1055,2856;357,86729;1035,2914;93,105728;
1055,5744;381,45063;1035,5786;97,680287;
1055,8633;371,69323;1035,8658;96,955197;
1056,1522;371,77684;1036,1530;96,604605;
1056,4411;372,3614;1036,4402;100,93147;
1056,7300;371,30568;1036,7274;98,387569;
1057,0189;374,76891;1037,0146;95,522083;
1057,3078;374,45625;1037,3018;91,808025;
1057,5967;347,23089;1037,5890;103,58177;
1057,8856;343,89309;1037,8762;98,060983;
1058,1745;360,99692;1038,1633;104,98478;
1058,4634;354,90913;1038,4505;107,38891;
1058,7523;350,84428;1038,7377;101,06639;
1059,0412;347,83071;1039,0249;102,97785;
1059,3301;350,13531;1039,3121;100,62839;
1059,6190;355,59636;1039,5993;98,145821;
1059,9079;345,47898;1039,8865;97,13092;
1060,1967;353,95623;1040,1737;102,8849;
1060,4856;331,76975;1040,4609;106,23301;
1060,7745;340,45025;1040,7481;103,06646;
1061,0634;342,64215;1041,0353;98,516197;
1061,3523;345,74537;1041,3225;95,676546;
1061,6412;339,40162;1041,6096;97,787257;
1061,9301;326,19523;1041,8968;94,785054;
1062,2190;330,7402;1042,1840;91,5975;
1062,5079;329,95235;1042,4712;96,538996;
1062,7968;329,53364;1042,7584;94,916155;
1063,0857;321,52365;1043,0456;97,095286;
1063,3746;323,75368;1043,3328;92,632867;
1063,6635;322,2293;1043,6200;99,168025;
1063,9524;311,23339;1043,9072;99,659728;
1064,2413;316,51302;1044,1944;97,384107;
1064,5302;316,879;1044,4816;89,92007;
1064,8190;316,19227;1044,7687;92,699117;
1065,1079;306,91516;1045,0559;95,715055;
1065,3968;309,96078;1045,3431;98,003821;
1065,6857;317,15599;1045,6303;97,726029;
1065,9746;297,94847;1045,9175;92,658417;
1066,2635;303,08735;1046,2047;94,842576;
1066,5524;298,24715;1046,4919;94,942756;
1066,8413;298,73419;1046,7791;92,799291;
1067,1302;297,46663;1047,0663;95,158541;
1067,4191;295,02776;1047,3535;92,918765;
1067,7080;291,78177;1047,6407;92,314777;
1067,9969;291,94735;1047,9278;93,416736;
1068,2858;294,0488;1048,2150;96,701298;
1068,5747;294,31934;1048,5022;90,06763;
1068,8636;292,785;1048,7894;91,307373;
1069,1525;294,48857;1049,0766;85,216428;
1069,4413;290,30801;1049,3638;86,446963;
1069,7302;287,06649;1049,6510;85,92287;
1070,0191;315,3507;1049,9382;87,914942;
1070,3080;286,97252;1050,2254;85,180136;
1070,5969;283,28709;1050,5126;88;
1070,8858;281,44295;1050,7998;94,027128;
1071,1747;282,98116;1051,0870;91,273647;
1071,4636;285,47559;1051,3741;90,477947;
1071,7525;292,84524;1051,6613;89,306101;
1072,0414;280,17117;1051,9485;91,174701;
1072,3303;281,96878;1052,2357;86,279365;
1072,6192;272,40221;1052,5229;85,336942;
1072,9081;277,46149;1052,8101;88,208915;
1073,1970;275,47371;1053,0973;90,489347;
1073,4859;270,99414;1053,3845;85,868723;
1073,7748;264,15922;1053,6717;86,587178;
1074,0636;269,36761;1053,9589;80,531471;
1074,3525;263,04269;1054,2461;87,854694;
1074,6414;263,65209;1054,5332;82,859076;
1074,9303;270,95867;1054,8204;83,278246;
1075,2192;265,03609;1055,1076;86,72341;
1075,5081;264,84005;1055,3948;86,756405;
1075,7970;266,27107;1055,6820;82,170111;
1076,0859;251,42607;1055,9692;82,293028;
1076,3748;263,37539;1056,2564;80,810051;
1076,6637;263,00051;1056,5436;81,872843;
1076,9526;263,92248;1056,8308;75,168553;
1077,2415;254,04649;1057,1180;83,056273;
1077,5304;244,14714;1057,4052;83,694291;
1077,8193;246,39335;1057,6924;80,393166;
1078,1082;245,73034;1057,9795;84,393022;
1078,3971;253,26574;1058,2667;71,814086;
1078,6859;259,18101;1058,5539;77,93195;
1078,9748;256,00606;1058,8411;80,854579;
1079,2637;257,05727;1059,1283;77,819451;
1079,5526;248,0576;1059,4155;75,506694;
1079,8415;240,91847;1059,7027;79,930394;
1080,1304;239,80505;1059,9899;79,44596;
1080,4193;248,76737;1060,2771;76,771559;
1080,7082;239,20631;1060,5643;69,660691;
1080,9971;250,7034;1060,8515;71,763823;
1081,2860;252,66688;1061,1386;74,15147;
1081,5749;247,25244;1061,4258;71,83106;
1081,8638;235,47161;1061,7130;74,739341;
1082,1527;234,32113;1062,0002;76,355008;
1082,4416;233,57148;1062,2874;74,488599;
1082,7305;233,60866;1062,5746;75,895135;
1083,0194;229,85768;1062,8618;77,466785;
1083,3082;229,43166;1063,1490;65,619118;
1083,5971;241,80516;1063,4362;77,147306;
1083,8860;241,21069;1063,7234;73,194143;
1084,1749;233,75666;1064,0106;72,194556;
1084,4638;225,67207;1064,2978;69,104745;
1084,7527;228,89339;1064,5849;70,438915;
1085,0416;218,87581;1064,8721;67,044489;
1085,3305;214,1982;1065,1593;67,477204;
1085,6194;221,10426;1065,4465;67,422998;
1085,9083;225,19708;1065,7337;69,185475;
1086,1972;247,31238;1066,0209;64,831685;
1086,4861;213,59598;1066,3081;61,017015;
1086,7750;217,4909;1066,5953;59,720901;
1087,0639;212,58815;1066,8825;67,951276;
1087,3528;207,26772;1067,1697;70,033302;
1087,6417;209,96687;1067,4569;60,241532;
1087,9305;215,14913;1067,7440;61,660793;
1088,2194;212,1195;1068,0312;64,159156;
1088,5083;216,09709;1068,3184;62,25471;
1088,7972;220,9733;1068,6056;58,218791;
1089,0861;203,96426;1068,8928;63,80406;
1089,3750;210,61639;1069,1800;60,535804;
1089,6639;201,4305;1069,4672;64,73497;
1089,9528;208,34588;1069,7544;64,277067;
1090,2417;220,45364;1070,0416;62,584124;
1090,5306;203,16494;1070,3288;63,082809;
1090,8195;206,60061;1070,6160;62,810376;
1091,1084;208,00495;1070,9031;62,956043;
1091,3973;196,16612;1071,1903;62,501995;
1091,6862;211,79223;1071,4775;60,452334;
1091,9751;196,58886;1071,7647;54,696095;
1092,2640;197,31302;1072,0519;57,861542;
1092,5528;200,53404;1072,3391;62,008115;
1092,8417;196,43104;1072,6263;56,623034;
1093,1306;204,98467;1072,9135;57,951092;
1093,4195;203,89752;1073,2007;57,434239;
1093,7084;192,16905;1073,4879;55,524166;
1093,9973;179,17477;1073,7751;47,696961;
1094,2862;193,51278;1074,0623;55,124027;
1094,5751;184,27437;1074,3494;53,250686;
1094,8640;180,88403;1074,6366;52,401287;
1095,1529;191,40982;1074,9238;54,534052;
1095,4418;186,2215;1075,2110;56,98599;
1095,7307;175,0376;1075,4982;56,015739;
1096,0196;189,18483;1075,7854;52,114129;
1096,3085;169,91402;1076,0726;50,450115;
1096,5974;177,04371;1076,3598;54,143527;
1096,8863;170,0109;1076,6470;52,105988;
1097,1751;169,05582;1076,9342;53,337265;
1097,4640;173,11099;1077,2214;52,390749;
1097,7529;181,6817;1077,5085;48,371023;
1098,0418;181,26013;1077,7957;50,738426;
1098,3307;168,58799;1078,0829;55,042311;
1098,6196;177,57859;1078,3701;50,485752;
1098,9085;171,68577;1078,6573;48,400467;
1099,1974;166,3871;1078,9445;50,165256;
1099,4863;173,01805;1079,2317;50,695719;
1099,7752;170,24875;1079,5189;48,221899;
1100,0641;165,53003;1079,8061;46,303261;
;;1080,0933;48,383712;
;;1080,3805;47,27765;
;;1080,6677;44,366871;
;;1080,9548;46,673762;
;;1081,2420;44,053169;
;;1081,5292;44,626935;
;;1081,8164;44,526157;
;;1082,1036;52,669562;
;;1082,3908;42,976741;
;;1082,6780;42,808262;
;;1082,9652;46,382534;
;;1083,2524;44,701438;
;;1083,5396;40,721318;
;;1083,8268;44,972793;
;;1084,1139;41,231507;
;;1084,4011;40,326217;
;;1084,6883;43,398969;
;;1084,9755;42,296349;
;;1085,2627;41,572079;
;;1085,5499;40,733164;
;;1085,8371;39,533259;
;;1086,1243;38,313545;
;;1086,4115;38,69517;
;;1086,6987;41,423756;
;;1086,9859;42,13352;
;;1087,2730;39,95044;
;;1087,5602;38,513712;
;;1087,8474;37,944837;
;;1088,1346;39,704534;
;;1088,4218;37,15396;
;;1088,7090;36,823139;
;;1088,9962;38,871524;
;;1089,2834;36,513975;
;;1089,5706;32,958652;
;;1089,8578;32,1565;
;;1090,1450;28,797441;
;;1090,4322;33,7259;
;;1090,7193;39,342444;
;;1091,0065;33,450745;
;;1091,2937;28,735426;
;;1091,5809;28,596304;
;;1091,8681;36,379042;
;;1092,1553;33,483627;
;;1092,4425;34,284555;
;;1092,7297;35,678968;
;;1093,0169;35,110138;
;;1093,3041;32,948026;
;;1093,5913;34,584699;
;;1093,8784;28,234275;
;;1094,1656;21,574682;
;;1094,4528;27,228321;
;;1094,7400;30,522819;
;;1095,0272;24,873109;
;;1095,3144;32,905132;
;;1095,6016;32,289837;
;;1095,8888;31,185549;
;;1096,1760;25,712207;
;;1096,4632;27,597587;
;;1096,7504;26,170789;
;;1097,0376;25,735183;
;;1097,3247;31,419957;
;;1097,6119;26,863315;
;;1097,8991;26,464704;
;;1098,1863;26,608971;
;;1098,4735;25,556855;
;;1098,7607;28,338866;
;;1099,0479;28,35639;
;;1099,3351;25,304382;
;;1099,6223;27,309678;
;;1099,9095;23,036972;
;;1100,1967;25,190033;
