samplespec_1
Integration time [ms]:  20,000
Averaging Nr. [scans]: 2
Smoothing Nr. [pixels]: 0
Data measured with spectrometer [name]: 1907283U1
Wave   ;Sample   ;Dark     ;Reference;Scope Corrected for Dark
[nm]   ;[counts] ;[counts] ;[counts] 

 180,23;  299,500;  318,000;  305,000;-18,50000
 180,53;  331,000;  318,890;  344,000;12,11000
 180,83;  432,000;  429,780;  417,000; 2,22000
 181,13;  325,000;  344,160;  375,000;-19,16000
 181,43;  403,500;  397,410;  382,000; 6,09000
 181,73;  295,500;  296,140;  288,000;-0,64000
 182,04;  373,000;  401,630;  370,000;-28,63000
 182,34;  288,000;  303,040;  290,000;-15,04000
 182,64;  418,500;  419,680;  411,000;-1,18000
 182,94;  318,500;  310,630;  307,000; 7,87000
 183,24;  425,500;  404,070;  382,000;21,43000
 183,54;  321,000;  314,180;  313,000; 6,82000
 183,85;  411,500;  412,620;  411,000;-1,12000
 184,15;  338,000;  335,400;  365,000; 2,60000
 184,45;  410,000;  397,720;  381,000;12,28000
 184,75;  289,500;  283,310;  281,000; 6,19000
 185,05;  419,500;  423,420;  464,000;-3,92000
 185,35;  347,500;  317,970;  305,000;29,53000
 185,66;  387,500;  399,850;  432,000;-12,35000
 185,96;  343,500;  346,990;  368,000;-3,49000
 186,26;  403,500;  416,020;  406,000;-12,52000
 186,56;  335,500;  327,110;  326,000; 8,39000
 186,86;  435,500;  423,750;  428,000;11,75000
 187,16;  334,500;  340,660;  352,000;-6,16000
 187,46;  385,500;  406,850;  418,000;-21,35000
 187,77;  310,500;  311,740;  321,000;-1,24000
 188,07;  471,500;  459,960;  449,000;11,54000
 188,37;  301,500;  308,940;  310,000;-7,44000
 188,67;  429,000;  432,110;  442,000;-3,11000
 188,97;  334,500;  342,510;  331,000;-8,01000
 189,27;  359,000;  358,480;  392,000; 0,52000
 189,57;  290,500;  313,400;  318,000;-22,90000
 189,88;  430,500;  419,350;  403,000;11,15000
 190,18;  301,500;  324,760;  329,000;-23,26000
 190,48;  446,000;  424,910;  431,000;21,09000
 190,78;  280,500;  301,870;  284,000;-21,37000
 191,08;  444,000;  449,460;  455,000;-5,46000
 191,38;  313,000;  329,290;  325,000;-16,29000
 191,68;  396,500;  406,000;  434,000;-9,50000
 191,99;  362,500;  347,030;  387,000;15,47000
 192,29;  381,000;  385,880;  386,000;-4,88000
 192,59;  336,000;  310,350;  303,000;25,65000
 192,89;  433,000;  443,270;  436,000;-10,27000
 193,19;  297,000;  318,100;  333,000;-21,10000
 193,49;  468,000;  438,760;  439,000;29,24000
 193,79;  383,000;  379,280;  389,000; 3,72000
 194,10;  429,000;  426,920;  435,000; 2,08000
 194,40;  340,000;  340,950;  310,000;-0,95000
 194,70;  442,000;  460,560;  418,000;-18,56000
 195,00;  354,000;  335,990;  335,000;18,01000
 195,30;  401,500;  417,530;  420,000;-16,03000
 195,60;  328,000;  315,070;  341,000;12,93000
 195,90;  450,500;  439,200;  437,000;11,30000
 196,21;  361,500;  336,230;  319,000;25,27000
 196,51;  423,000;  421,420;  435,000; 1,58000
 196,81;  370,500;  371,560;  366,000;-1,06000
 197,11;  427,500;  436,930;  410,000;-9,43000
 197,41;  389,000;  384,000;  392,000; 5,00000
 197,71;  443,500;  447,640;  441,000;-4,14000
 198,01;  370,000;  360,540;  349,000; 9,46000
 198,32;  489,000;  492,130;  517,000;-3,13000
 198,62;  370,500;  366,630;  387,000; 3,87000
 198,92;  483,000;  486,850;  492,000;-3,85000
 199,22;  388,500;  372,950;  390,000;15,55000
 199,52;  484,500;  488,360;  492,000;-3,86000
 199,82;  445,000;  418,800;  408,000;26,20000
 200,12;  477,000;  468,870;  471,000; 8,13000
 200,42;  399,000;  376,750;  366,000;22,25000
 200,73;  419,000;  429,900;  453,000;-10,90000
 201,03;  331,000;  341,530;  346,000;-10,53000
 201,33;  504,000;  502,680;  492,000; 1,32000
 201,63;  392,000;  401,290;  411,000;-9,29000
 201,93;  476,500;  494,020;  489,000;-17,52000
 202,23;  381,000;  393,790;  396,000;-12,79000
 202,53;  490,500;  455,310;  481,000;35,19000
 202,83;  377,000;  386,460;  364,000;-9,46000
 203,14;  474,000;  465,370;  457,000; 8,63000
 203,44;  378,000;  367,940;  372,000;10,06000
 203,74;  456,000;  459,860;  494,000;-3,86000
 204,04;  335,000;  355,860;  340,000;-20,86000
 204,34;  502,000;  492,760;  504,000; 9,24000
 204,64;  400,500;  398,890;  420,000; 1,61000
 204,94;  437,000;  451,510;  434,000;-14,51000
 205,24;  395,000;  387,090;  365,000; 7,91000
 205,55;  444,000;  442,610;  426,000; 1,39000
 205,85;  366,500;  365,780;  372,000; 0,72000
 206,15;  442,000;  449,390;  468,000;-7,39000
 206,45;  361,000;  380,210;  383,000;-19,21000
 206,75;  462,500;  463,580;  450,000;-1,08000
 207,05;  391,500;  387,650;  381,000; 3,85000
 207,35;  449,000;  461,560;  450,000;-12,56000
 207,65;  381,000;  377,680;  366,000; 3,32000
 207,95;  476,000;  483,790;  493,000;-7,79000
 208,26;  406,000;  392,090;  397,000;13,91000
 208,56;  467,500;  482,210;  484,000;-14,71000
 208,86;  370,000;  385,790;  343,000;-15,79000
 209,16;  486,500;  487,340;  481,000;-0,84000
 209,46;  388,500;  398,600;  386,000;-10,10000
 209,76;  480,000;  498,520;  494,000;-18,52000
 210,06;  384,500;  395,870;  390,000;-11,37000
 210,36;  496,000;  479,960;  477,000;16,04000
 210,66;  374,000;  387,350;  394,000;-13,35000
 210,97;  469,000;  478,080;  503,000;-9,08000
 211,27;  388,500;  394,910;  393,000;-6,41000
 211,57;  489,000;  487,690;  525,000; 1,31000
 211,87;  388,000;  393,950;  402,000;-5,95000
 212,17;  491,500;  496,440;  489,000;-4,94000
 212,47;  408,500;  419,510;  429,000;-11,01000
 212,77;  494,000;  497,960;  474,000;-3,96000
 213,07;  420,000;  433,980;  414,000;-13,98000
 213,37;  455,000;  461,180;  485,000;-6,18000
 213,67;  355,500;  383,440;  422,000;-27,94000
 213,98;  535,000;  549,410;  570,000;-14,41000
 214,28;  455,500;  421,540;  447,000;33,96000
 214,58;  508,500;  502,420;  483,000; 6,08000
 214,88;  394,000;  402,550;  420,000;-8,55000
 215,18;  466,500;  492,890;  465,000;-26,39000
 215,48;  429,000;  443,760;  437,000;-14,76000
 215,78;  488,500;  514,110;  519,000;-25,61000
 216,08;  447,000;  437,150;  429,000; 9,85000
 216,38;  513,000;  530,610;  502,000;-17,61000
 216,68;  395,000;  403,630;  404,000;-8,63000
 216,99;  532,500;  505,000;  540,000;27,50000
 217,29;  419,000;  442,050;  443,000;-23,05000
 217,59;  515,500;  503,810;  486,000;11,69000
 217,89;  434,500;  445,330;  439,000;-10,83000
 218,19;  504,000;  491,200;  484,000;12,80000
 218,49;  390,000;  420,830;  402,000;-30,83000
 218,79;  495,000;  515,550;  539,000;-20,55000
 219,09;  436,500;  430,380;  447,000; 6,12000
 219,39;  545,000;  548,330;  571,000;-3,33000
 219,69;  436,500;  434,640;  444,000; 1,86000
 220,00;  522,500;  507,010;  503,000;15,49000
 220,30;  482,500;  479,300;  483,000; 3,20000
 220,60;  524,000;  527,250;  507,000;-3,25000
 220,90;  441,500;  454,340;  485,000;-12,84000
 221,20;  511,000;  530,100;  526,000;-19,10000
 221,50;  374,000;  395,420;  409,000;-21,42000
 221,80;  529,000;  545,970;  537,000;-16,97000
 222,10;  445,500;  446,680;  433,000;-1,18000
 222,40;  566,500;  564,160;  560,000; 2,34000
 222,70;  423,500;  447,040;  427,000;-23,54000
 223,00;  511,000;  522,230;  480,000;-11,23000
 223,30;  472,500;  461,100;  440,000;11,40000
 223,61;  511,500;  523,970;  518,000;-12,47000
 223,91;  461,000;  475,040;  454,000;-14,04000
 224,21;  525,500;  530,820;  537,000;-5,32000
 224,51;  423,000;  418,850;  416,000; 4,15000
 224,81;  536,000;  531,350;  480,000; 4,65000
 225,11;  468,500;  479,300;  471,000;-10,80000
 225,41;  509,500;  532,180;  527,000;-22,68000
 225,71;  435,500;  444,400;  448,000;-8,90000
 226,01;  542,000;  544,420;  510,000;-2,42000
 226,31;  475,500;  465,130;  460,000;10,37000
 226,61;  479,000;  510,050;  519,000;-31,05000
 226,91;  397,500;  412,390;  411,000;-14,89000
 227,22;  539,500;  540,150;  552,000;-0,65000
 227,52;  411,000;  413,930;  421,000;-2,93000
 227,82;  525,500;  537,920;  550,000;-12,42000
 228,12;  475,000;  457,450;  457,000;17,55000
 228,42;  542,500;  541,350;  527,000; 1,15000
 228,72;  492,500;  482,700;  492,000; 9,80000
 229,02;  544,500;  555,480;  570,000;-10,98000
 229,32;  458,500;  459,650;  493,000;-1,15000
 229,62;  521,500;  538,610;  554,000;-17,11000
 229,92;  450,000;  460,820;  487,000;-10,82000
 230,22;  566,000;  576,210;  594,000;-10,21000
 230,52;  417,000;  447,610;  461,000;-30,61000
 230,82;  548,000;  546,880;  542,000; 1,12000
 231,12;  431,500;  472,020;  477,000;-40,52000
 231,43;  536,000;  542,450;  537,000;-6,45000
 231,73;  442,000;  440,900;  409,000; 1,10000
 232,03;  517,500;  551,390;  568,000;-33,89000
 232,33;  440,500;  458,050;  467,000;-17,55000
 232,63;  578,500;  583,440;  594,000;-4,94000
 232,93;  429,000;  444,910;  424,000;-15,91000
 233,23;  513,500;  559,030;  536,000;-45,53000
 233,53;  445,500;  466,170;  474,000;-20,67000
 233,83;  504,000;  531,480;  571,000;-27,48000
 234,13;  425,000;  431,620;  429,000;-6,62000
 234,43;  513,000;  506,110;  474,000; 6,89000
 234,73;  388,500;  397,460;  378,000;-8,96000
 235,03;  533,500;  563,140;  581,000;-29,64000
 235,33;  458,000;  462,680;  473,000;-4,68000
 235,63;  553,500;  548,850;  548,000; 4,65000
 235,94;  433,000;  443,340;  457,000;-10,34000
 236,24;  435,000;  474,890;  473,000;-39,89000
 236,54;  426,500;  449,560;  458,000;-23,06000
 236,84;  468,500;  491,380;  468,000;-22,88000
 237,14;  346,500;  372,740;  352,000;-26,24000
 237,44;  483,000;  501,800;  522,000;-18,80000
 237,74;  407,500;  419,250;  400,000;-11,75000
 238,04;  472,000;  487,800;  479,000;-15,80000
 238,34;  377,000;  406,000;  416,000;-29,00000
 238,64;  483,000;  484,410;  510,000;-1,41000
 238,94;  430,500;  422,900;  441,000; 7,60000
 239,24;  465,500;  484,560;  480,000;-19,06000
 239,54;  409,500;  420,500;  419,000;-11,00000
 239,84;  508,000;  501,860;  504,000; 6,14000
 240,14;  351,000;  375,890;  359,000;-24,89000
 240,44;  520,000;  535,950;  516,000;-15,95000
 240,74;  414,500;  424,350;  406,000;-9,85000
 241,04;  533,500;  530,000;  535,000; 3,50000
 241,34;  508,500;  499,480;  450,000; 9,02000
 241,65;  538,500;  522,800;  539,000;15,70000
 241,95;  424,000;  445,790;  444,000;-21,79000
 242,25;  553,000;  563,850;  577,000;-10,85000
 242,55;  413,500;  424,960;  415,000;-11,46000
 242,85;  560,000;  578,630;  591,000;-18,63000
 243,15;  440,000;  457,210;  469,000;-17,21000
 243,45;  556,500;  557,700;  542,000;-1,20000
 243,75;  481,500;  480,890;  498,000; 0,61000
 244,05;  511,500;  533,920;  519,000;-22,42000
 244,35;  506,000;  500,090;  471,000; 5,91000
 244,65;  523,500;  534,820;  520,000;-11,32000
 244,95;  467,000;  485,120;  481,000;-18,12000
 245,25;  597,500;  596,360;  633,000; 1,14000
 245,55;  475,500;  477,340;  489,000;-1,84000
 245,85;  549,500;  566,000;  551,000;-16,50000
 246,15;  509,500;  493,730;  482,000;15,77000
 246,45;  535,500;  552,800;  546,000;-17,30000
 246,75;  492,500;  499,290;  512,000;-6,79000
 247,05;  527,500;  551,030;  548,000;-23,53000
 247,35;  487,500;  504,870;  533,000;-17,37000
 247,65;  534,500;  557,950;  571,000;-23,45000
 247,95;  456,500;  469,430;  457,000;-12,93000
 248,25;  572,000;  580,610;  610,000;-8,61000
 248,56;  518,500;  530,770;  528,000;-12,27000
 248,86;  571,500;  595,590;  604,000;-24,09000
 249,16;  503,000;  530,180;  507,000;-27,18000
 249,46;  583,000;  587,740;  588,000;-4,74000
 249,76;  454,000;  477,220;  487,000;-23,22000
 250,06;  586,000;  582,280;  542,000; 3,72000
 250,36;  491,500;  492,080;  490,000;-0,58000
 250,66;  602,500;  599,150;  565,000; 3,35000
 250,96;  459,500;  477,250;  486,000;-17,75000
 251,26;  596,000;  601,230;  593,000;-5,23000
 251,56;  536,500;  534,920;  525,000; 1,58000
 251,86;  584,500;  578,490;  541,000; 6,01000
 252,16;  503,000;  508,040;  522,000;-5,04000
 252,46;  570,500;  580,080;  597,000;-9,58000
 252,76;  488,000;  492,390;  492,000;-4,39000
 253,06;  589,000;  603,460;  616,000;-14,46000
 253,36;  513,000;  506,150;  468,000; 6,85000
 253,66;  562,000;  580,600;  589,000;-18,60000
 253,96;  497,000;  471,370;  480,000;25,63000
 254,26;  562,000;  584,380;  568,000;-22,38000
 254,56;  495,000;  490,380;  490,000; 4,62000
 254,86;  561,500;  573,900;  560,000;-12,40000
 255,16;  476,000;  488,420;  456,000;-12,42000
 255,46;  540,000;  565,460;  582,000;-25,46000
 255,76;  410,000;  426,870;  406,000;-16,87000
 256,06;  521,500;  531,870;  515,000;-10,37000
 256,36;  429,500;  469,530;  444,000;-40,03000
 256,66;  548,000;  554,900;  530,000;-6,90000
 256,96;  448,500;  451,580;  457,000;-3,08000
 257,26;  490,500;  520,230;  481,000;-29,73000
 257,56;  470,500;  483,010;  447,000;-12,51000
 257,86;  551,500;  554,870;  500,000;-3,37000
 258,16;  470,000;  488,870;  475,000;-18,87000
 258,46;  568,000;  575,820;  568,000;-7,82000
 258,76;  494,000;  492,830;  488,000; 1,17000
 259,06;  608,000;  609,580;  599,000;-1,58000
 259,36;  500,500;  513,160;  494,000;-12,66000
 259,66;  545,000;  554,940;  541,000;-9,94000
 259,96;  527,500;  522,270;  510,000; 5,23000
 260,26;  569,000;  557,450;  554,000;11,55000
 260,56;  515,000;  480,670;  479,000;34,33000
 260,86;  580,000;  579,770;  543,000; 0,23000
 261,16;  464,000;  487,720;  488,000;-23,72000
 261,46;  609,500;  619,990;  615,000;-10,49000
 261,76;  505,000;  513,480;  499,000;-8,48000
 262,06;  582,000;  586,900;  583,000;-4,90000
 262,36;  534,500;  528,650;  517,000; 5,85000
 262,66;  541,500;  584,330;  576,000;-42,83000
 262,96;  506,500;  518,910;  497,000;-12,41000
 263,27;  579,000;  599,150;  591,000;-20,15000
 263,57;  513,000;  511,610;  489,000; 1,39000
 263,87;  604,000;  610,420;  590,000;-6,42000
 264,17;  536,500;  524,350;  510,000;12,15000
 264,47;  574,000;  586,950;  578,000;-12,95000
 264,77;  476,500;  499,680;  509,000;-23,18000
 265,07;  605,500;  561,410;  544,000;44,09000
 265,37;  473,500;  466,520;  471,000; 6,98000
 265,67;  573,000;  580,770;  559,000;-7,77000
 265,97;  477,500;  478,560;  453,000;-1,06000
 266,27;  570,000;  604,790;  582,000;-34,79000
 266,57;  455,500;  479,250;  454,000;-23,75000
 266,87;  548,500;  574,330;  571,000;-25,83000
 267,17;  555,000;  537,030;  525,000;17,97000
 267,47;  542,500;  543,280;  522,000;-0,78000
 267,77;  476,000;  480,730;  449,000;-4,73000
 268,07;  551,500;  566,100;  591,000;-14,60000
 268,37;  462,000;  469,810;  479,000;-7,81000
 268,67;  589,000;  592,860;  608,000;-3,86000
 268,97;  466,000;  466,440;  477,000;-0,44000
 269,26;  583,500;  598,050;  620,000;-14,55000
 269,56;  530,500;  539,790;  577,000;-9,29000
 269,86;  585,500;  596,760;  597,000;-11,26000
 270,16;  520,500;  529,040;  554,000;-8,54000
 270,46;  563,500;  572,710;  592,000;-9,21000
 270,76;  479,500;  490,300;  474,000;-10,80000
 271,06;  590,000;  592,440;  584,000;-2,44000
 271,36;  505,500;  511,840;  524,000;-6,34000
 271,66;  643,000;  624,260;  597,000;18,74000
 271,96;  522,500;  541,610;  522,000;-19,11000
 272,26;  666,500;  654,070;  661,000;12,43000
 272,56;  568,000;  569,150;  550,000;-1,15000
 272,86;  647,500;  647,770;  654,000;-0,27000
 273,16;  477,500;  509,020;  510,000;-31,52000
 273,46;  626,000;  624,810;  625,000; 1,19000
 273,76;  542,000;  541,700;  540,000; 0,30000
 274,06;  627,000;  625,510;  607,000; 1,49000
 274,36;  557,500;  555,760;  549,000; 1,74000
 274,66;  581,500;  607,490;  561,000;-25,99000
 274,96;  525,500;  532,430;  514,000;-6,93000
 275,26;  644,000;  640,050;  622,000; 3,95000
 275,56;  524,500;  528,420;  541,000;-3,92000
 275,86;  620,500;  629,100;  612,000;-8,60000
 276,16;  513,500;  525,030;  542,000;-11,53000
 276,46;  620,500;  623,360;  607,000;-2,86000
 276,76;  511,000;  498,410;  485,000;12,59000
 277,06;  579,000;  601,300;  634,000;-22,30000
 277,36;  533,000;  534,020;  544,000;-1,02000
 277,66;  604,500;  598,060;  593,000; 6,44000
 277,96;  544,000;  552,290;  559,000;-8,29000
 278,26;  592,500;  597,140;  588,000;-4,64000
 278,56;  556,500;  549,990;  565,000; 6,51000
 278,86;  622,000;  630,830;  630,000;-8,83000
 279,16;  478,000;  477,190;  440,000; 0,81000
 279,46;  629,000;  654,380;  655,000;-25,38000
 279,76;  560,000;  528,510;  504,000;31,49000
 280,06;  603,000;  614,760;  584,000;-11,76000
 280,36;  523,500;  510,270;  509,000;13,23000
 280,66;  602,500;  616,950;  614,000;-14,45000
 280,96;  524,500;  526,310;  547,000;-1,81000
 281,26;  599,500;  589,210;  566,000;10,29000
 281,56;  496,500;  519,000;  522,000;-22,50000
 281,86;  591,500;  604,150;  580,000;-12,65000
 282,16;  494,000;  508,570;  511,000;-14,57000
 282,46;  625,000;  629,970;  637,000;-4,97000
 282,76;  507,500;  545,060;  515,000;-37,56000
 283,06;  560,000;  564,640;  525,000;-4,64000
 283,35;  541,500;  547,050;  558,000;-5,55000
 283,65;  628,500;  592,710;  607,000;35,79000
 283,95;  520,500;  532,660;  508,000;-12,16000
 284,25;  585,500;  595,370;  599,000;-9,87000
 284,55;  530,000;  529,810;  526,000; 0,19000
 284,85;  576,500;  586,380;  603,000;-9,88000
 285,15;  493,000;  518,670;  511,000;-25,67000
 285,45;  595,000;  605,780;  614,000;-10,78000
 285,75;  571,500;  560,210;  547,000;11,29000
 286,05;  599,500;  617,330;  641,000;-17,83000
 286,35;  531,000;  539,800;  545,000;-8,80000
 286,65;  548,000;  587,650;  619,000;-39,65000
 286,95;  482,500;  512,050;  497,000;-29,55000
 287,25;  613,500;  613,780;  613,000;-0,28000
 287,55;  513,500;  529,850;  524,000;-16,35000
 287,85;  581,000;  593,660;  556,000;-12,66000
 288,15;  524,000;  540,570;  539,000;-16,57000
 288,45;  581,000;  580,320;  540,000; 0,68000
 288,75;  512,500;  513,500;  506,000;-1,00000
 289,05;  569,500;  566,730;  564,000; 2,77000
 289,35;  516,000;  508,610;  488,000; 7,39000
 289,65;  569,000;  568,170;  545,000; 0,83000
 289,95;  446,500;  469,080;  440,000;-22,58000
 290,25;  598,000;  580,110;  547,000;17,89000
 290,54;  464,500;  499,600;  490,000;-35,10000
 290,84;  539,000;  568,000;  562,000;-29,00000
 291,14;  477,500;  483,960;  458,000;-6,46000
 291,44;  544,000;  553,980;  548,000;-9,98000
 291,74;  479,500;  482,340;  471,000;-2,84000
 292,04;  530,000;  557,970;  543,000;-27,97000
 292,34;  482,000;  500,050;  475,000;-18,05000
 292,64;  599,500;  611,320;  549,000;-11,82000
 292,94;  477,000;  467,240;  456,000; 9,76000
 293,24;  569,500;  579,140;  547,000;-9,64000
 293,54;  495,000;  498,260;  475,000;-3,26000
 293,84;  545,500;  547,060;  535,000;-1,56000
 294,14;  517,500;  517,560;  516,000;-0,06000
 294,44;  568,500;  587,410;  578,000;-18,91000
 294,74;  487,500;  477,210;  461,000;10,29000
 295,04;  564,500;  567,890;  547,000;-3,39000
 295,34;  494,500;  503,800;  465,000;-9,30000
 295,64;  557,500;  563,080;  556,000;-5,58000
 295,93;  534,000;  520,770;  519,000;13,23000
 296,23;  557,500;  594,850;  568,000;-37,35000
 296,53;  497,000;  508,990;  515,000;-11,99000
 296,83;  573,000;  578,440;  584,000;-5,44000
 297,13;  509,500;  519,870;  528,000;-10,37000
 297,43;  578,500;  581,340;  573,000;-2,84000
 297,73;  512,500;  531,370;  530,000;-18,87000
 298,03;  608,500;  629,020;  589,000;-20,52000
 298,33;  519,500;  536,620;  514,000;-17,12000
 298,63;  583,500;  592,330;  598,000;-8,83000
 298,93;  529,000;  540,750;  568,000;-11,75000
 299,23;  609,000;  613,360;  601,000;-4,36000
 299,53;  562,000;  558,730;  560,000; 3,27000
 299,83;  606,500;  607,250;  611,000;-0,75000
 300,13;  532,500;  522,920;  469,000; 9,58000
 300,42;  616,500;  629,040;  640,000;-12,54000
 300,72;  524,000;  533,300;  500,000;-9,30000
 301,02;  599,500;  606,350;  590,000;-6,85000
 301,32;  498,000;  532,030;  513,000;-34,03000
 301,62;  586,000;  608,630;  628,000;-22,63000
 301,92;  540,000;  545,870;  564,000;-5,87000
 302,22;  601,000;  628,770;  594,000;-27,77000
 302,52;  539,500;  554,840;  551,000;-15,34000
 302,82;  591,000;  588,150;  558,000; 2,85000
 303,12;  516,500;  533,610;  524,000;-17,11000
 303,42;  608,000;  623,210;  616,000;-15,21000
 303,72;  512,000;  517,680;  507,000;-5,68000
 304,02;  601,500;  617,530;  617,000;-16,03000
 304,31;  493,500;  510,930;  477,000;-17,43000
 304,61;  582,000;  600,310;  570,000;-18,31000
 304,91;  513,000;  527,220;  496,000;-14,22000
 305,21;  611,000;  618,840;  583,000;-7,84000
 305,51;  479,500;  478,230;  454,000; 1,27000
 305,81;  625,500;  610,920;  588,000;14,58000
 306,11;  546,500;  546,900;  553,000;-0,40000
 306,41;  579,500;  569,800;  576,000; 9,70000
 306,71;  514,500;  525,420;  527,000;-10,92000
 307,01;  563,500;  572,590;  523,000;-9,09000
 307,31;  480,500;  481,250;  472,000;-0,75000
 307,61;  555,000;  582,350;  588,000;-27,35000
 307,90;  460,500;  487,990;  486,000;-27,49000
 308,20;  613,000;  640,150;  627,000;-27,15000
 308,50;  529,500;  522,420;  485,000; 7,08000
 308,80;  624,000;  645,780;  620,000;-21,78000
 309,10;  566,500;  570,130;  548,000;-3,63000
 309,40;  610,000;  615,020;  613,000;-5,02000
 309,70;  566,500;  553,280;  557,000;13,22000
 310,00;  647,500;  646,410;  644,000; 1,09000
 310,30;  558,000;  561,950;  554,000;-3,95000
 310,60;  632,000;  649,180;  642,000;-17,18000
 310,90;  531,500;  558,780;  582,000;-27,28000
 311,19;  661,000;  663,690;  670,000;-2,69000
 311,49;  558,500;  568,290;  566,000;-9,79000
 311,79;  600,500;  619,950;  601,000;-19,45000
 312,09;  548,500;  559,240;  555,000;-10,74000
 312,39;  612,500;  633,580;  659,000;-21,08000
 312,69;  585,500;  563,440;  573,000;22,06000
 312,99;  663,000;  671,850;  653,000;-8,85000
 313,29;  589,000;  584,680;  604,000; 4,32000
 313,59;  651,000;  666,730;  657,000;-15,73000
 313,89;  566,000;  582,310;  563,000;-16,31000
 314,18;  647,500;  642,290;  608,000; 5,21000
 314,48;  593,000;  578,420;  566,000;14,58000
 314,78;  591,500;  604,100;  616,000;-12,60000
 315,08;  538,500;  542,450;  554,000;-3,95000
 315,38;  622,500;  627,590;  633,000;-5,09000
 315,68;  491,500;  508,660;  508,000;-17,16000
 315,98;  632,500;  629,880;  615,000; 2,62000
 316,28;  514,500;  520,440;  522,000;-5,94000
 316,58;  665,000;  665,140;  663,000;-0,14000
 316,88;  581,000;  567,570;  572,000;13,43000
 317,17;  643,500;  646,740;  640,000;-3,24000
 317,47;  544,000;  562,150;  561,000;-18,15000
 317,77;  624,000;  635,720;  643,000;-11,72000
 318,07;  539,500;  530,750;  535,000; 8,75000
 318,37;  626,000;  631,110;  624,000;-5,11000
 318,67;  567,500;  564,910;  570,000; 2,59000
 318,97;  635,000;  640,770;  642,000;-5,77000
 319,27;  570,000;  573,250;  539,000;-3,25000
 319,57;  658,500;  651,630;  649,000; 6,87000
 319,86;  529,500;  527,060;  572,000; 2,44000
 320,16;  602,500;  624,730;  631,000;-22,23000
 320,46;  470,000;  500,020;  505,000;-30,02000
 320,76;  584,500;  612,910;  627,000;-28,41000
 321,06;  541,000;  538,430;  520,000; 2,57000
 321,36;  636,500;  649,290;  652,000;-12,79000
 321,66;  564,000;  574,800;  577,000;-10,80000
 321,96;  619,500;  620,570;  624,000;-1,07000
 322,25;  547,000;  559,480;  543,000;-12,48000
 322,55;  582,000;  615,670;  630,000;-33,67000
 322,85;  507,000;  531,850;  516,000;-24,85000
 323,15;  606,500;  626,640;  612,000;-20,14000
 323,45;  516,500;  512,110;  508,000; 4,39000
 323,75;  645,000;  662,420;  645,000;-17,42000
 324,05;  500,000;  523,650;  525,000;-23,65000
 324,35;  618,000;  643,650;  636,000;-25,65000
 324,64;  552,000;  571,870;  572,000;-19,87000
 324,94;  653,000;  635,280;  626,000;17,72000
 325,24;  563,500;  569,850;  586,000;-6,35000
 325,54;  597,500;  611,820;  614,000;-14,32000
 325,84;  547,000;  539,260;  516,000; 7,74000
 326,14;  625,000;  632,060;  596,000;-7,06000
 326,44;  581,500;  589,270;  585,000;-7,77000
 326,74;  655,500;  657,260;  647,000;-1,76000
 327,03;  535,500;  566,490;  543,000;-30,99000
 327,33;  633,000;  660,970;  684,000;-27,97000
 327,63;  594,500;  573,360;  600,000;21,14000
 327,93;  631,500;  647,790;  674,000;-16,29000
 328,23;  515,500;  523,030;  533,000;-7,53000
 328,53;  641,500;  649,180;  667,000;-7,68000
 328,83;  544,500;  544,630;  532,000;-0,13000
 329,13;  685,000;  668,350;  676,000;16,65000
 329,42;  599,500;  616,860;  643,000;-17,36000
 329,72;  638,500;  633,980;  596,000; 4,52000
 330,02;  568,500;  560,660;  549,000; 7,84000
 330,32;  647,000;  644,990;  662,000; 2,01000
 330,62;  553,500;  539,430;  534,000;14,07000
 330,92;  642,500;  639,280;  631,000; 3,22000
 331,22;  586,000;  569,430;  606,000;16,57000
 331,51;  662,000;  664,530;  648,000;-2,53000
 331,81;  539,500;  548,280;  513,000;-8,78000
 332,11;  659,500;  662,570;  633,000;-3,07000
 332,41;  565,000;  557,040;  597,000; 7,96000
 332,71;  654,500;  635,670;  645,000;18,83000
 333,01;  572,000;  576,230;  564,000;-4,23000
 333,31;  653,500;  647,460;  624,000; 6,04000
 333,60;  558,500;  552,570;  568,000; 5,93000
 333,90;  662,500;  656,020;  658,000; 6,48000
 334,20;  592,000;  591,340;  584,000; 0,66000
 334,50;  662,000;  663,360;  694,000;-1,36000
 334,80;  588,500;  599,260;  586,000;-10,76000
 335,10;  678,000;  666,040;  664,000;11,96000
 335,40;  600,000;  616,240;  573,000;-16,24000
 335,69;  654,500;  654,020;  618,000; 0,48000
 335,99;  563,000;  589,940;  579,000;-26,94000
 336,29;  652,000;  672,170;  683,000;-20,17000
 336,59;  547,500;  547,030;  538,000; 0,47000
 336,89;  660,500;  661,510;  622,000;-1,01000
 337,19;  596,000;  595,750;  577,000; 0,25000
 337,49;  603,000;  622,800;  609,000;-19,80000
 337,78;  580,000;  583,820;  579,000;-3,82000
 338,08;  639,500;  639,080;  617,000; 0,42000
 338,38;  544,000;  557,580;  569,000;-13,58000
 338,68;  672,500;  661,240;  668,000;11,26000
 338,98;  534,000;  539,550;  566,000;-5,55000
 339,28;  676,000;  679,410;  671,000;-3,41000
 339,57;  543,500;  577,600;  590,000;-34,10000
 339,87;  688,500;  668,500;  678,000;20,00000
 340,17;  595,000;  593,060;  582,000; 1,94000
 340,47;  602,500;  623,830;  629,000;-21,33000
 340,77;  584,500;  575,700;  579,000; 8,80000
 341,07;  656,500;  646,510;  657,000; 9,99000
 341,36;  518,000;  526,780;  511,000;-8,78000
 341,66;  653,000;  636,760;  599,000;16,24000
 341,96;  551,000;  561,960;  536,000;-10,96000
 342,26;  617,000;  638,420;  639,000;-21,42000
 342,56;  590,000;  597,840;  584,000;-7,84000
 342,86;  661,000;  648,350;  653,000;12,65000
 343,16;  545,000;  570,290;  571,000;-25,29000
 343,45;  662,500;  685,110;  706,000;-22,61000
 343,75;  571,000;  590,200;  589,000;-19,20000
 344,05;  685,500;  685,590;  684,000;-0,09000
 344,35;  570,500;  570,030;  574,000; 0,47000
 344,65;  696,500;  689,010;  679,000; 7,49000
 344,95;  632,000;  626,220;  619,000; 5,78000
 345,24;  660,500;  646,600;  628,000;13,90000
 345,54;  574,500;  587,510;  584,000;-13,01000
 345,84;  667,000;  672,310;  661,000;-5,31000
 346,14;  599,000;  580,040;  589,000;18,96000
 346,44;  657,500;  656,870;  679,000; 0,63000
 346,73;  546,000;  580,210;  526,000;-34,21000
 347,03;  645,000;  664,870;  672,000;-19,87000
 347,33;  588,000;  596,960;  594,000;-8,96000
 347,63;  634,500;  664,250;  688,000;-29,75000
 347,93;  598,500;  603,650;  581,000;-5,15000
 348,23;  658,500;  669,560;  627,000;-11,06000
 348,52;  603,500;  617,330;  622,000;-13,83000
 348,82;  666,000;  662,480;  675,000; 3,52000
 349,12;  560,000;  578,540;  572,000;-18,54000
 349,42;  665,000;  665,350;  674,000;-0,35000
 349,72;  557,000;  569,630;  551,000;-12,63000
 350,02;  641,500;  667,250;  645,000;-25,75000
 350,31;  595,000;  585,330;  587,000; 9,67000
 350,61;  656,500;  667,340;  656,000;-10,84000
 350,91;  606,000;  590,600;  575,000;15,40000
 351,21;  659,500;  661,710;  657,000;-2,21000
 351,51;  560,500;  572,910;  536,000;-12,41000
 351,80;  638,000;  652,190;  637,000;-14,19000
 352,10;  563,000;  563,000;  540,000; 0,00000
 352,40;  674,000;  657,490;  677,000;16,51000
 352,70;  617,500;  609,260;  610,000; 8,24000
 353,00;  631,000;  629,020;  636,000; 1,98000
 353,29;  554,000;  557,360;  540,000;-3,36000
 353,59;  581,000;  576,390;  554,000; 4,61000
 353,89;  511,500;  503,790;  502,000; 7,71000
 354,19;  619,500;  612,000;  593,000; 7,50000
 354,49;  539,500;  534,380;  510,000; 5,12000
 354,79;  628,500;  622,680;  650,000; 5,82000
 355,08;  499,000;  493,460;  465,000; 5,54000
 355,38;  588,500;  583,730;  605,000; 4,77000
 355,68;  529,500;  527,880;  520,000; 1,62000
 355,98;  579,500;  586,780;  603,000;-7,28000
 356,28;  560,000;  543,450;  527,000;16,55000
 356,57;  606,500;  632,070;  630,000;-25,57000
 356,87;  547,000;  561,260;  538,000;-14,26000
 357,17;  707,500;  689,210;  684,000;18,29000
 357,47;  519,500;  533,890;  509,000;-14,39000
 357,77;  645,500;  633,080;  589,000;12,42000
 358,06;  604,000;  593,650;  591,000;10,35000
 358,36;  627,000;  644,010;  633,000;-17,01000
 358,66;  573,500;  575,970;  606,000;-2,47000
 358,96;  671,500;  668,280;  650,000; 3,22000
 359,26;  567,500;  557,530;  548,000; 9,97000
 359,55;  659,000;  658,940;  643,000; 0,06000
 359,85;  581,000;  578,630;  582,000; 2,37000
 360,15;  663,500;  660,950;  675,000; 2,55000
 360,45;  608,500;  624,150;  645,000;-15,65000
 360,75;  652,500;  652,020;  658,000; 0,48000
 361,04;  601,500;  602,790;  599,000;-1,29000
 361,34;  675,000;  663,510;  623,000;11,49000
 361,64;  570,500;  574,940;  587,000;-4,44000
 361,94;  686,000;  689,190;  688,000;-3,19000
 362,24;  623,000;  635,920;  649,000;-12,92000
 362,53;  700,500;  673,500;  681,000;27,00000
 362,83;  537,500;  543,040;  517,000;-5,54000
 363,13;  645,000;  662,610;  701,000;-17,61000
 363,43;  583,500;  602,560;  578,000;-19,06000
 363,72;  620,500;  631,580;  628,000;-11,08000
 364,02;  599,000;  587,740;  572,000;11,26000
 364,32;  611,500;  648,620;  636,000;-37,12000
 364,62;  559,500;  557,140;  524,000; 2,36000
 364,92;  663,500;  670,460;  675,000;-6,96000
 365,21;  537,000;  574,590;  580,000;-37,59000
 365,51;  661,500;  656,390;  690,000; 5,11000
 365,81;  575,500;  570,740;  554,000; 4,76000
 366,11;  644,500;  652,630;  662,000;-8,13000
 366,41;  569,500;  568,170;  543,000; 1,33000
 366,70;  620,000;  628,860;  632,000;-8,86000
 367,00;  559,500;  578,790;  581,000;-19,29000
 367,30;  628,500;  625,610;  627,000; 2,89000
 367,60;  543,000;  561,620;  555,000;-18,62000
 367,89;  657,500;  660,620;  653,000;-3,12000
 368,19;  558,000;  566,060;  570,000;-8,06000
 368,49;  618,500;  625,000;  644,000;-6,50000
 368,79;  563,000;  568,590;  557,000;-5,59000
 369,09;  612,000;  641,140;  661,000;-29,14000
 369,38;  528,500;  542,830;  546,000;-14,33000
 369,68;  653,000;  662,030;  651,000;-9,03000
 369,98;  581,000;  568,180;  568,000;12,82000
 370,28;  649,000;  653,640;  642,000;-4,64000
 370,57;  527,000;  528,470;  502,000;-1,47000
 370,87;  662,000;  636,580;  625,000;25,42000
 371,17;  559,000;  551,280;  567,000; 7,72000
 371,47;  642,500;  640,280;  632,000; 2,22000
 371,76;  529,500;  558,510;  555,000;-29,01000
 372,06;  643,000;  627,490;  637,000;15,51000
 372,36;  544,000;  536,960;  530,000; 7,04000
 372,66;  692,500;  676,140;  653,000;16,36000
 372,96;  552,000;  566,640;  566,000;-14,64000
 373,25;  623,500;  625,820;  601,000;-2,32000
 373,55;  552,000;  559,640;  516,000;-7,64000
 373,85;  590,000;  598,880;  587,000;-8,88000
 374,15;  540,000;  545,300;  548,000;-5,30000
 374,44;  649,000;  647,050;  635,000; 1,95000
 374,74;  556,500;  565,670;  558,000;-9,17000
 375,04;  650,500;  645,740;  664,000; 4,76000
 375,34;  539,500;  556,210;  575,000;-16,71000
 375,63;  625,000;  625,080;  624,000;-0,08000
 375,93;  531,000;  532,650;  533,000;-1,65000
 376,23;  627,000;  643,120;  629,000;-16,12000
 376,53;  556,000;  538,480;  530,000;17,52000
 376,82;  627,500;  643,530;  631,000;-16,03000
 377,12;  525,000;  523,120;  510,000; 1,88000
 377,42;  636,000;  639,060;  634,000;-3,06000
 377,72;  521,000;  526,320;  478,000;-5,32000
 378,01;  642,500;  635,450;  621,000; 7,05000
 378,31;  581,500;  579,390;  589,000; 2,11000
 378,61;  617,000;  621,630;  573,000;-4,63000
 378,91;  536,500;  530,100;  529,000; 6,40000
 379,20;  599,000;  603,070;  605,000;-4,07000
 379,50;  544,000;  545,850;  516,000;-1,85000
 379,80;  605,500;  592,260;  564,000;13,24000
 380,10;  503,500;  497,180;  490,000; 6,32000
 380,39;  611,000;  610,620;  614,000; 0,38000
 380,69;  485,500;  495,340;  454,000;-9,84000
 380,99;  534,000;  567,990;  532,000;-33,99000
 381,29;  515,500;  511,970;  510,000; 3,53000
 381,58;  590,500;  585,760;  583,000; 4,74000
 381,88;  561,500;  573,720;  555,000;-12,22000
 382,18;  560,500;  573,790;  565,000;-13,29000
 382,48;  524,500;  518,590;  494,000; 5,91000
 382,77;  593,500;  584,190;  569,000; 9,31000
 383,07;  446,000;  448,700;  441,000;-2,70000
 383,37;  607,500;  582,300;  585,000;25,20000
 383,67;  481,000;  475,300;  464,000; 5,70000
 383,96;  517,000;  550,380;  515,000;-33,38000
 384,26;  489,500;  495,730;  474,000;-6,23000
 384,56;  522,500;  525,490;  536,000;-2,99000
 384,86;  428,500;  421,730;  408,000; 6,77000
 385,15;  507,000;  531,010;  516,000;-24,01000
 385,45;  442,000;  441,670;  435,000; 0,33000
 385,75;  544,500;  543,720;  519,000; 0,78000
 386,05;  446,000;  445,420;  426,000; 0,58000
 386,34;  601,000;  571,220;  570,000;29,78000
 386,64;  498,500;  480,150;  456,000;18,35000
 386,94;  540,000;  534,470;  521,000; 5,53000
 387,23;  487,000;  492,040;  505,000;-5,04000
 387,53;  562,500;  555,230;  529,000; 7,27000
 387,83;  460,500;  467,070;  475,000;-6,57000
 388,13;  588,000;  595,700;  582,000;-7,70000
 388,42;  526,500;  534,830;  524,000;-8,33000
 388,72;  610,000;  605,160;  604,000; 4,84000
 389,02;  504,000;  516,830;  518,000;-12,83000
 389,32;  561,000;  576,250;  561,000;-15,25000
 389,61;  571,500;  556,170;  547,000;15,33000
 389,91;  599,000;  592,870;  556,000; 6,13000
 390,21;  539,500;  533,030;  534,000; 6,47000
 390,50;  608,000;  604,280;  585,000; 3,72000
 390,80;  497,000;  497,210;  504,000;-0,21000
 391,10;  634,500;  637,910;  607,000;-3,41000
 391,40;  582,500;  568,330;  572,000;14,17000
 391,69;  586,500;  601,680;  581,000;-15,18000
 391,99;  570,500;  559,040;  528,000;11,46000
 392,29;  630,000;  614,190;  608,000;15,81000
 392,59;  544,000;  542,370;  513,000; 1,63000
 392,88;  564,000;  572,350;  550,000;-8,35000
 393,18;  519,000;  535,390;  536,000;-16,39000
 393,48;  647,000;  636,910;  628,000;10,09000
 393,77;  527,000;  519,300;  528,000; 7,70000
 394,07;  616,000;  613,360;  610,000; 2,64000
 394,37;  523,500;  515,520;  529,000; 7,98000
 394,67;  552,000;  569,360;  584,000;-17,36000
 394,96;  517,000;  522,220;  514,000;-5,22000
 395,26;  613,500;  613,910;  628,000;-0,41000
 395,56;  471,000;  468,070;  427,000; 2,93000
 395,85;  612,500;  603,220;  622,000; 9,28000
 396,15;  462,500;  454,950;  428,000; 7,55000
 396,45;  610,000;  593,700;  581,000;16,30000
 396,75;  465,500;  505,220;  504,000;-39,72000
 397,04;  538,500;  551,610;  537,000;-13,11000
 397,34;  467,000;  460,660;  435,000; 6,34000
 397,64;  525,000;  533,800;  534,000;-8,80000
 397,93;  437,500;  454,290;  418,000;-16,79000
 398,23;  536,500;  534,230;  486,000; 2,27000
 398,53;  448,000;  446,050;  452,000; 1,95000
 398,82;  620,500;  602,300;  595,000;18,20000
 399,12;  506,500;  508,910;  519,000;-2,41000
 399,42;  557,500;  567,130;  553,000;-9,63000
 399,72;  508,000;  490,380;  459,000;17,62000
 400,01;  578,000;  583,820;  578,000;-5,82000
 400,31;  514,000;  508,050;  513,000; 5,95000
 400,61;  576,000;  579,950;  549,000;-3,95000
 400,90;  497,500;  496,110;  490,000; 1,39000
 401,20;  640,000;  643,740;  619,000;-3,74000
 401,50;  528,000;  522,920;  483,000; 5,08000
 401,79;  609,000;  608,410;  606,000; 0,59000
 402,09;  526,000;  532,950;  532,000;-6,95000
 402,39;  582,500;  594,100;  579,000;-11,60000
 402,69;  545,000;  537,340;  535,000; 7,66000
 402,98;  652,000;  630,810;  585,000;21,19000
 403,28;  532,000;  533,840;  533,000;-1,84000
 403,58;  679,000;  667,500;  654,000;11,50000
 403,87;  544,000;  522,160;  469,000;21,84000
 404,17;  666,500;  645,500;  665,000;21,00000
 404,47;  572,000;  571,240;  568,000; 0,76000
 404,76;  647,500;  621,130;  638,000;26,37000
 405,06;  578,000;  570,210;  553,000; 7,79000
 405,36;  617,000;  623,130;  622,000;-6,13000
 405,65;  594,000;  589,120;  586,000; 4,88000
 405,95;  659,500;  667,420;  682,000;-7,92000
 406,25;  542,500;  570,600;  575,000;-28,10000
 406,55;  690,500;  674,110;  666,000;16,39000
 406,84;  601,500;  592,840;  591,000; 8,66000
 407,14;  675,000;  661,250;  657,000;13,75000
 407,44;  611,500;  605,510;  627,000; 5,99000
 407,73;  643,000;  662,170;  645,000;-19,17000
 408,03;  607,000;  592,110;  633,000;14,89000
 408,33;  683,500;  668,700;  663,000;14,80000
 408,62;  561,000;  554,210;  560,000; 6,79000
 408,92;  696,500;  687,800;  671,000; 8,70000
 409,22;  619,000;  588,730;  590,000;30,27000
 409,51;  729,000;  702,400;  718,000;26,60000
 409,81;  619,500;  602,140;  625,000;17,36000
 410,11;  663,000;  647,640;  658,000;15,36000
 410,40;  617,000;  603,470;  591,000;13,53000
 410,70;  667,500;  652,980;  639,000;14,52000
 411,00;  556,000;  553,420;  529,000; 2,58000
 411,29;  705,500;  677,230;  660,000;28,27000
 411,59;  577,500;  571,330;  567,000; 6,17000
 411,89;  688,000;  673,530;  645,000;14,47000
 412,18;  607,500;  595,250;  591,000;12,25000
 412,48;  694,500;  676,950;  676,000;17,55000
 412,78;  631,500;  615,290;  614,000;16,21000
 413,07;  670,500;  663,010;  647,000; 7,49000
 413,37;  607,000;  572,920;  578,000;34,08000
 413,67;  718,500;  681,490;  693,000;37,01000
 413,96;  598,000;  570,080;  546,000;27,92000
 414,26;  737,500;  683,450;  669,000;54,05000
 414,56;  639,000;  612,200;  575,000;26,80000
 414,85;  672,000;  656,870;  675,000;15,13000
 415,15;  595,000;  595,400;  594,000;-0,40000
 415,45;  668,500;  655,770;  649,000;12,73000
 415,74;  620,500;  620,990;  594,000;-0,49000
 416,04;  681,000;  663,830;  645,000;17,17000
 416,34;  583,000;  572,760;  573,000;10,24000
 416,63;  687,000;  675,750;  643,000;11,25000
 416,93;  607,000;  571,830;  574,000;35,17000
 417,23;  728,000;  687,880;  689,000;40,12000
 417,52;  648,000;  624,180;  636,000;23,82000
 417,82;  643,500;  639,660;  616,000; 3,84000
 418,12;  615,000;  598,070;  587,000;16,93000
 418,41;  665,000;  645,570;  647,000;19,43000
 418,71;  591,000;  567,860;  596,000;23,14000
 419,01;  702,000;  669,400;  636,000;32,60000
 419,30;  615,500;  599,920;  572,000;15,58000
 419,60;  733,000;  704,080;  715,000;28,92000
 419,90;  626,500;  604,910;  581,000;21,59000
 420,19;  711,000;  672,740;  648,000;38,26000
 420,49;  653,500;  621,110;  602,000;32,39000
 420,79;  747,500;  701,610;  716,000;45,89000
 421,08;  662,500;  622,450;  593,000;40,05000
 421,38;  723,000;  696,690;  694,000;26,31000
 421,68;  657,500;  614,330;  608,000;43,17000
 421,97;  750,500;  708,390;  701,000;42,11000
 422,27;  682,500;  639,360;  630,000;43,14000
 422,56;  717,000;  689,890;  668,000;27,11000
 422,86;  665,500;  637,730;  623,000;27,77000
 423,16;  786,500;  711,820;  710,000;74,68000
 423,45;  703,000;  605,540;  584,000;97,46000
 423,75;  774,000;  710,060;  675,000;63,94000
 424,05;  684,000;  611,650;  572,000;72,35000
 424,34;  779,500;  712,830;  713,000;66,67000
 424,64;  700,000;  595,210;  589,000;104,79000
 424,94;  770,000;  702,050;  676,000;67,95000
 425,23;  745,500;  647,960;  635,000;97,54000
 425,53;  784,000;  677,290;  684,000;106,71000
 425,83;  754,500;  628,330;  628,000;126,17000
 426,12;  823,000;  698,340;  668,000;124,66000
 426,42;  733,500;  593,790;  578,000;139,71000
 426,71;  876,500;  739,500;  707,000;137,00000
 427,01;  718,500;  592,810;  566,000;125,69000
 427,31;  912,000;  743,200;  742,000;168,80000
 427,60;  803,500;  605,990;  630,000;197,51000
 427,90;  908,500;  733,340;  723,000;175,16000
 428,20;  819,000;  648,640;  611,000;170,36000
 428,49;  862,000;  695,960;  695,000;166,04000
 428,79;  859,500;  660,690;  651,000;198,81000
 429,08;  879,500;  704,060;  679,000;175,44000
 429,38;  833,000;  615,360;  609,000;217,64000
 429,68;  924,000;  717,120;  719,000;206,88000
 429,97;  815,000;  624,010;  607,000;190,99000
 430,27;  992,500;  763,390;  755,000;229,11000
 430,57;  822,500;  645,650;  601,000;176,85000
 430,86;  947,500;  744,990;  710,000;202,51000
 431,16;  869,000;  635,910;  649,000;233,09000
 431,45;  915,000;  685,260;  687,000;229,74000
 431,75;  831,000;  620,610;  625,000;210,39000
 432,05;  931,000;  700,160;  690,000;230,84000
 432,34;  883,500;  635,800;  643,000;247,70000
 432,64;  988,500;  725,720;  756,000;262,78000
 432,94;  902,500;  632,360;  609,000;270,14000
 433,23;  961,000;  702,650;  704,000;258,35000
 433,53;  895,500;  652,150;  653,000;243,35000
 433,82;  954,500;  691,350;  675,000;263,15000
 434,12;  874,000;  611,350;  598,000;262,65000
 434,42; 1057,000;  715,430;  698,000;341,57000
 434,71;  922,000;  616,320;  614,000;305,68000
 435,01; 1031,500;  716,330;  726,000;315,17000
 435,31;  908,000;  606,450;  571,000;301,55000
 435,60; 1025,500;  719,100;  695,000;306,40000
 435,90;  944,000;  634,940;  637,000;309,06000
 436,19; 1005,500;  648,110;  619,000;357,39000
 436,49;  985,500;  631,670;  623,000;353,83000
 436,79; 1035,500;  678,770;  677,000;356,73000
 437,08;  932,500;  574,570;  601,000;357,93000
 437,38; 1045,500;  674,620;  670,000;370,88000
 437,67;  995,500;  625,340;  597,000;370,16000
 437,97; 1091,500;  697,830;  737,000;393,67000
 438,27; 1007,500;  624,700;  608,000;382,80000
 438,56; 1033,000;  666,410;  636,000;366,59000
 438,86; 1040,500;  598,220;  579,000;442,28000
 439,15; 1092,500;  681,010;  666,000;411,49000
 439,45;  995,500;  593,120;  620,000;402,38000
 439,75; 1083,500;  701,290;  708,000;382,21000
 440,04; 1004,000;  583,990;  538,000;420,01000
 440,34; 1083,000;  688,630;  709,000;394,37000
 440,63; 1040,000;  613,740;  625,000;426,26000
 440,93; 1087,500;  657,980;  676,000;429,52000
 441,23; 1051,500;  601,210;  602,000;450,29000
 441,52; 1184,500;  679,080;  675,000;505,42000
 441,82; 1070,000;  586,300;  562,000;483,70000
 442,11; 1188,500;  695,700;  690,000;492,80000
 442,41; 1112,500;  590,650;  584,000;521,85000
 442,71; 1212,500;  686,960;  691,000;525,54000
 443,00; 1135,000;  580,990;  559,000;554,01000
 443,30; 1194,500;  673,570;  719,000;520,93000
 443,59; 1193,000;  619,740;  637,000;573,26000
 443,89; 1238,000;  663,070;  662,000;574,93000
 444,19; 1185,000;  601,530;  619,000;583,47000
 444,48; 1300,000;  675,880;  667,000;624,12000
 444,78; 1193,000;  584,560;  589,000;608,44000
 445,07; 1301,500;  683,850;  686,000;617,65000
 445,37; 1220,000;  606,570;  641,000;613,43000
 445,67; 1347,000;  668,590;  669,000;678,41000
 445,96; 1359,500;  630,050;  619,000;729,45000
 446,26; 1411,000;  674,190;  668,000;736,81000
 446,55; 1281,500;  559,960;  527,000;721,54000
 446,85; 1375,500;  677,390;  658,000;698,11000
 447,14; 1316,500;  584,350;  610,000;732,15000
 447,44; 1458,500;  675,530;  689,000;782,97000
 447,74; 1395,500;  596,920;  612,000;798,58000
 448,03; 1489,500;  699,200;  685,000;790,30000
 448,33; 1476,500;  626,680;  613,000;849,82000
 448,62; 1510,000;  662,310;  659,000;847,69000
 448,92; 1453,000;  606,710;  584,000;846,29000
 449,22; 1573,500;  675,520;  698,000;897,98000
 449,51; 1450,500;  575,350;  566,000;875,15000
 449,81; 1576,000;  668,400;  636,000;907,60000
 450,10; 1533,500;  588,260;  565,000;945,24000
 450,40; 1616,000;  691,920;  702,000;924,08000
 450,69; 1578,500;  600,980;  583,000;977,52000
 450,99; 1676,000;  675,960;  657,000;1000,04000
 451,29; 1572,000;  588,630;  592,000;983,37000
 451,58; 1673,500;  640,640;  646,000;1032,86000
 451,88; 1707,000;  606,730;  633,000;1100,27000
 452,17; 1763,000;  658,250;  647,000;1104,75000
 452,47; 1670,000;  548,620;  522,000;1121,38000
 452,76; 1818,000;  693,680;  694,000;1124,32000
 453,06; 1704,500;  634,750;  617,000;1069,75000
 453,36; 1885,000;  696,180;  686,000;1188,82000
 453,65; 1805,500;  615,820;  613,000;1189,68000
 453,95; 1888,000;  699,990;  709,000;1188,01000
 454,24; 1816,000;  609,870;  605,000;1206,13000
 454,54; 1939,000;  684,470;  704,000;1254,53000
 454,83; 1815,000;  585,610;  571,000;1229,39000
 455,13; 1962,500;  670,350;  692,000;1292,15000
 455,42; 1907,500;  570,190;  558,000;1337,31000
 455,72; 2016,000;  689,680;  716,000;1326,32000
 456,02; 1995,500;  609,900;  606,000;1385,60000
 456,31; 2052,000;  688,670;  707,000;1363,33000
 456,61; 2080,000;  637,780;  596,000;1442,22000
 456,90; 2100,500;  682,130;  707,000;1418,37000
 457,20; 2062,500;  594,400;  592,000;1468,10000
 457,49; 2211,500;  716,580;  751,000;1494,92000
 457,79; 2107,000;  582,290;  585,000;1524,71000
 458,09; 2274,000;  687,900;  682,000;1586,10000
 458,38; 2210,000;  614,450;  631,000;1595,55000
 458,68; 2242,000;  681,260;  688,000;1560,74000
 458,97; 2293,500;  621,640;  631,000;1671,86000
 459,27; 2384,000;  674,850;  656,000;1709,15000
 459,56; 2325,500;  626,460;  633,000;1699,04000
 459,86; 2408,000;  661,440;  639,000;1746,56000
 460,15; 2307,500;  557,300;  536,000;1750,20000
 460,45; 2533,500;  673,080;  687,000;1860,42000
 460,74; 2468,000;  612,890;  564,000;1855,11000
 461,04; 2606,500;  708,850;  698,000;1897,65000
 461,34; 2580,000;  657,600;  629,000;1922,40000
 461,63; 2662,500;  702,320;  694,000;1960,18000
 461,93; 2612,500;  604,340;  585,000;2008,16000
 462,22; 2718,000;  718,310;  724,000;1999,69000
 462,52; 2586,000;  597,470;  609,000;1988,53000
 462,81; 2725,500;  720,880;  722,000;2004,62000
 463,11; 2589,000;  591,640;  591,000;1997,36000
 463,40; 2825,000;  732,230;  730,000;2092,77000
 463,70; 2844,500;  640,470;  628,000;2204,03000
 463,99; 2923,500;  694,060;  732,000;2229,44000
 464,29; 2968,500;  642,920;  617,000;2325,58000
 464,59; 3057,500;  707,940;  745,000;2349,56000
 464,88; 2977,500;  601,010;  591,000;2376,49000
 465,18; 3162,000;  710,070;  702,000;2451,93000
 465,47; 3142,500;  592,740;  594,000;2549,76000
 465,77; 3283,000;  734,500;  728,000;2548,50000
 466,06; 3138,500;  619,680;  598,000;2518,82000
 466,36; 3295,500;  691,240;  683,000;2604,26000
 466,65; 3207,500;  645,630;  647,000;2561,87000
 466,95; 3352,000;  686,900;  661,000;2665,10000
 467,24; 3329,000;  641,990;  684,000;2687,01000
 467,54; 3406,000;  720,010;  705,000;2685,99000
 467,83; 3318,500;  605,520;  605,000;2712,98000
 468,13; 3482,500;  719,770;  693,000;2762,73000
 468,42; 3427,000;  638,470;  608,000;2788,53000
 468,72; 3531,000;  693,590;  686,000;2837,41000
 469,02; 3539,500;  656,830;  664,000;2882,67000
 469,31; 3624,000;  712,240;  716,000;2911,76000
 469,61; 3594,000;  619,350;  608,000;2974,65000
 469,90; 3648,000;  713,020;  720,000;2934,98000
 470,20; 3580,000;  640,230;  637,000;2939,77000
 470,49; 3754,500;  738,140;  720,000;3016,36000
 470,79; 3631,500;  601,510;  588,000;3029,99000
 471,08; 3823,000;  747,030;  730,000;3075,97000
 471,38; 3727,000;  661,690;  640,000;3065,31000
 471,67; 3793,500;  696,330;  724,000;3097,17000
 471,97; 3802,000;  636,180;  624,000;3165,82000
 472,26; 3839,500;  681,310;  656,000;3158,19000
 472,56; 3761,500;  614,130;  603,000;3147,37000
 472,85; 3959,000;  744,900;  746,000;3214,10000
 473,15; 3755,500;  617,690;  608,000;3137,81000
 473,44; 3988,500;  720,360;  696,000;3268,14000
 473,74; 3933,500;  618,450;  600,000;3315,05000
 474,03; 4052,500;  694,760;  681,000;3357,74000
 474,33; 4010,500;  589,500;  579,000;3421,00000
 474,62; 4150,500;  693,600;  686,000;3456,90000
 474,92; 4106,000;  658,900;  666,000;3447,10000
 475,21; 4214,500;  690,070;  688,000;3524,43000
 475,51; 4149,000;  606,620;  642,000;3542,38000
 475,80; 4284,000;  676,710;  667,000;3607,29000
 476,10; 4150,000;  604,860;  589,000;3545,14000
 476,39; 4329,500;  704,910;  727,000;3624,59000
 476,69; 4201,000;  637,590;  630,000;3563,41000
 476,98; 4324,500;  716,490;  703,000;3608,01000
 477,28; 4299,500;  627,270;  643,000;3672,23000
 477,57; 4320,000;  663,640;  652,000;3656,36000
 477,87; 4260,500;  618,650;  603,000;3641,85000
 478,16; 4464,000;  737,260;  739,000;3726,74000
 478,46; 4398,000;  616,610;  605,000;3781,39000
 478,75; 4437,500;  727,400;  715,000;3710,10000
 479,05; 4404,000;  663,020;  632,000;3740,98000
 479,34; 4408,000;  699,100;  709,000;3708,90000
 479,64; 4461,000;  636,080;  631,000;3824,92000
 479,93; 4433,000;  689,030;  684,000;3743,97000
 480,23; 4380,500;  608,990;  613,000;3771,51000
 480,52; 4530,000;  727,970;  730,000;3802,03000
 480,82; 4468,000;  624,860;  596,000;3843,14000
 481,11; 4452,000;  680,890;  689,000;3771,11000
 481,41; 4353,500;  626,020;  640,000;3727,48000
 481,70; 4434,000;  716,910;  688,000;3717,09000
 482,00; 4389,500;  587,840;  583,000;3801,66000
 482,29; 4399,000;  683,150;  670,000;3715,85000
 482,59; 4446,500;  590,390;  570,000;3856,11000
 482,88; 4466,500;  680,350;  666,000;3786,15000
 483,18; 4290,000;  542,440;  538,000;3747,56000
 483,47; 4554,500;  684,570;  649,000;3869,93000
 483,77; 4456,000;  567,380;  559,000;3888,62000
 484,06; 4556,000;  622,250;  621,000;3933,75000
 484,36; 4460,000;  523,620;  531,000;3936,38000
 484,65; 4635,500;  602,070;  563,000;4033,43000
 484,95; 4533,000;  516,250;  526,000;4016,75000
 485,24; 4627,000;  568,690;  567,000;4058,31000
 485,54; 4525,000;  502,680;  440,000;4022,32000
 485,83; 4663,000;  588,750;  571,000;4074,25000
 486,13; 4549,500;  458,160;  431,000;4091,34000
 486,42; 4640,000;  598,910;  603,000;4041,09000
 486,72; 4594,500;  491,810;  459,000;4102,69000
 487,01; 4732,000;  586,190;  594,000;4145,81000
 487,31; 4638,000;  530,070;  543,000;4107,93000
 487,60; 4763,500;  656,260;  623,000;4107,24000
 487,90; 4690,500;  569,530;  557,000;4120,97000
 488,19; 4781,000;  657,570;  671,000;4123,43000
 488,49; 4714,500;  497,750;  469,000;4216,75000
 488,78; 4855,500;  613,430;  641,000;4242,07000
 489,08; 4694,500;  522,140;  525,000;4172,36000
 489,37; 4878,000;  656,470;  662,000;4221,53000
 489,66; 4812,000;  572,170;  587,000;4239,83000
 489,96; 4923,000;  642,580;  608,000;4280,42000
 490,25; 4862,500;  587,170;  622,000;4275,33000
 490,55; 4895,000;  667,110;  648,000;4227,89000
 490,84; 4804,500;  553,950;  557,000;4250,55000
 491,14; 4927,500;  658,450;  643,000;4269,05000
 491,43; 4944,000;  594,520;  604,000;4349,48000
 491,73; 5050,000;  689,750;  695,000;4360,25000
 492,02; 4947,500;  581,230;  588,000;4366,27000
 492,32; 4997,000;  644,320;  622,000;4352,68000
 492,61; 4908,500;  592,290;  587,000;4316,21000
 492,91; 4934,000;  645,090;  624,000;4288,91000
 493,20; 4938,500;  581,240;  595,000;4357,26000
 493,50; 5038,500;  691,310;  698,000;4347,19000
 493,79; 4947,000;  588,260;  567,000;4358,74000
 494,08; 5101,000;  701,830;  719,000;4399,17000
 494,38; 4987,500;  589,280;  584,000;4398,22000
 494,67; 4986,000;  652,780;  687,000;4333,22000
 494,97; 5006,000;  642,850;  629,000;4363,15000
 495,26; 5002,000;  670,200;  663,000;4331,80000
 495,56; 4850,500;  553,230;  549,000;4297,27000
 495,85; 4963,500;  660,740;  640,000;4302,76000
 496,15; 4818,500;  554,100;  553,000;4264,40000
 496,44; 4872,500;  675,720;  662,000;4196,78000
 496,74; 4779,500;  588,300;  595,000;4191,20000
 497,03; 4922,000;  688,200;  708,000;4233,80000
 497,32; 4664,500;  581,370;  586,000;4083,13000
 497,62; 4777,000;  657,560;  666,000;4119,44000
 497,91; 4656,000;  588,310;  579,000;4067,69000
 498,21; 4669,500;  653,300;  697,000;4016,20000
 498,50; 4564,000;  585,300;  612,000;3978,70000
 498,80; 4648,000;  676,480;  669,000;3971,52000
 499,09; 4543,500;  603,500;  611,000;3940,00000
 499,39; 4642,500;  694,240;  723,000;3948,26000
 499,68; 4468,500;  573,580;  550,000;3894,92000
 499,97; 4578,000;  689,680;  678,000;3888,32000
 500,27; 4494,000;  586,390;  608,000;3907,61000
 500,56; 4563,500;  675,830;  687,000;3887,67000
 500,86; 4474,000;  557,970;  565,000;3916,03000
 501,15; 4558,000;  700,260;  695,000;3857,74000
 501,45; 4448,000;  603,960;  593,000;3844,04000
 501,74; 4598,500;  707,500;  728,000;3891,00000
 502,04; 4459,500;  627,350;  621,000;3832,15000
 502,33; 4522,500;  662,370;  682,000;3860,13000
 502,62; 4465,500;  606,440;  597,000;3859,06000
 502,92; 4475,000;  666,730;  656,000;3808,27000
 503,21; 4398,000;  605,860;  596,000;3792,14000
 503,51; 4560,500;  682,640;  710,000;3877,86000
 503,80; 4339,000;  594,870;  591,000;3744,13000
 504,10; 4372,500;  671,940;  634,000;3700,56000
 504,39; 4303,000;  621,010;  644,000;3681,99000
 504,68; 4352,000;  713,970;  712,000;3638,03000
 504,98; 4296,000;  622,540;  621,000;3673,46000
 505,27; 4327,000;  681,530;  669,000;3645,47000
 505,57; 4260,000;  635,960;  629,000;3624,04000
 505,86; 4292,500;  676,700;  664,000;3615,80000
 506,16; 4170,500;  603,160;  600,000;3567,34000
 506,45; 4287,500;  732,080;  714,000;3555,42000
 506,74; 4185,500;  620,210;  604,000;3565,29000
 507,04; 4313,000;  720,370;  714,000;3592,63000
 507,33; 4219,000;  617,270;  596,000;3601,73000
 507,63; 4251,000;  658,510;  664,000;3592,49000
 507,92; 4225,500;  606,110;  621,000;3619,39000
 508,22; 4311,500;  705,450;  694,000;3606,05000
 508,51; 4170,500;  589,030;  585,000;3581,47000
 508,80; 4226,500;  695,450;  680,000;3531,05000
 509,10; 4126,000;  596,340;  574,000;3529,66000
 509,39; 4283,500;  714,080;  722,000;3569,42000
 509,69; 4184,500;  626,270;  617,000;3558,23000
 509,98; 4217,000;  717,040;  704,000;3499,96000
 510,28; 4061,000;  612,540;  564,000;3448,46000
 510,57; 4166,500;  706,000;  721,000;3460,50000
 510,86; 3973,500;  594,590;  593,000;3378,91000
 511,16; 4090,000;  685,420;  696,000;3404,58000
 511,45; 3911,500;  615,400;  616,000;3296,10000
 511,75; 4099,000;  716,340;  722,000;3382,66000
 512,04; 3943,000;  605,630;  610,000;3337,37000
 512,33; 4007,500;  702,840;  710,000;3304,66000
 512,63; 3929,500;  614,870;  638,000;3314,63000
 512,92; 4045,500;  697,820;  688,000;3347,68000
 513,22; 3889,000;  611,610;  655,000;3277,39000
 513,51; 4039,500;  699,070;  677,000;3340,43000
 513,80; 3810,500;  586,270;  597,000;3224,23000
 514,10; 3979,500;  726,000;  735,000;3253,50000
 514,39; 3750,500;  613,360;  588,000;3137,14000
 514,69; 3870,500;  685,760;  669,000;3184,74000
 514,98; 3790,500;  635,360;  614,000;3155,14000
 515,27; 3910,000;  706,800;  726,000;3203,20000
 515,57; 3718,500;  620,570;  567,000;3097,93000
 515,86; 3802,000;  702,830;  692,000;3099,17000
 516,16; 3653,000;  587,160;  586,000;3065,84000
 516,45; 3870,000;  729,840;  729,000;3140,16000
 516,74; 3707,500;  595,080;  589,000;3112,42000
 517,04; 3699,000;  673,710;  671,000;3025,29000
 517,33; 3694,500;  620,070;  610,000;3074,43000
 517,63; 3658,000;  695,780;  711,000;2962,22000
 517,92; 3565,000;  636,440;  650,000;2928,56000
 518,21; 3635,500;  684,150;  664,000;2951,35000
 518,51; 3540,000;  604,650;  597,000;2935,35000
 518,80; 3657,000;  726,340;  713,000;2930,66000
 519,10; 3523,500;  601,530;  639,000;2921,97000
 519,39; 3552,500;  692,490;  689,000;2860,01000
 519,68; 3486,500;  589,670;  594,000;2896,83000
 519,98; 3549,000;  708,380;  712,000;2840,62000
 520,27; 3408,000;  598,250;  622,000;2809,75000
 520,57; 3516,500;  702,670;  699,000;2813,83000
 520,86; 3341,000;  569,070;  566,000;2771,93000
 521,15; 3481,000;  689,310;  699,000;2791,69000
 521,45; 3367,000;  578,160;  566,000;2788,84000
 521,74; 3457,500;  676,100;  669,000;2781,40000
 522,03; 3426,000;  609,930;  633,000;2816,07000
 522,33; 3483,500;  671,710;  665,000;2811,79000
 522,62; 3444,000;  645,580;  643,000;2798,42000
 522,92; 3532,500;  691,370;  697,000;2841,13000
 523,21; 3482,500;  608,650;  598,000;2873,85000
 523,50; 3541,000;  694,490;  718,000;2846,51000
 523,80; 3464,500;  560,830;  536,000;2903,67000
 524,09; 3600,500;  708,380;  705,000;2892,12000
 524,38; 3557,000;  585,550;  590,000;2971,45000
 524,68; 3547,000;  670,600;  669,000;2876,40000
 524,97; 3637,000;  643,610;  657,000;2993,39000
 525,27; 3559,000;  660,680;  644,000;2898,32000
 525,56; 3638,000;  618,560;  636,000;3019,44000
 525,85; 3588,500;  652,700;  643,000;2935,80000
 526,15; 3470,500;  583,270;  584,000;2887,23000
 526,44; 3585,500;  667,170;  684,000;2918,33000
 526,73; 3457,500;  593,900;  588,000;2863,60000
 527,03; 3656,000;  698,160;  674,000;2957,84000
 527,32; 3495,000;  573,290;  577,000;2921,71000
 527,62; 3632,000;  697,800;  698,000;2934,20000
 527,91; 3491,500;  583,510;  570,000;2907,99000
 528,20; 3514,500;  629,110;  660,000;2885,39000
 528,50; 3522,000;  628,580;  657,000;2893,42000
 528,79; 3598,500;  671,850;  688,000;2926,65000
 529,08; 3436,500;  552,100;  557,000;2884,40000
 529,38; 3536,500;  701,680;  703,000;2834,82000
 529,67; 3464,000;  590,060;  600,000;2873,94000
 529,96; 3554,000;  654,390;  666,000;2899,61000
 530,26; 3498,000;  583,700;  598,000;2914,30000
 530,55; 3505,000;  661,410;  628,000;2843,59000
 530,85; 3433,000;  599,480;  615,000;2833,52000
 531,14; 3485,500;  668,170;  686,000;2817,33000
 531,43; 3429,500;  596,650;  607,000;2832,85000
 531,73; 3509,000;  691,610;  669,000;2817,39000
 532,02; 3402,000;  567,340;  570,000;2834,66000
 532,31; 3525,500;  694,930;  649,000;2830,57000
 532,61; 3429,500;  630,890;  623,000;2798,61000
 532,90; 3399,500;  634,550;  635,000;2764,95000
 533,19; 3401,000;  600,760;  596,000;2800,24000
 533,49; 3426,500;  676,170;  677,000;2750,33000
 533,78; 3328,500;  576,580;  578,000;2751,92000
 534,07; 3468,500;  673,120;  705,000;2795,38000
 534,37; 3277,500;  568,350;  559,000;2709,15000
 534,66; 3445,500;  709,080;  734,000;2736,42000
 534,95; 3287,000;  593,500;  568,000;2693,50000
 535,25; 3370,000;  699,940;  713,000;2670,06000
 535,54; 3352,000;  610,130;  598,000;2741,87000
 535,84; 3368,500;  687,160;  697,000;2681,34000
 536,13; 3251,500;  598,450;  587,000;2653,05000
 536,42; 3363,500;  668,150;  648,000;2695,35000
 536,72; 3208,500;  574,260;  602,000;2634,24000
 537,01; 3360,000;  689,430;  695,000;2670,57000
 537,30; 3210,000;  556,870;  558,000;2653,13000
 537,60; 3293,500;  701,490;  691,000;2592,01000
 537,89; 3223,500;  614,420;  600,000;2609,08000
 538,18; 3287,000;  699,590;  721,000;2587,41000
 538,48; 3224,500;  633,610;  627,000;2590,89000
 538,77; 3276,000;  655,580;  653,000;2620,42000
 539,06; 3161,500;  581,020;  561,000;2580,48000
 539,36; 3348,500;  670,970;  654,000;2677,53000
 539,65; 3126,500;  555,030;  554,000;2571,47000
 539,94; 3344,000;  715,380;  709,000;2628,62000
 540,24; 3350,000;  683,150;  702,000;2666,85000
 540,53; 3355,500;  688,600;  650,000;2666,90000
 540,82; 3220,000;  642,740;  669,000;2577,26000
 541,12; 3316,000;  679,120;  675,000;2636,88000
 541,41; 3173,500;  615,120;  606,000;2558,38000
 541,70; 3346,500;  697,210;  713,000;2649,29000
 542,00; 3257,500;  615,070;  611,000;2642,43000
 542,29; 3413,500;  742,680;  722,000;2670,82000
 542,58; 3266,500;  616,570;  601,000;2649,93000
 542,88; 3363,500;  697,620;  689,000;2665,88000
 543,17; 3287,000;  638,000;  640,000;2649,00000
 543,46; 3432,500;  705,960;  727,000;2726,54000
 543,75; 3313,500;  609,940;  621,000;2703,56000
 544,05; 3411,000;  705,230;  738,000;2705,77000
 544,34; 3336,500;  608,670;  624,000;2727,83000
 544,63; 3424,000;  728,520;  764,000;2695,48000
 544,93; 3295,000;  587,940;  583,000;2707,06000
 545,22; 3431,500;  746,980;  758,000;2684,52000
 545,51; 3424,500;  653,310;  667,000;2771,19000
 545,81; 3426,000;  667,260;  678,000;2758,74000
 546,10; 3380,500;  635,770;  608,000;2744,73000
 546,39; 3506,500;  697,540;  695,000;2808,96000
 546,69; 3395,500;  574,600;  583,000;2820,90000
 546,98; 3466,000;  724,550;  731,000;2741,45000
 547,27; 3459,000;  615,800;  611,000;2843,20000
 547,57; 3523,000;  709,690;  702,000;2813,31000
 547,86; 3451,000;  655,320;  671,000;2795,68000
 548,15; 3503,500;  736,310;  755,000;2767,19000
 548,45; 3444,500;  618,130;  615,000;2826,37000
 548,74; 3492,000;  674,080;  683,000;2817,92000
 549,03; 3404,000;  620,320;  579,000;2783,68000
 549,32; 3605,000;  738,490;  765,000;2866,51000
 549,62; 3429,500;  612,400;  589,000;2817,10000
 549,91; 3593,000;  701,250;  689,000;2891,75000
 550,20; 3427,000;  612,560;  639,000;2814,44000
 550,50; 3565,000;  693,950;  697,000;2871,05000
 550,79; 3493,000;  632,190;  640,000;2860,81000
 551,08; 3548,500;  679,000;  674,000;2869,50000
 551,38; 3487,000;  651,210;  626,000;2835,79000
 551,67; 3525,000;  682,890;  661,000;2842,11000
 551,96; 3427,500;  593,250;  564,000;2834,25000
 552,25; 3600,000;  700,960;  702,000;2899,04000
 552,55; 3446,000;  628,130;  637,000;2817,87000
 552,84; 3544,000;  704,510;  723,000;2839,49000
 553,13; 3483,500;  611,100;  618,000;2872,40000
 553,43; 3593,500;  736,160;  728,000;2857,34000
 553,72; 3520,500;  610,160;  607,000;2910,34000
 554,01; 3547,500;  716,810;  682,000;2830,69000
 554,31; 3502,000;  615,490;  571,000;2886,51000
 554,60; 3579,500;  709,430;  707,000;2870,07000
 554,89; 3458,500;  589,900;  610,000;2868,60000
 555,18; 3542,000;  711,620;  691,000;2830,38000
 555,48; 3451,500;  625,490;  643,000;2826,01000
 555,77; 3608,500;  706,120;  677,000;2902,38000
 556,06; 3421,500;  609,340;  609,000;2812,16000
 556,36; 3600,000;  717,650;  729,000;2882,35000
 556,65; 3419,000;  581,150;  597,000;2837,85000
 556,94; 3592,500;  690,750;  671,000;2901,75000
 557,23; 3461,000;  582,020;  586,000;2878,98000
 557,53; 3584,500;  687,340;  674,000;2897,16000
 557,82; 3499,000;  588,220;  604,000;2910,78000
 558,11; 3597,000;  707,120;  682,000;2889,88000
 558,40; 3512,000;  602,770;  561,000;2909,23000
 558,70; 3578,000;  646,170;  619,000;2931,83000
 558,99; 3552,000;  625,000;  587,000;2927,00000
 559,28; 3581,500;  673,360;  684,000;2908,14000
 559,58; 3538,500;  582,760;  587,000;2955,74000
 559,87; 3640,500;  703,090;  722,000;2937,41000
 560,16; 3578,500;  592,590;  579,000;2985,91000
 560,45; 3582,000;  648,090;  631,000;2933,91000
 560,75; 3594,500;  599,290;  588,000;2995,21000
 561,04; 3692,000;  710,630;  719,000;2981,37000
 561,33; 3597,000;  607,130;  607,000;2989,87000
 561,63; 3691,000;  681,990;  683,000;3009,01000
 561,92; 3538,000;  566,140;  519,000;2971,86000
 562,21; 3795,000;  713,300;  708,000;3081,70000
 562,50; 3689,500;  567,840;  553,000;3121,66000
 562,80; 3783,500;  697,780;  705,000;3085,72000
 563,09; 3750,500;  597,470;  591,000;3153,03000
 563,38; 3900,000;  703,430;  673,000;3196,57000
 563,67; 3726,000;  668,810;  688,000;3057,19000
 563,97; 3932,500;  670,330;  660,000;3262,17000
 564,26; 3777,500;  613,470;  604,000;3164,03000
 564,55; 3935,000;  681,200;  679,000;3253,80000
 564,84; 3765,500;  566,430;  532,000;3199,07000
 565,14; 3904,000;  697,990;  660,000;3206,01000
 565,43; 3830,000;  596,900;  586,000;3233,10000
 565,72; 4018,500;  693,170;  666,000;3325,33000
 566,01; 3919,500;  626,770;  619,000;3292,73000
 566,31; 3940,500;  660,630;  674,000;3279,87000
 566,60; 3919,000;  610,870;  612,000;3308,13000
 566,89; 3982,500;  645,850;  663,000;3336,65000
 567,18; 3929,000;  543,120;  565,000;3385,88000
 567,48; 4077,500;  650,700;  643,000;3426,80000
 567,77; 3914,000;  573,060;  535,000;3340,94000
 568,06; 4037,500;  675,680;  668,000;3361,82000
 568,35; 3959,000;  576,950;  547,000;3382,05000
 568,65; 4017,000;  660,790;  644,000;3356,21000
 568,94; 3858,500;  553,790;  509,000;3304,71000
 569,23; 3933,500;  599,520;  565,000;3333,98000
 569,52; 3930,500;  570,110;  572,000;3360,39000
 569,82; 3920,500;  598,950;  579,000;3321,55000
 570,11; 3813,500;  500,690;  486,000;3312,81000
 570,40; 4043,000;  658,880;  624,000;3384,12000
 570,69; 4016,500;  551,580;  518,000;3464,92000
 570,99; 4060,000;  598,670;  584,000;3461,33000
 571,28; 4004,000;  536,880;  523,000;3467,12000
 571,57; 3935,500;  536,820;  543,000;3398,68000
 571,86; 3948,000;  468,120;  438,000;3479,88000
 572,16; 4037,000;  555,580;  549,000;3481,42000
 572,45; 3879,500;  436,900;  408,000;3442,60000
 572,74; 3893,500;  545,150;  543,000;3348,35000
 573,03; 3781,500;  414,480;  429,000;3367,02000
 573,33; 3965,000;  535,700;  547,000;3429,30000
 573,62; 3786,500;  465,670;  452,000;3320,83000
 573,91; 3890,500;  536,390;  520,000;3354,11000
 574,20; 3809,500;  501,930;  467,000;3307,57000
 574,50; 3819,500;  561,480;  538,000;3258,02000
 574,79; 3674,500;  471,370;  451,000;3203,13000
 575,08; 3810,000;  609,270;  584,000;3200,73000
 575,37; 3748,000;  514,530;  478,000;3233,47000
 575,66; 3760,500;  620,010;  617,000;3140,49000
 575,96; 3659,500;  530,720;  535,000;3128,78000
 576,25; 3686,000;  635,760;  613,000;3050,24000
 576,54; 3653,000;  585,530;  560,000;3067,47000
 576,83; 3714,500;  617,210;  611,000;3097,29000
 577,13; 3625,000;  560,330;  558,000;3064,67000
 577,42; 3702,500;  659,420;  641,000;3043,08000
 577,71; 3502,000;  535,220;  520,000;2966,78000
 578,00; 3633,000;  668,080;  686,000;2964,92000
 578,29; 3551,000;  616,650;  589,000;2934,35000
 578,59; 3576,000;  712,120;  709,000;2863,88000
 578,88; 3574,000;  630,700;  656,000;2943,30000
 579,17; 3631,500;  705,690;  698,000;2925,81000
 579,46; 3470,500;  604,020;  591,000;2866,48000
 579,76; 3556,500;  689,680;  708,000;2866,82000
 580,05; 3430,000;  604,660;  588,000;2825,34000
 580,34; 3551,000;  709,010;  726,000;2841,99000
 580,63; 3438,500;  572,530;  607,000;2865,97000
 580,92; 3520,000;  695,630;  685,000;2824,37000
 581,22; 3443,000;  615,720;  600,000;2827,28000
 581,51; 3539,500;  661,420;  648,000;2878,08000
 581,80; 3460,500;  617,970;  587,000;2842,53000
 582,09; 3477,000;  707,660;  705,000;2769,34000
 582,38; 3413,500;  623,290;  640,000;2790,21000
 582,68; 3559,000;  704,070;  720,000;2854,93000
 582,97; 3472,500;  631,840;  622,000;2840,66000
 583,26; 3559,000;  715,290;  711,000;2843,71000
 583,55; 3452,000;  631,390;  624,000;2820,61000
 583,84; 3516,500;  675,530;  606,000;2840,97000
 584,14; 3449,500;  627,990;  620,000;2821,51000
 584,43; 3459,000;  685,330;  647,000;2773,67000
 584,72; 3535,500;  634,590;  647,000;2900,91000
 585,01; 3577,000;  736,220;  714,000;2840,78000
 585,30; 3454,000;  616,560;  617,000;2837,44000
 585,60; 3642,500;  738,900;  736,000;2903,60000
 585,89; 3552,500;  646,360;  653,000;2906,14000
 586,18; 3604,500;  730,100;  727,000;2874,40000
 586,47; 3540,500;  645,890;  621,000;2894,61000
 586,76; 3601,500;  675,670;  690,000;2925,83000
 587,06; 3505,000;  631,430;  628,000;2873,57000
 587,35; 3583,000;  713,570;  710,000;2869,43000
 587,64; 3539,000;  605,550;  573,000;2933,45000
 587,93; 3614,000;  722,190;  748,000;2891,81000
 588,22; 3627,500;  656,380;  681,000;2971,12000
 588,52; 3691,000;  737,560;  726,000;2953,44000
 588,81; 3607,000;  623,830;  615,000;2983,17000
 589,10; 3769,500;  702,300;  696,000;3067,20000
 589,39; 3690,500;  659,680;  660,000;3030,82000
 589,68; 3770,500;  691,200;  700,000;3079,30000
 589,98; 3638,000;  604,160;  611,000;3033,84000
 590,27; 3782,000;  716,510;  667,000;3065,49000
 590,56; 3644,500;  609,700;  588,000;3034,80000
 590,85; 3898,000;  733,200;  756,000;3164,80000
 591,14; 3749,000;  653,560;  642,000;3095,44000
 591,43; 3784,500;  709,550;  689,000;3074,95000
 591,73; 3770,000;  629,310;  609,000;3140,69000
 592,02; 3803,000;  690,570;  692,000;3112,43000
 592,31; 3699,500;  620,880;  628,000;3078,62000
 592,60; 3855,500;  710,680;  677,000;3144,82000
 592,89; 3666,000;  613,910;  594,000;3052,09000
 593,19; 3838,000;  703,890;  696,000;3134,11000
 593,48; 3848,500;  658,350;  644,000;3190,15000
 593,77; 3880,500;  673,500;  672,000;3207,00000
 594,06; 3730,500;  640,660;  664,000;3089,84000
 594,35; 3818,000;  702,920;  687,000;3115,08000
 594,64; 3767,500;  626,910;  624,000;3140,59000
 594,94; 3735,000;  679,950;  672,000;3055,05000
 595,23; 3708,000;  605,360;  596,000;3102,64000
 595,52; 3800,000;  697,240;  694,000;3102,76000
 595,81; 3638,500;  588,960;  601,000;3049,54000
 596,10; 3782,500;  731,050;  716,000;3051,45000
 596,39; 3680,500;  644,680;  648,000;3035,82000
 596,69; 3740,500;  692,650;  696,000;3047,85000
 596,98; 3623,000;  673,120;  651,000;2949,88000
 597,27; 3701,000;  694,040;  700,000;3006,96000
 597,56; 3598,000;  631,190;  606,000;2966,81000
 597,85; 3659,000;  739,790;  746,000;2919,21000
 598,14; 3529,000;  636,370;  666,000;2892,63000
 598,44; 3663,000;  718,710;  729,000;2944,29000
 598,73; 3474,000;  663,010;  682,000;2810,99000
 599,02; 3549,500;  683,290;  675,000;2866,21000
 599,31; 3410,000;  634,940;  645,000;2775,06000
 599,60; 3482,500;  703,490;  711,000;2779,01000
 599,89; 3370,000;  626,270;  630,000;2743,73000
 600,19; 3450,500;  713,730;  729,000;2736,77000
 600,48; 3337,500;  608,850;  575,000;2728,65000
 600,77; 3407,500;  704,070;  692,000;2703,43000
 601,06; 3269,000;  624,130;  635,000;2644,87000
 601,35; 3337,500;  711,270;  707,000;2626,23000
 601,64; 3189,000;  603,580;  572,000;2585,42000
 601,93; 3291,500;  676,410;  681,000;2615,09000
 602,23; 3093,500;  614,970;  634,000;2478,53000
 602,52; 3225,500;  693,730;  671,000;2531,77000
 602,81; 3126,500;  614,100;  625,000;2512,40000
 603,10; 3198,000;  728,630;  706,000;2469,37000
 603,39; 3064,500;  626,230;  628,000;2438,27000
 603,68; 3138,500;  729,500;  751,000;2409,00000
 603,97; 3051,500;  633,500;  629,000;2418,00000
 604,27; 3139,000;  689,370;  706,000;2449,63000
 604,56; 3031,000;  629,010;  661,000;2401,99000
 604,85; 3054,000;  701,820;  696,000;2352,18000
 605,14; 2996,000;  637,460;  623,000;2358,54000
 605,43; 3056,500;  698,700;  702,000;2357,80000
 605,72; 2956,000;  620,290;  643,000;2335,71000
 606,01; 3033,500;  744,700;  714,000;2288,80000
 606,31; 2882,500;  640,180;  634,000;2242,32000
 606,60; 2981,500;  713,190;  719,000;2268,31000
 606,89; 2946,000;  650,080;  623,000;2295,92000
 607,18; 2912,500;  696,380;  697,000;2216,12000
 607,47; 2755,500;  592,560;  545,000;2162,94000
 607,76; 2890,000;  720,640;  763,000;2169,36000
 608,05; 2793,500;  619,770;  607,000;2173,73000
 608,34; 2940,500;  709,200;  721,000;2231,30000
 608,64; 2855,000;  660,260;  662,000;2194,74000
 608,93; 2957,500;  716,090;  708,000;2241,41000
 609,22; 2813,000;  655,230;  635,000;2157,77000
 609,51; 2907,500;  735,900;  723,000;2171,60000
 609,80; 2790,000;  653,040;  664,000;2136,96000
 610,09; 2940,000;  735,320;  761,000;2204,68000
 610,38; 2837,500;  624,170;  628,000;2213,33000
 610,67; 2932,500;  731,140;  733,000;2201,36000
 610,97; 2831,500;  626,090;  625,000;2205,41000
 611,26; 2910,500;  717,560;  726,000;2192,94000
 611,55; 2898,000;  671,010;  686,000;2226,99000
 611,84; 2877,500;  666,170;  656,000;2211,33000
 612,13; 2773,000;  635,490;  612,000;2137,51000
 612,42; 2898,500;  709,240;  730,000;2189,26000
 612,71; 2892,000;  604,240;  579,000;2287,76000
 613,00; 2858,500;  701,400;  715,000;2157,10000
 613,30; 2862,500;  655,220;  650,000;2207,28000
 613,59; 2950,000;  731,320;  724,000;2218,68000
 613,88; 2890,000;  643,290;  665,000;2246,71000
 614,17; 2923,000;  706,600;  731,000;2216,40000
 614,46; 2850,000;  608,070;  597,000;2241,93000
 614,75; 2951,000;  675,540;  659,000;2275,46000
 615,04; 2786,000;  620,140;  598,000;2165,86000
 615,33; 2927,000;  712,700;  692,000;2214,30000
 615,62; 2837,500;  641,470;  617,000;2196,03000
 615,92; 2921,500;  697,080;  694,000;2224,42000
 616,21; 2880,500;  648,310;  643,000;2232,19000
 616,50; 2898,000;  703,030;  677,000;2194,97000
 616,79; 2825,000;  632,690;  660,000;2192,31000
 617,08; 2947,500;  726,700;  730,000;2220,80000
 617,37; 2843,500;  618,090;  619,000;2225,41000
 617,66; 2941,000;  722,170;  713,000;2218,83000
 617,95; 2803,500;  647,910;  644,000;2155,59000
 618,24; 2923,000;  747,280;  750,000;2175,72000
 618,53; 2800,500;  637,930;  637,000;2162,57000
 618,83; 2867,500;  718,970;  739,000;2148,53000
 619,12; 2839,500;  659,370;  648,000;2180,13000
 619,41; 2856,500;  691,290;  708,000;2165,21000
 619,70; 2751,000;  615,900;  623,000;2135,10000
 619,99; 2759,000;  689,160;  708,000;2069,84000
 620,28; 2716,500;  591,590;  601,000;2124,91000
 620,57; 2841,500;  701,060;  730,000;2140,44000
 620,86; 2655,000;  607,270;  602,000;2047,73000
 621,15; 2770,000;  743,630;  741,000;2026,37000
 621,44; 2604,000;  628,260;  658,000;1975,74000
 621,73; 2750,000;  736,350;  754,000;2013,65000
 622,03; 2638,500;  636,110;  621,000;2002,39000
 622,32; 2667,500;  712,460;  715,000;1955,04000
 622,61; 2560,500;  634,930;  652,000;1925,57000
 622,90; 2640,500;  726,220;  711,000;1914,28000
 623,19; 2453,500;  608,510;  617,000;1844,99000
 623,48; 2524,000;  722,870;  750,000;1801,13000
 623,77; 2452,500;  623,900;  601,000;1828,60000
 624,06; 2463,000;  701,040;  706,000;1761,96000
 624,35; 2389,000;  681,230;  645,000;1707,77000
 624,64; 2381,500;  720,990;  738,000;1660,51000
 624,93; 2287,500;  634,440;  663,000;1653,06000
 625,22; 2391,000;  733,760;  720,000;1657,24000
 625,52; 2231,500;  606,490;  617,000;1625,01000
 625,81; 2295,000;  732,180;  758,000;1562,82000
 626,10; 2129,500;  629,890;  611,000;1499,61000
 626,39; 2261,500;  744,610;  719,000;1516,89000
 626,68; 2104,000;  617,900;  606,000;1486,10000
 626,97; 2169,500;  715,020;  730,000;1454,48000
 627,26; 2075,000;  633,770;  633,000;1441,23000
 627,55; 2105,500;  715,160;  695,000;1390,34000
 627,84; 1972,500;  604,760;  615,000;1367,74000
 628,13; 2134,000;  719,180;  703,000;1414,82000
 628,42; 2009,500;  627,540;  643,000;1381,96000
 628,71; 2034,500;  733,460;  734,000;1301,04000
 629,00; 1855,500;  620,460;  621,000;1235,04000
 629,29; 1956,000;  715,290;  733,000;1240,71000
 629,59; 1856,000;  614,370;  609,000;1241,63000
 629,88; 1923,500;  726,360;  745,000;1197,14000
 630,17; 1843,000;  666,880;  657,000;1176,12000
 630,46; 1870,500;  691,850;  712,000;1178,65000
 630,75; 1788,000;  642,440;  636,000;1145,56000
 631,04; 1798,000;  699,290;  696,000;1098,71000
 631,33; 1750,500;  620,660;  622,000;1129,84000
 631,62; 1847,000;  707,010;  686,000;1139,99000
 631,91; 1719,000;  648,140;  608,000;1070,86000
 632,20; 1837,500;  706,140;  678,000;1131,36000
 632,49; 1753,500;  635,170;  596,000;1118,33000
 632,78; 1737,000;  698,420;  677,000;1038,58000
 633,07; 1644,000;  586,360;  575,000;1057,64000
 633,36; 1752,000;  732,550;  706,000;1019,45000
 633,65; 1640,500;  620,900;  597,000;1019,60000
 633,94; 1767,500;  731,060;  706,000;1036,44000
 634,23; 1672,000;  675,420;  682,000;996,58000
 634,52; 1708,000;  715,490;  713,000;992,51000
 634,82; 1646,000;  695,780;  683,000;950,22000
 635,11; 1743,000;  717,920;  742,000;1025,08000
 635,40; 1559,500;  620,220;  649,000;939,28000
 635,69; 1761,500;  753,070;  789,000;1008,43000
 635,98; 1640,500;  644,750;  640,000;995,75000
 636,27; 1705,000;  736,040;  739,000;968,96000
 636,56; 1648,000;  662,930;  695,000;985,07000
 636,85; 1688,500;  745,660;  754,000;942,84000
 637,14; 1562,500;  664,560;  650,000;897,94000
 637,43; 1696,000;  744,830;  770,000;951,17000
 637,72; 1627,000;  660,030;  669,000;966,97000
 638,01; 1716,000;  738,710;  729,000;977,29000
 638,30; 1622,000;  628,650;  635,000;993,35000
 638,59; 1783,000;  786,220;  775,000;996,78000
 638,88; 1677,500;  657,300;  645,000;1020,20000
 639,17; 1727,000;  751,040;  746,000;975,96000
 639,46; 1647,500;  694,440;  690,000;953,06000
 639,75; 1771,500;  766,860;  777,000;1004,64000
 640,04; 1614,500;  645,700;  635,000;968,80000
 640,33; 1807,500;  777,840;  794,000;1029,66000
 640,62; 1643,000;  648,170;  667,000;994,83000
 640,91; 1775,500;  752,930;  751,000;1022,57000
 641,20; 1679,500;  692,400;  694,000;987,10000
 641,49; 1756,000;  747,140;  719,000;1008,86000
 641,78; 1668,500;  668,090;  715,000;1000,41000
 642,07; 1693,500;  725,090;  697,000;968,41000
 642,36; 1674,500;  691,790;  685,000;982,71000
 642,65; 1763,500;  745,620;  765,000;1017,88000
 642,94; 1679,500;  649,720;  657,000;1029,78000
 643,24; 1841,000;  771,050;  765,000;1069,95000
 643,53; 1708,500;  676,920;  702,000;1031,58000
 643,82; 1817,000;  768,940;  754,000;1048,06000
 644,11; 1726,500;  688,510;  708,000;1037,99000
 644,40; 1793,500;  760,890;  736,000;1032,61000
 644,69; 1759,000;  693,140;  694,000;1065,86000
 644,98; 1763,000;  729,370;  725,000;1033,63000
 645,27; 1724,500;  679,210;  675,000;1045,29000
 645,56; 1802,000;  740,130;  758,000;1061,87000
 645,85; 1786,500;  692,440;  666,000;1094,06000
 646,14; 1834,000;  787,400;  771,000;1046,60000
 646,43; 1764,500;  708,400;  722,000;1056,10000
 646,72; 1852,000;  760,980;  755,000;1091,02000
 647,01; 1808,500;  700,490;  693,000;1108,01000
 647,30; 1822,000;  727,190;  731,000;1094,81000
 647,59; 1771,000;  651,020;  679,000;1119,98000
 647,88; 1870,000;  757,610;  791,000;1112,39000
 648,17; 1780,000;  656,800;  635,000;1123,20000
 648,46; 1938,000;  787,610;  784,000;1150,39000
 648,75; 1779,500;  654,410;  645,000;1125,09000
 649,04; 1936,000;  775,670;  761,000;1160,33000
 649,33; 1833,000;  662,510;  651,000;1170,49000
 649,62; 1944,500;  763,780;  747,000;1180,72000
 649,91; 1861,000;  688,920;  696,000;1172,08000
 650,20; 1934,500;  744,800;  764,000;1189,70000
 650,49; 1890,500;  653,120;  650,000;1237,38000
 650,78; 1952,000;  758,810;  765,000;1193,19000
 651,07; 1845,000;  690,260;  695,000;1154,74000
 651,36; 1987,500;  760,360;  774,000;1227,14000
 651,65; 1896,000;  666,760;  672,000;1229,24000
 651,94; 2038,000;  780,770;  767,000;1257,23000
 652,23; 1933,500;  669,990;  648,000;1263,51000
 652,52; 1914,500;  709,170;  699,000;1205,33000
 652,81; 1897,500;  656,590;  635,000;1240,91000
 653,10; 1976,500;  770,420;  778,000;1206,08000
 653,39; 1918,500;  632,950;  657,000;1285,55000
 653,68; 1987,500;  751,890;  766,000;1235,61000
 653,97; 1976,000;  689,820;  667,000;1286,18000
 654,26; 1996,500;  755,240;  741,000;1241,26000
 654,55; 1971,000;  686,150;  667,000;1284,85000
 654,84; 2050,000;  768,790;  768,000;1281,21000
 655,13; 1911,500;  674,120;  653,000;1237,38000
 655,42; 2075,000;  760,450;  745,000;1314,55000
 655,71; 1880,000;  647,900;  656,000;1232,10000
 656,00; 1998,000;  769,950;  741,000;1228,05000
 656,28; 1976,000;  717,010;  742,000;1258,99000
 656,57; 2040,500;  749,750;  744,000;1290,75000
 656,86; 2015,000;  742,040;  702,000;1272,96000
 657,15; 2020,000;  741,350;  734,000;1278,65000
 657,44; 1977,500;  700,720;  672,000;1276,78000
 657,73; 2017,000;  752,900;  743,000;1264,10000
 658,02; 1949,000;  686,490;  702,000;1262,51000
 658,31; 2028,000;  786,710;  795,000;1241,29000
 658,60; 1923,000;  655,630;  637,000;1267,37000
 658,89; 1985,500;  759,450;  784,000;1226,05000
 659,18; 1876,500;  665,020;  679,000;1211,48000
 659,47; 1984,000;  766,030;  745,000;1217,97000
 659,76; 1949,000;  700,320;  669,000;1248,68000
 660,05; 1977,000;  770,960;  774,000;1206,04000
 660,34; 1876,500;  694,040;  682,000;1182,46000
 660,63; 1909,000;  762,190;  751,000;1146,81000
 660,92; 1839,500;  665,060;  662,000;1174,44000
 661,21; 1925,000;  777,350;  752,000;1147,65000
 661,50; 1862,000;  690,260;  667,000;1171,74000
 661,79; 1909,000;  736,740;  725,000;1172,26000
 662,08; 1825,000;  686,230;  671,000;1138,77000
 662,37; 1944,500;  748,150;  711,000;1196,35000
 662,66; 1844,000;  679,760;  656,000;1164,24000
 662,95; 1900,500;  772,670;  783,000;1127,83000
 663,24; 1832,000;  689,290;  672,000;1142,71000
 663,53; 1919,000;  774,200;  799,000;1144,80000
 663,82; 1799,000;  650,950;  647,000;1148,05000
 664,11; 1935,000;  820,660;  802,000;1114,34000
 664,40; 1794,000;  702,180;  699,000;1091,82000
 664,68; 1915,500;  773,250;  760,000;1142,25000
 664,97; 1833,000;  725,490;  725,000;1107,51000
 665,26; 1867,500;  803,120;  809,000;1064,38000
 665,55; 1740,500;  673,510;  671,000;1066,99000
 665,84; 1896,000;  802,000;  803,000;1094,00000
 666,13; 1721,500;  649,490;  646,000;1072,01000
 666,42; 1838,500;  755,020;  738,000;1083,48000
 666,71; 1843,500;  723,310;  728,000;1120,19000
 667,00; 1881,000;  801,630;  809,000;1079,37000
 667,29; 1775,500;  703,820;  695,000;1071,68000
 667,58; 1810,500;  751,010;  737,000;1059,49000
 667,87; 1754,000;  664,330;  639,000;1089,67000
 668,16; 1903,500;  788,480;  780,000;1115,02000
 668,45; 1791,000;  698,560;  700,000;1092,44000
 668,74; 1881,500;  792,530;  795,000;1088,97000
 669,03; 1824,000;  714,900;  714,000;1109,10000
 669,32; 1792,500;  767,660;  715,000;1024,84000
 669,61; 1733,500;  701,240;  688,000;1032,26000
 669,89; 1812,000;  792,520;  780,000;1019,48000
 670,18; 1753,500;  705,900;  707,000;1047,60000
 670,47; 1836,000;  769,070;  757,000;1066,93000
 670,76; 1734,000;  679,220;  687,000;1054,78000
 671,05; 1874,500;  807,920;  804,000;1066,58000
 671,34; 1801,000;  687,210;  696,000;1113,79000
 671,63; 1903,500;  801,920;  841,000;1101,58000
 671,92; 1844,000;  701,680;  696,000;1142,32000
 672,21; 1950,000;  768,470;  761,000;1181,53000
 672,50; 1913,000;  770,170;  732,000;1142,83000
 672,79; 1982,000;  816,370;  822,000;1165,63000
 673,08; 1884,500;  694,890;  708,000;1189,61000
 673,37; 2027,500;  809,800;  808,000;1217,70000
 673,66; 1926,000;  672,420;  670,000;1253,58000
 673,94; 2120,000;  816,800;  810,000;1303,20000
 674,23; 2070,000;  744,120;  749,000;1325,88000
 674,52; 2131,000;  780,420;  844,000;1350,58000
 674,81; 2086,500;  707,150;  670,000;1379,35000
 675,10; 2178,500;  763,520;  771,000;1414,98000
 675,39; 2163,500;  702,880;  709,000;1460,62000
 675,68; 2254,500;  779,480;  796,000;1475,02000
 675,97; 2203,000;  714,110;  700,000;1488,89000
 676,26; 2335,000;  831,340;  829,000;1503,66000
 676,55; 2263,000;  717,980;  695,000;1545,02000
 676,84; 2423,500;  795,670;  814,000;1627,83000
 677,13; 2361,000;  708,520;  692,000;1652,48000
 677,41; 2467,000;  798,480;  784,000;1668,52000
 677,70; 2370,000;  714,620;  726,000;1655,38000
 677,99; 2519,500;  794,280;  801,000;1725,22000
 678,28; 2441,500;  673,820;  655,000;1767,68000
 678,57; 2510,000;  773,440;  770,000;1736,56000
 678,86; 2421,500;  673,090;  666,000;1748,41000
 679,15; 2563,000;  801,210;  801,000;1761,79000
 679,44; 2528,500;  707,100;  694,000;1821,40000
 679,73; 2581,500;  782,530;  735,000;1798,97000
 680,02; 2483,000;  739,890;  727,000;1743,11000
 680,30; 2591,500;  756,950;  761,000;1834,55000
 680,59; 2536,500;  708,380;  682,000;1828,12000
 680,88; 2568,000;  744,340;  765,000;1823,66000
 681,17; 2465,500;  668,670;  651,000;1796,83000
 681,46; 2535,500;  791,380;  845,000;1744,12000
 681,75; 2487,500;  673,080;  682,000;1814,42000
 682,04; 2544,000;  819,910;  805,000;1724,09000
 682,33; 2460,500;  717,890;  684,000;1742,61000
 682,62; 2425,500;  776,740;  819,000;1648,76000
 682,91; 2369,500;  716,320;  708,000;1653,18000
 683,19; 2365,500;  765,260;  773,000;1600,24000
 683,48; 2265,000;  671,520;  678,000;1593,48000
 683,77; 2379,000;  787,300;  792,000;1591,70000
 684,06; 2247,500;  688,930;  695,000;1558,57000
 684,35; 2257,500;  771,840;  782,000;1485,66000
 684,64; 2166,500;  710,420;  688,000;1456,08000
 684,93; 2141,000;  734,520;  743,000;1406,48000
 685,22; 2040,000;  701,950;  684,000;1338,05000
 685,51; 2078,500;  783,490;  765,000;1295,01000
 685,79; 1968,500;  663,680;  651,000;1304,82000
 686,08; 2026,000;  760,140;  766,000;1265,86000
 686,37; 1857,000;  657,580;  661,000;1199,42000
 686,66; 1957,000;  753,250;  752,000;1203,75000
 686,95; 1798,000;  699,750;  694,000;1098,25000
 687,24; 1844,000;  747,730;  749,000;1096,27000
 687,53; 1699,000;  676,160;  689,000;1022,84000
 687,82; 1756,000;  722,100;  720,000;1033,90000
 688,10; 1582,500;  621,420;  616,000;961,08000
 688,39; 1661,500;  735,020;  729,000;926,48000
 688,68; 1502,000;  608,550;  570,000;893,45000
 688,97; 1569,000;  721,000;  730,000;848,00000
 689,26; 1453,500;  598,150;  590,000;855,35000
 689,55; 1505,000;  673,570;  650,000;831,43000
 689,84; 1359,500;  581,740;  578,000;777,76000
 690,13; 1377,500;  612,340;  603,000;765,16000
 690,41; 1312,000;  571,130;  573,000;740,87000
 690,70; 1419,500;  653,560;  659,000;765,94000
 690,99; 1280,500;  547,340;  571,000;733,16000
 691,28; 1381,500;  656,150;  667,000;725,35000
 691,57; 1275,500;  567,590;  537,000;707,91000
 691,86; 1277,000;  582,710;  590,000;694,29000
 692,15; 1210,500;  536,240;  527,000;674,26000
 692,43; 1303,000;  589,210;  581,000;713,79000
 692,72; 1220,500;  507,010;  479,000;713,49000
 693,01; 1273,500;  593,470;  608,000;680,03000
 693,30; 1199,000;  492,970;  483,000;706,03000
 693,59; 1302,000;  615,330;  611,000;686,67000
 693,88; 1215,000;  478,190;  494,000;736,81000
 694,17; 1373,000;  610,250;  613,000;762,75000
 694,45; 1370,500;  581,990;  554,000;788,51000
 694,74; 1427,500;  627,860;  619,000;799,64000
 695,03; 1395,000;  600,370;  577,000;794,63000
 695,32; 1438,500;  630,400;  621,000;808,10000
 695,61; 1429,000;  586,750;  608,000;842,25000
 695,90; 1586,000;  687,720;  679,000;898,28000
 696,19; 1447,500;  603,800;  603,000;843,70000
 696,47; 1640,000;  747,830;  742,000;892,17000
 696,76; 1564,000;  639,500;  628,000;924,50000
 697,05; 1658,000;  717,200;  722,000;940,80000
 697,34; 1602,000;  665,740;  691,000;936,26000
 697,63; 1693,500;  739,640;  749,000;953,86000
 697,92; 1640,000;  663,270;  665,000;976,73000
 698,20; 1704,500;  762,070;  742,000;942,43000
 698,49; 1635,000;  686,350;  699,000;948,65000
 698,78; 1755,500;  770,400;  759,000;985,10000
 699,07; 1704,500;  722,980;  702,000;981,52000
 699,36; 1745,000;  784,950;  780,000;960,05000
 699,65; 1705,000;  709,140;  713,000;995,86000
 699,93; 1790,500;  786,200;  779,000;1004,30000
 700,22; 1696,500;  701,120;  729,000;995,38000
 700,51; 1821,000;  789,880;  805,000;1031,12000
 700,80; 1746,500;  644,560;  654,000;1101,94000
 701,09; 1888,500;  796,130;  810,000;1092,37000
 701,38; 1797,000;  666,500;  651,000;1130,50000
 701,66; 1928,000;  773,090;  792,000;1154,91000
 701,95; 1929,500;  721,930;  744,000;1207,57000
 702,24; 1956,000;  733,170;  729,000;1222,83000
 702,53; 1926,000;  693,820;  677,000;1232,18000
 702,82; 1998,000;  757,800;  773,000;1240,20000
 703,11; 1945,000;  677,340;  680,000;1267,66000
 703,39; 2121,500;  778,600;  770,000;1342,90000
 703,68; 2119,000;  697,690;  718,000;1421,31000
 703,97; 2214,500;  781,280;  782,000;1433,22000
 704,26; 2075,000;  661,110;  680,000;1413,89000
 704,55; 2283,500;  782,810;  782,000;1500,69000
 704,84; 2264,500;  695,090;  717,000;1569,41000
 705,12; 2361,500;  765,230;  733,000;1596,27000
 705,41; 2351,000;  708,830;  703,000;1642,17000
 705,70; 2531,000;  821,160;  824,000;1709,84000
 705,99; 2360,500;  680,060;  689,000;1680,44000
 706,28; 2538,000;  811,100;  798,000;1726,90000
 706,56; 2477,500;  700,170;  702,000;1777,33000
 706,85; 2597,000;  769,260;  783,000;1827,74000
 707,14; 2560,000;  734,620;  714,000;1825,38000
 707,43; 2649,000;  797,410;  808,000;1851,59000
 707,72; 2633,000;  728,100;  725,000;1904,90000
 708,00; 2738,500;  770,210;  773,000;1968,29000
 708,29; 2677,000;  696,620;  681,000;1980,38000
 708,58; 2836,000;  811,370;  853,000;2024,63000
 708,87; 2663,000;  680,590;  682,000;1982,41000
 709,16; 2797,500;  831,550;  858,000;1965,95000
 709,44; 2734,000;  740,370;  722,000;1993,63000
 709,73; 2844,500;  821,560;  852,000;2022,94000
 710,02; 2680,000;  729,130;  732,000;1950,87000
 710,31; 2717,500;  778,960;  769,000;1938,54000
 710,60; 2629,500;  693,230;  673,000;1936,27000
 710,88; 2702,500;  808,060;  783,000;1894,44000
 711,17; 2526,000;  700,450;  704,000;1825,55000
 711,46; 2671,500;  790,820;  798,000;1880,68000
 711,75; 2587,500;  679,860;  686,000;1907,64000
 712,04; 2540,500;  773,990;  770,000;1766,51000
 712,32; 2454,000;  692,970;  699,000;1761,03000
 712,61; 2410,000;  776,830;  766,000;1633,17000
 712,90; 2435,500;  712,570;  729,000;1722,93000
 713,19; 2450,500;  753,280;  773,000;1697,22000
 713,48; 2359,000;  691,040;  727,000;1667,96000
 713,76; 2375,500;  762,040;  801,000;1613,46000
 714,05; 2403,000;  728,860;  733,000;1674,14000
 714,34; 2486,500;  800,570;  800,000;1685,93000
 714,63; 2431,000;  691,710;  686,000;1739,29000
 714,92; 2566,000;  816,430;  803,000;1749,57000
 715,20; 2395,500;  652,660;  656,000;1742,84000
 715,49; 2448,500;  722,970;  716,000;1725,53000
 715,78; 2291,000;  686,480;  688,000;1604,52000
 716,07; 2325,500;  780,550;  793,000;1544,95000
 716,35; 2118,500;  689,700;  757,000;1428,80000
 716,64; 2018,500;  768,710;  752,000;1249,79000
 716,93; 1776,000;  698,770;  734,000;1077,23000
 717,22; 1685,500;  758,750;  728,000;926,75000
 717,51; 1473,500;  706,190;  698,000;767,31000
 717,79; 1407,000;  754,850;  736,000;652,15000
 718,08; 1247,000;  671,280;  658,000;575,72000
 718,37; 1238,500;  765,380;  761,000;473,12000
 718,66; 1136,500;  678,790;  690,000;457,71000
 718,94; 1213,500;  794,370;  815,000;419,13000
 719,23; 1040,000;  636,240;  620,000;403,76000
 719,52; 1147,500;  753,770;  725,000;393,73000
 719,81; 1040,000;  670,450;  646,000;369,55000
 720,10; 1113,000;  722,970;  719,000;390,03000
 720,38; 1013,500;  635,360;  619,000;378,14000
 720,67; 1050,500;  668,550;  656,000;381,95000
 720,96;  976,500;  581,030;  556,000;395,47000
 721,25; 1122,000;  691,470;  677,000;430,53000
 721,53; 1040,000;  568,610;  563,000;471,39000
 721,82; 1105,500;  650,260;  617,000;455,24000
 722,11; 1028,000;  569,270;  584,000;458,73000
 722,40; 1135,000;  637,650;  590,000;497,35000
 722,68; 1092,000;  599,010;  614,000;492,99000
 722,97; 1209,500;  671,570;  655,000;537,93000
 723,26; 1118,500;  596,700;  568,000;521,80000
 723,55; 1343,000;  741,270;  730,000;601,73000
 723,83; 1213,000;  627,300;  629,000;585,70000
 724,12; 1312,000;  688,040;  669,000;623,96000
 724,41; 1264,500;  641,910;  625,000;622,59000
 724,70; 1384,000;  711,570;  692,000;672,43000
 724,98; 1340,500;  639,920;  657,000;700,58000
 725,27; 1450,500;  736,710;  722,000;713,79000
 725,56; 1361,500;  629,720;  618,000;731,78000
 725,85; 1524,000;  739,560;  764,000;784,44000
 726,13; 1457,500;  663,380;  654,000;794,12000
 726,42; 1516,000;  733,290;  712,000;782,71000
 726,71; 1526,000;  690,090;  665,000;835,91000
 727,00; 1642,500;  762,160;  757,000;880,34000
 727,28; 1582,500;  667,300;  660,000;915,20000
 727,57; 1683,500;  743,790;  729,000;939,71000
 727,86; 1689,500;  676,560;  656,000;1012,94000
 728,15; 1766,000;  735,830;  738,000;1030,17000
 728,43; 1735,000;  636,000;  610,000;1099,00000
 728,72; 1904,000;  774,100;  746,000;1129,90000
 729,01; 1845,500;  663,450;  640,000;1182,05000
 729,30; 1981,500;  739,260;  716,000;1242,24000
 729,58; 1972,500;  687,310;  725,000;1285,19000
 729,87; 2090,000;  765,520;  755,000;1324,48000
 730,16; 2126,500;  661,430;  673,000;1465,07000
 730,44; 2177,500;  714,380;  706,000;1463,12000
 730,73; 2199,500;  636,800;  656,000;1562,70000
 731,02; 2322,000;  751,930;  742,000;1570,07000
 731,31; 2321,500;  639,820;  599,000;1681,68000
 731,59; 2497,000;  755,140;  760,000;1741,86000
 731,88; 2544,500;  668,970;  653,000;1875,53000
 732,17; 2707,500;  750,660;  738,000;1956,84000
 732,46; 2788,000;  689,530;  683,000;2098,47000
 732,74; 2960,500;  750,630;  733,000;2209,87000
 733,03; 2985,000;  687,130;  674,000;2297,87000
 733,32; 3111,000;  730,560;  724,000;2380,44000
 733,60; 3159,500;  627,150;  579,000;2532,35000
 733,89; 3431,500;  783,480;  799,000;2648,02000
 734,18; 3445,000;  659,060;  638,000;2785,94000
 734,47; 3715,500;  734,250;  753,000;2981,25000
 734,75; 3911,500;  684,310;  668,000;3227,19000
 735,04; 4144,500;  711,660;  717,000;3432,84000
 735,33; 4316,500;  649,580;  613,000;3666,92000
 735,61; 4637,500;  732,340;  737,000;3905,16000
 735,90; 4763,500;  636,350;  652,000;4127,15000
 736,19; 5158,500;  748,730;  736,000;4409,77000
 736,48; 5390,000;  678,090;  662,000;4711,91000
 736,76; 5724,000;  753,590;  784,000;4970,41000
 737,05; 5786,500;  653,160;  656,000;5133,34000
 737,34; 6352,500;  753,340;  752,000;5599,16000
 737,62; 6420,000;  646,400;  638,000;5773,60000
 737,91; 6705,500;  735,460;  743,000;5970,04000
 738,20; 6828,500;  646,200;  644,000;6182,30000
 738,49; 7151,000;  765,440;  790,000;6385,56000
 738,77; 7172,000;  641,730;  672,000;6530,27000
 739,06; 7323,000;  763,360;  759,000;6559,64000
 739,35; 7016,500;  688,650;  719,000;6327,85000
 739,63; 6886,000;  712,070;  720,000;6173,93000
 739,92; 7320,000;  685,600;  693,000;6634,40000
 740,21; 7592,500;  741,590;  774,000;6850,91000
 740,49; 6599,000;  673,580;  693,000;5925,42000
 740,78; 5649,000;  796,880;  813,000;4852,12000
 741,07; 5106,000;  631,170;  628,000;4474,83000
 741,35; 5577,500;  762,200;  744,000;4815,30000
 741,64; 5713,000;  662,610;  655,000;5050,39000
 741,93; 5367,000;  800,050;  806,000;4566,95000
 742,22; 4208,000;  714,510;  718,000;3493,49000
 742,50; 3155,000;  734,490;  742,000;2420,51000
 742,79; 2646,500;  662,750;  680,000;1983,75000
 743,08; 2818,500;  738,160;  727,000;2080,34000
 743,36; 2827,000;  615,810;  615,000;2211,19000
 743,65; 2821,500;  748,610;  769,000;2072,89000
 743,94; 2323,000;  665,150;  669,000;1657,85000
 744,22; 1974,000;  760,280;  788,000;1213,72000
 744,51; 1514,000;  687,360;  695,000;826,64000
 744,80; 1422,000;  776,620;  811,000;645,38000
 745,08; 1344,500;  689,990;  676,000;654,51000
 745,37; 1466,500;  771,420;  800,000;695,08000
 745,66; 1406,500;  657,450;  706,000;749,05000
 745,94; 1447,000;  798,460;  815,000;648,54000
 746,23; 1180,000;  648,500;  673,000;531,50000
 746,52; 1176,000;  782,880;  774,000;393,12000
 746,80;  952,000;  666,550;  682,000;285,45000
 747,09; 1016,000;  754,900;  779,000;261,10000
 747,38;  906,500;  665,340;  665,000;241,16000
 747,66;  995,500;  716,220;  726,000;279,28000
 747,95;  957,000;  673,470;  677,000;283,53000
 748,24; 1000,000;  725,560;  729,000;274,44000
 748,52;  900,500;  667,270;  661,000;233,23000
 748,81; 1025,000;  790,620;  794,000;234,38000
 749,10;  838,500;  667,060;  693,000;171,44000
 749,38;  925,500;  777,390;  818,000;148,11000
 749,67;  829,000;  709,180;  686,000;119,82000
 749,96;  841,000;  739,520;  746,000;101,48000
 750,24;  789,500;  673,090;  737,000;116,41000
 750,53;  850,000;  733,330;  736,000;116,67000
 750,82;  813,500;  657,610;  665,000;155,89000
 751,10;  942,000;  804,030;  809,000;137,97000
 751,39;  807,500;  666,270;  663,000;141,23000
 751,68;  896,500;  780,380;  796,000;116,12000
 751,96;  796,500;  689,290;  658,000;107,21000
 752,25;  887,500;  779,970;  796,000;107,53000
 752,54;  755,500;  684,460;  698,000;71,04000
 752,82;  834,500;  765,670;  775,000;68,83000
 753,11;  752,000;  668,490;  698,000;83,51000
 753,40;  855,000;  783,400;  789,000;71,60000
 753,68;  750,500;  691,760;  716,000;58,74000
 753,97;  855,500;  774,370;  763,000;81,13000
 754,26;  762,000;  682,190;  689,000;79,81000
 754,54;  850,500;  776,320;  775,000;74,18000
 754,83;  812,000;  702,470;  696,000;109,53000
 755,12;  835,000;  758,290;  748,000;76,71000
 755,40;  726,500;  680,700;  683,000;45,80000
 755,69;  845,000;  793,560;  800,000;51,44000
 755,97;  711,000;  670,160;  683,000;40,84000
 756,26;  823,500;  779,440;  768,000;44,06000
 756,55;  760,000;  709,300;  736,000;50,70000
 756,83;  810,000;  764,790;  781,000;45,21000
 757,12;  758,500;  715,230;  668,000;43,27000
 757,41;  808,500;  765,440;  779,000;43,06000
 757,69;  760,500;  702,060;  724,000;58,44000
 757,98;  829,000;  770,990;  802,000;58,01000
 758,27;  749,500;  683,460;  716,000;66,04000
 758,55;  822,000;  762,900;  772,000;59,10000
 758,84;  767,000;  699,820;  701,000;67,18000
 759,12;  851,000;  805,700;  806,000;45,30000
 759,41;  726,500;  688,960;  677,000;37,54000
 759,70;  813,500;  784,900;  804,000;28,60000
 759,98;  747,000;  669,470;  652,000;77,53000
 760,27;  840,500;  786,940;  770,000;53,56000
 760,56;  742,000;  684,810;  711,000;57,19000
 760,84;  905,000;  821,180;  844,000;83,82000
 761,13;  736,500;  684,520;  696,000;51,98000
 761,41;  856,000;  805,400;  822,000;50,60000
 761,70;  726,000;  713,880;  719,000;12,12000
 761,99;  794,000;  750,970;  743,000;43,03000
 762,27;  785,000;  733,130;  740,000;51,87000
 762,56;  814,000;  765,840;  740,000;48,16000
 762,85;  726,000;  674,360;  667,000;51,64000
 763,13;  844,000;  778,990;  785,000;65,01000
 763,42;  756,000;  681,770;  719,000;74,23000
 763,70;  884,500;  793,480;  784,000;91,02000
 763,99;  773,500;  694,530;  702,000;78,97000
 764,28;  839,500;  778,760;  769,000;60,74000
 764,56;  802,000;  717,740;  700,000;84,26000
 764,85;  872,500;  778,300;  767,000;94,20000
 765,13;  833,000;  729,390;  736,000;103,61000
 765,42;  925,500;  781,880;  777,000;143,62000
 765,71;  786,500;  664,360;  682,000;122,14000
 765,99;  876,500;  754,420;  766,000;122,08000
 766,28;  751,000;  683,950;  701,000;67,05000
 766,56;  869,000;  779,820;  772,000;89,18000
 766,85;  739,500;  669,970;  688,000;69,53000
 767,14;  843,000;  759,210;  791,000;83,79000
 767,42;  793,000;  709,920;  709,000;83,08000
 767,71;  843,000;  771,190;  758,000;71,81000
 767,99;  746,000;  662,540;  672,000;83,46000
 768,28;  864,500;  785,450;  800,000;79,05000
 768,57;  754,000;  685,850;  689,000;68,15000
 768,85;  829,000;  783,280;  776,000;45,72000
 769,14;  677,000;  655,510;  663,000;21,49000
 769,42;  784,000;  755,560;  782,000;28,44000
 769,71;  781,000;  703,130;  696,000;77,87000
 770,00;  803,500;  762,780;  772,000;40,72000
 770,28;  741,500;  685,580;  680,000;55,92000
 770,57;  838,500;  772,350;  765,000;66,15000
 770,85;  761,500;  708,380;  683,000;53,12000
 771,14;  861,000;  776,810;  754,000;84,19000
 771,43;  723,500;  680,350;  670,000;43,15000
 771,71;  808,500;  768,920;  802,000;39,58000
 772,00;  724,000;  699,080;  722,000;24,92000
 772,28;  838,500;  770,650;  753,000;67,85000
 772,57;  735,500;  706,410;  719,000;29,09000
 772,86;  816,500;  771,200;  793,000;45,30000
 773,14;  710,000;  665,130;  673,000;44,87000
 773,43;  827,000;  790,500;  817,000;36,50000
 773,71;  759,000;  710,140;  742,000;48,86000
 774,00;  877,500;  801,300;  797,000;76,20000
 774,28;  768,000;  720,350;  724,000;47,65000
 774,57;  824,500;  760,930;  742,000;63,57000
 774,86;  756,000;  691,540;  700,000;64,46000
 775,14;  848,000;  786,960;  779,000;61,04000
 775,43;  767,500;  692,260;  696,000;75,24000
 775,71;  841,000;  770,410;  792,000;70,59000
 776,00;  757,000;  652,930;  675,000;104,07000
 776,28;  852,500;  776,530;  768,000;75,97000
 776,57;  772,500;  696,080;  713,000;76,42000
 776,86;  834,500;  757,880;  746,000;76,62000
 777,14;  763,000;  693,620;  708,000;69,38000
 777,43;  810,500;  754,710;  777,000;55,79000
 777,71;  756,000;  678,660;  696,000;77,34000
 778,00;  851,000;  765,780;  758,000;85,22000
 778,28;  736,000;  635,330;  627,000;100,67000
 778,57;  835,000;  783,580;  792,000;51,42000
 778,85;  754,000;  647,510;  682,000;106,49000
 779,14;  810,500;  738,260;  736,000;72,24000
 779,43;  773,500;  688,520;  695,000;84,98000
 779,71;  799,500;  735,050;  717,000;64,45000
 780,00;  690,500;  651,460;  668,000;39,04000
 780,28;  816,500;  752,750;  759,000;63,75000
 780,57;  694,000;  656,030;  674,000;37,97000
 780,85;  780,500;  725,990;  755,000;54,51000
 781,14;  718,500;  653,540;  650,000;64,96000
 781,42;  783,000;  730,650;  708,000;52,35000
 781,71;  723,000;  661,770;  657,000;61,23000
 782,00;  764,000;  714,430;  715,000;49,57000
 782,28;  694,000;  669,230;  707,000;24,77000
 782,57;  769,000;  718,830;  731,000;50,17000
 782,85;  654,500;  613,990;  614,000;40,51000
 783,14;  753,500;  719,830;  730,000;33,67000
 783,42;  702,500;  645,070;  631,000;57,43000
 783,71;  784,000;  756,990;  775,000;27,01000
 783,99;  717,500;  669,880;  681,000;47,62000
 784,28;  807,000;  748,220;  749,000;58,78000
 784,56;  681,500;  652,240;  645,000;29,26000
 784,85;  734,000;  722,880;  715,000;11,12000
 785,13;  648,000;  611,750;  611,000;36,25000
 785,42;  759,500;  705,070;  712,000;54,43000
 785,71;  652,500;  613,680;  604,000;38,82000
 785,99;  788,500;  768,380;  796,000;20,12000
 786,28;  688,000;  657,940;  615,000;30,06000
 786,56;  742,000;  718,910;  715,000;23,09000
 786,85;  649,500;  613,180;  624,000;36,32000
 787,13;  773,000;  699,490;  688,000;73,51000
 787,42;  681,000;  652,030;  614,000;28,97000
 787,70;  750,000;  694,980;  733,000;55,02000
 787,99;  661,500;  619,080;  609,000;42,42000
 788,27;  745,500;  701,410;  694,000;44,09000
 788,56;  620,000;  592,260;  612,000;27,74000
 788,84;  725,000;  668,580;  677,000;56,42000
 789,13;  621,500;  592,600;  606,000;28,90000
 789,41;  693,500;  636,480;  606,000;57,02000
 789,70;  623,500;  575,700;  579,000;47,80000
 789,98;  658,500;  619,920;  618,000;38,58000
 790,27;  570,000;  540,990;  516,000;29,01000
 790,55;  671,500;  655,010;  629,000;16,49000
 790,84;  615,500;  595,770;  617,000;19,73000
 791,13;  721,500;  695,060;  709,000;26,44000
 791,41;  628,000;  605,410;  593,000;22,59000
 791,70;  724,000;  707,310;  734,000;16,69000
 791,98;  626,500;  612,780;  608,000;13,72000
 792,27;  742,500;  708,830;  688,000;33,67000
 792,55;  627,500;  603,630;  628,000;23,87000
 792,84;  727,500;  699,290;  708,000;28,21000
 793,12;  633,000;  625,640;  635,000; 7,36000
 793,41;  724,000;  708,510;  708,000;15,49000
 793,69;  652,000;  603,100;  642,000;48,90000
 793,98;  730,500;  706,920;  714,000;23,58000
 794,26;  663,500;  634,950;  630,000;28,55000
 794,55;  755,500;  704,680;  735,000;50,82000
 794,83;  703,000;  673,320;  642,000;29,68000
 795,12;  797,500;  747,220;  763,000;50,28000
 795,40;  701,000;  648,830;  659,000;52,17000
 795,69;  810,500;  737,180;  713,000;73,32000
 795,97;  721,500;  656,740;  665,000;64,76000
 796,26;  791,000;  734,220;  743,000;56,78000
 796,54;  717,500;  655,730;  653,000;61,77000
 796,83;  791,000;  735,050;  753,000;55,95000
 797,11;  713,000;  656,930;  652,000;56,07000
 797,40;  745,500;  721,450;  726,000;24,05000
 797,68;  690,500;  634,800;  627,000;55,70000
 797,97;  807,500;  746,800;  728,000;60,70000
 798,25;  700,000;  655,720;  694,000;44,28000
 798,54;  793,500;  756,920;  762,000;36,58000
 798,82;  689,500;  675,340;  673,000;14,16000
 799,10;  771,000;  747,790;  755,000;23,21000
 799,39;  723,500;  686,630;  660,000;36,87000
 799,67;  781,500;  761,120;  775,000;20,38000
 799,96;  694,500;  661,870;  665,000;32,63000
 800,24;  785,500;  733,500;  746,000;52,00000
 800,53;  689,500;  658,380;  657,000;31,12000
 800,81;  748,500;  715,960;  718,000;32,54000
 801,10;  700,500;  626,180;  619,000;74,32000
 801,38;  759,000;  740,510;  742,000;18,49000
 801,67;  721,500;  700,470;  699,000;21,03000
 801,95;  720,500;  709,820;  708,000;10,68000
 802,24;  669,000;  650,040;  621,000;18,96000
 802,52;  777,000;  741,850;  759,000;35,15000
 802,81;  607,000;  589,050;  571,000;17,95000
 803,09;  755,500;  736,790;  715,000;18,71000
 803,38;  605,000;  584,870;  580,000;20,13000
 803,66;  718,000;  709,220;  704,000; 8,78000
 803,95;  662,500;  652,350;  653,000;10,15000
 804,23;  756,500;  705,550;  695,000;50,95000
 804,51;  632,500;  613,190;  607,000;19,31000
 804,80;  698,000;  687,780;  686,000;10,22000
 805,08;  702,000;  632,220;  638,000;69,78000
 805,37;  778,000;  720,090;  766,000;57,91000
 805,65;  660,000;  623,990;  637,000;36,01000
 805,94;  759,000;  731,360;  725,000;27,64000
 806,22;  685,500;  670,920;  685,000;14,58000
 806,51;  743,000;  730,430;  741,000;12,57000
 806,79;  694,000;  684,540;  689,000; 9,46000
 807,08;  758,000;  728,210;  720,000;29,79000
 807,36;  665,000;  633,040;  682,000;31,96000
 807,65;  793,500;  773,230;  772,000;20,27000
 807,93;  632,000;  628,550;  626,000; 3,45000
 808,21;  742,000;  741,740;  748,000; 0,26000
 808,50;  671,000;  647,630;  640,000;23,37000
 808,78;  808,500;  798,200;  783,000;10,30000
 809,07;  653,500;  665,330;  656,000;-11,83000
 809,35;  731,500;  713,190;  701,000;18,31000
 809,64;  697,000;  663,200;  648,000;33,80000
 809,92;  726,000;  700,050;  688,000;25,95000
 810,21;  626,000;  618,120;  637,000; 7,88000
 810,49;  734,500;  720,660;  724,000;13,84000
 810,77;  620,500;  635,610;  644,000;-15,11000
 811,06;  757,500;  732,710;  708,000;24,79000
 811,34;  672,500;  657,890;  650,000;14,61000
 811,63;  736,500;  723,800;  746,000;12,70000
 811,91;  673,000;  648,010;  640,000;24,99000
 812,20;  710,000;  673,120;  660,000;36,88000
 812,48;  577,500;  564,570;  552,000;12,93000
 812,77;  722,000;  697,740;  715,000;24,26000
 813,05;  634,000;  627,720;  651,000; 6,28000
 813,33;  717,500;  706,530;  730,000;10,97000
 813,62;  583,000;  588,130;  620,000;-5,13000
 813,90;  691,500;  699,450;  706,000;-7,95000
 814,19;  609,000;  612,560;  625,000;-3,56000
 814,47;  658,000;  672,340;  693,000;-14,34000
 814,76;  599,500;  596,540;  587,000; 2,96000
 815,04;  713,500;  710,530;  698,000; 2,97000
 815,32;  583,500;  600,290;  603,000;-16,79000
 815,61;  721,500;  716,860;  714,000; 4,64000
 815,89;  615,500;  598,840;  580,000;16,66000
 816,18;  716,500;  722,780;  707,000;-6,28000
 816,46;  678,500;  667,630;  679,000;10,87000
 816,74;  677,500;  657,240;  663,000;20,26000
 817,03;  635,500;  645,140;  659,000;-9,64000
 817,31;  696,500;  710,130;  714,000;-13,63000
 817,60;  616,000;  616,030;  609,000;-0,03000
 817,88;  781,000;  755,230;  781,000;25,77000
 818,17;  590,500;  613,520;  599,000;-23,02000
 818,45;  724,500;  730,970;  749,000;-6,47000
 818,73;  653,000;  649,590;  621,000; 3,41000
 819,02;  746,000;  751,290;  748,000;-5,29000
 819,30;  655,000;  643,100;  664,000;11,90000
 819,59;  749,000;  720,660;  709,000;28,34000
 819,87;  610,000;  602,010;  584,000; 7,99000
 820,15;  735,500;  713,950;  690,000;21,55000
 820,44;  600,500;  600,610;  600,000;-0,11000
 820,72;  710,000;  720,130;  702,000;-10,13000
 821,01;  640,000;  648,830;  634,000;-8,83000
 821,29;  726,500;  737,610;  748,000;-11,11000
 821,57;  636,500;  637,010;  637,000;-0,51000
 821,86;  724,000;  709,380;  738,000;14,62000
 822,14;  654,000;  626,950;  637,000;27,05000
 822,43;  743,000;  734,510;  763,000; 8,49000
 822,71;  640,000;  633,610;  618,000; 6,39000
 822,99;  754,000;  727,840;  724,000;26,16000
 823,28;  626,000;  620,140;  631,000; 5,86000
 823,56;  747,000;  730,980;  762,000;16,02000
 823,85;  615,500;  606,530;  601,000; 8,97000
 824,13;  717,500;  711,930;  737,000; 5,57000
 824,41;  602,000;  600,550;  610,000; 1,45000
 824,70;  706,500;  699,600;  723,000; 6,90000
 824,98;  593,000;  603,260;  619,000;-10,26000
 825,27;  719,500;  717,550;  724,000; 1,95000
 825,55;  656,500;  647,530;  626,000; 8,97000
 825,83;  737,000;  739,110;  719,000;-2,11000
 826,12;  623,000;  623,680;  655,000;-0,68000
 826,40;  761,500;  747,070;  733,000;14,43000
 826,68;  638,500;  648,650;  634,000;-10,15000
 826,97;  727,000;  714,160;  741,000;12,84000
 827,25;  657,500;  632,160;  635,000;25,34000
 827,54;  753,000;  727,960;  715,000;25,04000
 827,82;  642,500;  640,140;  660,000; 2,36000
 828,10;  753,000;  733,190;  739,000;19,81000
 828,39;  666,500;  645,820;  674,000;20,68000
 828,67;  763,500;  758,260;  777,000; 5,24000
 828,95;  665,000;  653,310;  663,000;11,69000
 829,24;  781,000;  747,390;  774,000;33,61000
 829,52;  638,000;  635,710;  663,000; 2,29000
 829,81;  722,000;  717,230;  723,000; 4,77000
 830,09;  631,500;  632,010;  642,000;-0,51000
 830,37;  736,500;  736,950;  741,000;-0,45000
 830,66;  644,000;  631,530;  635,000;12,47000
 830,94;  763,000;  735,250;  693,000;27,75000
 831,22;  680,500;  697,450;  681,000;-16,95000
 831,51;  761,500;  750,980;  725,000;10,52000
 831,79;  672,000;  677,290;  654,000;-5,29000
 832,07;  747,000;  729,230;  691,000;17,77000
 832,36;  655,500;  639,450;  636,000;16,05000
 832,64;  759,000;  734,080;  760,000;24,92000
 832,93;  639,500;  634,680;  638,000; 4,82000
 833,21;  757,000;  745,780;  773,000;11,22000
 833,49;  622,000;  635,550;  649,000;-13,55000
 833,78;  700,500;  723,670;  742,000;-23,17000
 834,06;  667,500;  659,260;  638,000; 8,24000
 834,34;  729,500;  705,090;  687,000;24,41000
 834,63;  642,500;  634,120;  630,000; 8,38000
 834,91;  726,000;  721,760;  734,000; 4,24000
 835,19;  645,000;  645,220;  627,000;-0,22000
 835,48;  728,500;  717,630;  727,000;10,87000
 835,76;  597,500;  594,390;  505,000; 3,11000
 836,04;  756,000;  732,960;  711,000;23,04000
 836,33;  637,500;  634,740;  623,000; 2,76000
 836,61;  702,500;  679,140;  653,000;23,36000
 836,89;  617,000;  581,540;  599,000;35,46000
 837,18;  700,500;  684,340;  684,000;16,16000
 837,46;  598,000;  594,100;  579,000; 3,90000
 837,74;  691,500;  684,210;  665,000; 7,29000
 838,03;  574,000;  565,660;  560,000; 8,34000
 838,31;  670,500;  682,940;  665,000;-12,44000
 838,59;  566,000;  578,650;  562,000;-12,65000
 838,88;  658,000;  650,150;  649,000; 7,85000
 839,16;  605,500;  604,170;  618,000; 1,33000
 839,44;  656,500;  671,050;  638,000;-14,55000
 839,73;  582,000;  559,050;  550,000;22,95000
 840,01;  719,000;  720,550;  683,000;-1,55000
 840,29;  600,500;  609,980;  608,000;-9,48000
 840,58;  725,500;  722,180;  725,000; 3,32000
 840,86;  624,000;  635,270;  651,000;-11,27000
 841,14;  750,500;  741,240;  751,000; 9,26000
 841,43;  648,500;  623,270;  623,000;25,23000
 841,71;  717,000;  709,470;  714,000; 7,53000
 841,99;  656,500;  651,510;  656,000; 4,99000
 842,28;  746,000;  737,160;  759,000; 8,84000
 842,56;  644,000;  653,550;  647,000;-9,55000
 842,84;  752,000;  733,130;  735,000;18,87000
 843,13;  624,000;  618,040;  635,000; 5,96000
 843,41;  741,000;  730,500;  736,000;10,50000
 843,69;  634,500;  659,200;  693,000;-24,70000
 843,98;  754,500;  740,630;  729,000;13,87000
 844,26;  631,500;  643,220;  671,000;-11,72000
 844,54;  740,500;  762,020;  777,000;-21,52000
 844,83;  669,500;  655,500;  652,000;14,00000
 845,11;  759,000;  760,630;  766,000;-1,63000
 845,39;  684,000;  687,330;  676,000;-3,33000
 845,68;  754,500;  744,500;  755,000;10,00000
 845,96;  695,000;  705,900;  720,000;-10,90000
 846,24;  750,500;  756,320;  782,000;-5,82000
 846,52;  687,000;  681,750;  689,000; 5,25000
 846,81;  792,500;  768,070;  808,000;24,43000
 847,09;  650,000;  637,640;  671,000;12,36000
 847,37;  718,000;  735,500;  732,000;-17,50000
 847,66;  644,000;  647,350;  681,000;-3,35000
 847,94;  776,000;  759,180;  770,000;16,82000
 848,22;  665,000;  693,410;  704,000;-28,41000
 848,51;  743,500;  765,470;  759,000;-21,97000
 848,79;  668,000;  670,860;  686,000;-2,86000
 849,07;  743,500;  724,800;  744,000;18,70000
 849,35;  659,000;  652,040;  651,000; 6,96000
 849,64;  742,000;  723,750;  704,000;18,25000
 849,92;  595,500;  613,570;  629,000;-18,07000
 850,20;  777,500;  766,430;  801,000;11,07000
 850,49;  676,500;  668,960;  676,000; 7,54000
 850,77;  717,000;  725,440;  755,000;-8,44000
 851,05;  678,000;  671,330;  654,000; 6,67000
 851,33;  725,500;  736,390;  742,000;-10,89000
 851,62;  649,500;  650,310;  658,000;-0,81000
 851,90;  743,000;  747,100;  760,000;-4,10000
 852,18;  651,000;  652,890;  653,000;-1,89000
 852,47;  765,500;  766,890;  785,000;-1,39000
 852,75;  646,500;  647,250;  665,000;-0,75000
 853,03;  770,500;  746,210;  751,000;24,29000
 853,31;  675,500;  658,640;  686,000;16,86000
 853,60;  770,000;  755,870;  762,000;14,13000
 853,88;  643,500;  641,540;  662,000; 1,96000
 854,16;  721,000;  736,000;  742,000;-15,00000
 854,45;  638,000;  628,330;  611,000; 9,67000
 854,73;  738,500;  756,520;  765,000;-18,02000
 855,01;  693,000;  667,840;  659,000;25,16000
 855,29;  777,500;  754,490;  751,000;23,01000
 855,58;  663,500;  670,470;  655,000;-6,97000
 855,86;  787,000;  774,250;  785,000;12,75000
 856,14;  654,000;  660,430;  678,000;-6,43000
 856,42;  703,500;  713,050;  761,000;-9,55000
 856,71;  676,500;  681,690;  707,000;-5,19000
 856,99;  757,500;  758,170;  765,000;-0,67000
 857,27;  624,500;  646,460;  644,000;-21,96000
 857,55;  773,000;  759,310;  793,000;13,69000
 857,84;  671,500;  666,930;  662,000; 4,57000
 858,12;  748,000;  752,030;  733,000;-4,03000
 858,40;  649,500;  664,740;  668,000;-15,24000
 858,69;  723,000;  750,300;  752,000;-27,30000
 858,97;  665,500;  667,470;  694,000;-1,97000
 859,25;  750,500;  763,700;  793,000;-13,20000
 859,53;  655,000;  644,630;  648,000;10,37000
 859,82;  746,500;  763,700;  732,000;-17,20000
 860,10;  676,000;  666,950;  706,000; 9,05000
 860,38;  744,500;  771,580;  763,000;-27,08000
 860,66;  683,000;  678,980;  658,000; 4,02000
 860,95;  716,000;  725,180;  752,000;-9,18000
 861,23;  675,000;  667,080;  678,000; 7,92000
 861,51;  729,500;  733,080;  723,000;-3,58000
 861,79;  650,000;  631,470;  601,000;18,53000
 862,08;  749,000;  755,270;  773,000;-6,27000
 862,36;  667,500;  667,660;  642,000;-0,16000
 862,64;  730,000;  738,460;  745,000;-8,46000
 862,92;  651,500;  667,420;  685,000;-15,92000
 863,20;  749,500;  736,040;  744,000;13,46000
 863,49;  654,000;  643,530;  642,000;10,47000
 863,77;  705,500;  719,240;  717,000;-13,74000
 864,05;  621,000;  618,980;  592,000; 2,02000
 864,33;  732,500;  735,990;  714,000;-3,49000
 864,62;  602,500;  613,270;  586,000;-10,77000
 864,90;  731,500;  743,310;  749,000;-11,81000
 865,18;  667,500;  652,060;  664,000;15,44000
 865,46;  691,000;  707,420;  686,000;-16,42000
 865,75;  617,000;  624,070;  611,000;-7,07000
 866,03;  658,000;  657,930;  633,000; 0,07000
 866,31;  591,500;  587,150;  600,000; 4,35000
 866,59;  678,500;  692,250;  652,000;-13,75000
 866,87;  600,500;  597,000;  565,000; 3,50000
 867,16;  699,000;  697,470;  693,000; 1,53000
 867,44;  590,500;  599,240;  602,000;-8,74000
 867,72;  683,500;  699,860;  702,000;-16,36000
 868,00;  611,000;  629,910;  650,000;-18,91000
 868,29;  715,000;  714,990;  708,000; 0,01000
 868,57;  645,000;  638,600;  622,000; 6,40000
 868,85;  701,000;  710,750;  711,000;-9,75000
 869,13;  627,500;  616,990;  571,000;10,51000
 869,41;  700,000;  708,600;  729,000;-8,60000
 869,70;  621,000;  615,750;  644,000; 5,25000
 869,98;  727,000;  720,260;  727,000; 6,74000
 870,26;  611,500;  614,180;  635,000;-2,68000
 870,54;  735,500;  720,900;  719,000;14,60000
 870,83;  674,000;  663,070;  668,000;10,93000
 871,11;  715,500;  714,590;  738,000; 0,91000
 871,39;  652,000;  659,470;  661,000;-7,47000
 871,67;  713,500;  723,990;  675,000;-10,49000
 871,95;  655,500;  653,960;  645,000; 1,54000
 872,24;  772,500;  764,590;  754,000; 7,91000
 872,52;  698,500;  671,330;  685,000;27,17000
 872,80;  726,500;  732,320;  696,000;-5,82000
 873,08;  653,500;  647,290;  643,000; 6,21000
 873,36;  733,500;  738,500;  730,000;-5,00000
 873,65;  669,000;  688,570;  689,000;-19,57000
 873,93;  770,000;  766,900;  784,000; 3,10000
 874,21;  633,000;  639,460;  636,000;-6,46000
 874,49;  716,500;  722,670;  701,000;-6,17000
 874,77;  633,500;  631,280;  651,000; 2,22000
 875,06;  687,000;  700,740;  678,000;-13,74000
 875,34;  601,500;  615,780;  568,000;-14,28000
 875,62;  660,000;  664,240;  680,000;-4,24000
 875,90;  647,000;  646,500;  616,000; 0,50000
 876,18;  671,500;  678,050;  667,000;-6,55000
 876,46;  569,500;  558,740;  565,000;10,76000
 876,75;  674,500;  677,090;  692,000;-2,59000
 877,03;  598,000;  603,390;  592,000;-5,39000
 877,31;  704,000;  693,370;  674,000;10,63000
 877,59;  612,500;  613,870;  593,000;-1,37000
 877,87;  722,500;  719,780;  732,000; 2,72000
 878,16;  639,000;  625,750;  644,000;13,25000
 878,44;  689,500;  707,820;  684,000;-18,32000
 878,72;  662,000;  640,400;  613,000;21,60000
 879,00;  731,000;  738,460;  754,000;-7,46000
 879,28;  643,000;  634,860;  634,000; 8,14000
 879,56;  755,000;  753,230;  772,000; 1,77000
 879,85;  646,500;  635,770;  634,000;10,73000
 880,13;  720,500;  725,430;  732,000;-4,93000
 880,41;  677,500;  670,220;  693,000; 7,28000
 880,69;  732,500;  731,740;  719,000; 0,76000
 880,97;  618,500;  620,580;  632,000;-2,08000
 881,26;  701,000;  706,180;  741,000;-5,18000
 881,54;  602,000;  631,310;  602,000;-29,31000
 881,82;  727,500;  734,520;  748,000;-7,02000
 882,10;  653,000;  656,940;  681,000;-3,94000
 882,38;  779,000;  787,430;  800,000;-8,43000
 882,66;  685,500;  672,860;  666,000;12,64000
 882,94;  722,500;  715,150;  715,000; 7,35000
 883,23;  676,500;  664,940;  668,000;11,56000
 883,51;  747,500;  745,130;  752,000; 2,37000
 883,79;  634,000;  626,860;  630,000; 7,14000
 884,07;  719,500;  734,130;  723,000;-14,63000
 884,35;  632,000;  617,140;  633,000;14,86000
 884,63;  776,000;  753,510;  750,000;22,49000
 884,92;  629,500;  630,660;  662,000;-1,16000
 885,20;  745,000;  752,550;  769,000;-7,55000
 885,48;  656,500;  661,060;  689,000;-4,56000
 885,76;  710,000;  721,550;  698,000;-11,55000
 886,04;  655,500;  662,970;  707,000;-7,47000
 886,32;  725,500;  730,550;  729,000;-5,05000
 886,60;  622,500;  635,970;  622,000;-13,47000
 886,89;  717,000;  731,410;  750,000;-14,41000
 887,17;  627,000;  625,490;  679,000; 1,51000
 887,45;  750,500;  741,020;  747,000; 9,48000
 887,73;  651,500;  647,430;  666,000; 4,07000
 888,01;  715,000;  704,300;  683,000;10,70000
 888,29;  601,000;  616,620;  631,000;-15,62000
 888,57;  712,000;  722,040;  753,000;-10,04000
 888,86;  647,000;  640,060;  633,000; 6,94000
 889,14;  721,500;  709,670;  713,000;11,83000
 889,42;  632,500;  627,490;  623,000; 5,01000
 889,70;  749,000;  752,950;  717,000;-3,95000
 889,98;  644,500;  639,070;  670,000; 5,43000
 890,26;  709,000;  730,730;  724,000;-21,73000
 890,54;  677,500;  658,990;  682,000;18,51000
 890,83;  711,000;  705,730;  695,000; 5,27000
 891,11;  597,000;  610,570;  610,000;-13,57000
 891,39;  724,000;  713,090;  703,000;10,91000
 891,67;  629,500;  642,650;  700,000;-13,15000
 891,95;  719,500;  746,750;  751,000;-27,25000
 892,23;  678,500;  675,700;  689,000; 2,80000
 892,51;  705,000;  721,750;  735,000;-16,75000
 892,79;  658,500;  664,640;  691,000;-6,14000
 893,08;  715,500;  707,760;  730,000; 7,74000
 893,36;  623,500;  643,700;  633,000;-20,20000
 893,64;  755,000;  745,250;  778,000; 9,75000
 893,92;  613,500;  616,960;  615,000;-3,46000
 894,20;  691,000;  708,090;  711,000;-17,09000
 894,48;  618,500;  645,840;  659,000;-27,34000
 894,76;  710,500;  729,630;  732,000;-19,13000
 895,04;  635,000;  632,860;  645,000; 2,14000
 895,32;  725,500;  731,590;  737,000;-6,09000
 895,61;  667,500;  675,070;  697,000;-7,57000
 895,89;  651,000;  662,630;  655,000;-11,63000
 896,17;  580,000;  575,080;  576,000; 4,92000
 896,45;  691,500;  690,560;  652,000; 0,94000
 896,73;  621,500;  617,280;  636,000; 4,22000
 897,01;  727,500;  728,320;  758,000;-0,82000
 897,29;  651,000;  652,320;  673,000;-1,32000
 897,57;  734,500;  735,900;  758,000;-1,40000
 897,85;  602,500;  605,080;  596,000;-2,58000
 898,14;  685,500;  678,220;  722,000; 7,28000
 898,42;  629,500;  639,470;  629,000;-9,97000
 898,70;  700,500;  694,240;  668,000; 6,26000
 898,98;  620,000;  593,690;  591,000;26,31000
 899,26;  647,000;  663,460;  656,000;-16,46000
 899,54;  612,500;  604,990;  609,000; 7,51000
 899,82;  686,500;  699,270;  682,000;-12,77000
 900,10;  610,000;  598,940;  594,000;11,06000
 900,38;  654,500;  655,970;  669,000;-1,47000
 900,66;  576,500;  590,690;  606,000;-14,19000
 900,94;  672,000;  670,130;  684,000; 1,87000
 901,23;  519,000;  518,950;  505,000; 0,05000
 901,51;  707,000;  680,470;  693,000;26,53000
 901,79;  554,000;  551,240;  534,000; 2,76000
 902,07;  629,000;  634,150;  605,000;-5,15000
 902,35;  574,500;  571,370;  554,000; 3,13000
 902,63;  630,000;  628,690;  606,000; 1,31000
 902,91;  549,500;  554,070;  556,000;-4,57000
 903,19;  636,500;  648,220;  649,000;-11,72000
 903,47;  556,500;  558,660;  534,000;-2,16000
 903,75;  614,000;  634,220;  617,000;-20,22000
 904,03;  549,000;  539,920;  533,000; 9,08000
 904,31;  684,500;  665,920;  676,000;18,58000
 904,60;  575,000;  561,610;  548,000;13,39000
 904,88;  693,000;  660,300;  691,000;32,70000
 905,16;  614,500;  609,450;  598,000; 5,05000
 905,44;  698,500;  688,870;  694,000; 9,63000
 905,72;  536,000;  542,730;  518,000;-6,73000
 906,00;  677,500;  662,420;  654,000;15,08000
 906,28;  574,000;  550,240;  553,000;23,76000
 906,56;  671,000;  649,400;  663,000;21,60000
 906,84;  620,000;  604,700;  583,000;15,30000
 907,12;  685,000;  663,790;  677,000;21,21000
 907,40;  630,500;  629,200;  627,000; 1,30000
 907,68;  651,500;  648,560;  636,000; 2,94000
 907,96;  595,000;  619,290;  613,000;-24,29000
 908,24;  691,000;  682,340;  707,000; 8,66000
 908,52;  553,500;  557,160;  540,000;-3,66000
 908,80;  723,000;  700,910;  695,000;22,09000
 909,09;  600,500;  572,540;  582,000;27,96000
 909,37;  720,000;  690,330;  700,000;29,67000
 909,65;  608,500;  590,170;  599,000;18,33000
 909,93;  662,500;  688,170;  694,000;-25,67000
 910,21;  573,500;  577,840;  559,000;-4,34000
 910,49;  700,000;  681,860;  685,000;18,14000
 910,77;  582,000;  580,090;  590,000; 1,91000
 911,05;  701,000;  708,660;  717,000;-7,66000
 911,33;  590,000;  577,250;  561,000;12,75000
 911,61;  711,500;  685,820;  673,000;25,68000
 911,89;  606,000;  611,530;  618,000;-5,53000
 912,17;  684,000;  686,470;  699,000;-2,47000
 912,45;  655,500;  649,190;  648,000; 6,31000
 912,73;  684,000;  691,310;  706,000;-7,31000
 913,01;  587,500;  571,520;  610,000;15,98000
 913,29;  682,000;  692,350;  695,000;-10,35000
 913,57;  602,500;  581,520;  559,000;20,98000
 913,85;  693,500;  679,500;  700,000;14,00000
 914,13;  595,000;  583,760;  555,000;11,24000
 914,41;  719,500;  715,740;  719,000; 3,76000
 914,69;  680,000;  650,780;  647,000;29,22000
 914,97;  697,000;  703,700;  705,000;-6,70000
 915,25;  617,500;  600,060;  586,000;17,44000
 915,54;  701,500;  700,910;  703,000; 0,59000
 915,82;  579,500;  598,240;  599,000;-18,74000
 916,10;  708,000;  706,550;  679,000; 1,45000
 916,38;  633,500;  630,710;  632,000; 2,79000
 916,66;  728,500;  730,510;  741,000;-2,01000
 916,94;  650,500;  648,720;  651,000; 1,78000
 917,22;  720,500;  719,240;  749,000; 1,26000
 917,50;  625,000;  606,930;  599,000;18,07000
 917,78;  719,500;  691,850;  668,000;27,65000
 918,06;  628,000;  637,710;  636,000;-9,71000
 918,34;  743,000;  744,060;  717,000;-1,06000
 918,62;  648,000;  636,850;  622,000;11,15000
 918,90;  751,000;  756,160;  759,000;-5,16000
 919,18;  646,500;  658,830;  666,000;-12,33000
 919,46;  695,500;  703,660;  688,000;-8,16000
 919,74;  622,500;  636,610;  638,000;-14,11000
 920,02;  683,000;  690,060;  697,000;-7,06000
 920,30;  610,000;  623,970;  635,000;-13,97000
 920,58;  697,000;  699,620;  699,000;-2,62000
 920,86;  603,500;  624,760;  632,000;-21,26000
 921,14;  739,000;  732,120;  725,000; 6,88000
 921,42;  598,000;  622,980;  610,000;-24,98000
 921,70;  719,500;  704,930;  691,000;14,57000
 921,98;  668,500;  649,480;  649,000;19,02000
 922,26;  711,500;  714,910;  730,000;-3,41000
 922,54;  642,000;  650,460;  680,000;-8,46000
 922,82;  712,000;  725,070;  757,000;-13,07000
 923,10;  618,500;  604,730;  599,000;13,77000
 923,38;  768,000;  757,530;  750,000;10,47000
 923,66;  616,500;  625,580;  629,000;-9,08000
 923,94;  747,000;  723,890;  736,000;23,11000
 924,22;  679,500;  664,910;  662,000;14,59000
 924,50;  713,000;  710,910;  701,000; 2,09000
 924,78;  671,500;  659,420;  657,000;12,08000
 925,06;  726,000;  717,610;  708,000; 8,39000
 925,34;  629,500;  619,210;  640,000;10,29000
 925,62;  711,500;  719,570;  725,000;-8,07000
 925,90;  638,500;  624,290;  622,000;14,21000
 926,18;  700,500;  716,330;  728,000;-15,83000
 926,46;  658,500;  636,710;  616,000;21,79000
 926,74;  711,500;  705,950;  690,000; 5,55000
 927,02;  641,500;  639,720;  658,000; 1,78000
 927,30;  718,000;  716,270;  717,000; 1,73000
 927,58;  634,000;  640,100;  642,000;-6,10000
 927,86;  748,000;  741,630;  760,000; 6,37000
 928,14;  652,500;  653,200;  647,000;-0,70000
 928,42;  733,500;  734,950;  763,000;-1,45000
 928,70;  599,500;  603,170;  604,000;-3,67000
 928,98;  757,500;  753,370;  775,000; 4,13000
 929,26;  631,000;  642,660;  634,000;-11,66000
 929,53;  713,000;  708,450;  721,000; 4,55000
 929,81;  705,500;  686,790;  683,000;18,71000
 930,09;  661,500;  682,680;  700,000;-21,18000
 930,37;  596,500;  592,640;  591,000; 3,86000
 930,65;  743,500;  729,930;  751,000;13,57000
 930,93;  622,500;  610,770;  622,000;11,73000
 931,21;  716,500;  708,240;  709,000; 8,26000
 931,49;  630,500;  649,880;  658,000;-19,38000
 931,77;  702,000;  697,090;  695,000; 4,91000
 932,05;  649,500;  631,780;  609,000;17,72000
 932,33;  659,000;  674,060;  651,000;-15,06000
 932,61;  561,000;  582,040;  590,000;-21,04000
 932,89;  711,000;  717,280;  703,000;-6,28000
 933,17;  597,000;  588,970;  621,000; 8,03000
 933,45;  653,500;  684,740;  690,000;-31,24000
 933,73;  564,500;  568,670;  567,000;-4,17000
 934,01;  669,500;  677,130;  677,000;-7,63000
 934,29;  635,500;  631,130;  613,000; 4,37000
 934,57;  656,500;  656,970;  662,000;-0,47000
 934,85;  579,500;  576,200;  563,000; 3,30000
 935,13;  600,000;  619,430;  583,000;-19,43000
 935,41;  512,500;  530,670;  498,000;-18,17000
 935,69;  644,500;  647,640;  634,000;-3,14000
 935,96;  562,000;  567,000;  531,000;-5,00000
 936,24;  638,500;  657,480;  645,000;-18,98000
 936,52;  587,500;  588,310;  581,000;-0,81000
 936,80;  676,000;  660,260;  643,000;15,74000
 937,08;  603,000;  608,030;  597,000;-5,03000
 937,36;  687,000;  679,780;  665,000; 7,22000
 937,64;  604,000;  587,890;  590,000;16,11000
 937,92;  674,500;  668,280;  678,000; 6,22000
 938,20;  623,000;  615,400;  619,000; 7,60000
 938,48;  697,500;  689,320;  734,000; 8,18000
 938,76;  590,000;  594,370;  606,000;-4,37000
 939,04;  694,500;  693,300;  709,000; 1,20000
 939,32;  601,000;  592,550;  593,000; 8,45000
 939,60;  640,500;  654,200;  639,000;-13,70000
 939,88;  605,500;  581,550;  583,000;23,95000
 940,16;  672,500;  682,380;  691,000;-9,88000
 940,43;  522,000;  556,830;  556,000;-34,83000
 940,71;  669,000;  666,740;  630,000; 2,26000
 940,99;  603,000;  614,850;  585,000;-11,85000
 941,27;  688,500;  691,680;  701,000;-3,18000
 941,55;  616,000;  624,780;  607,000;-8,78000
 941,83;  668,000;  682,860;  698,000;-14,86000
 942,11;  601,000;  613,490;  623,000;-12,49000
 942,39;  690,000;  700,410;  696,000;-10,41000
 942,67;  587,000;  591,750;  560,000;-4,75000
 942,95;  639,000;  653,160;  679,000;-14,16000
 943,23;  609,500;  614,570;  623,000;-5,07000
 943,51;  717,500;  722,830;  719,000;-5,33000
 943,78;  601,000;  627,530;  602,000;-26,53000
 944,06;  649,500;  667,130;  652,000;-17,63000
 944,34;  643,000;  626,160;  625,000;16,84000
 944,62;  692,500;  682,150;  639,000;10,35000
 944,90;  567,500;  577,390;  567,000;-9,89000
 945,18;  669,500;  662,460;  661,000; 7,04000
 945,46;  595,500;  598,910;  608,000;-3,41000
 945,74;  673,500;  698,710;  682,000;-25,21000
 946,02;  603,000;  597,370;  593,000; 5,63000
 946,30;  634,500;  650,470;  661,000;-15,97000
 946,57;  566,500;  580,650;  576,000;-14,15000
 946,85;  671,500;  664,990;  666,000; 6,51000
 947,13;  598,500;  594,790;  581,000; 3,71000
 947,41;  654,500;  667,210;  650,000;-12,71000
 947,69;  530,000;  557,680;  550,000;-27,68000
 947,97;  696,000;  689,110;  708,000; 6,89000
 948,25;  605,500;  599,250;  573,000; 6,25000
 948,53;  671,000;  673,330;  680,000;-2,33000
 948,81;  628,000;  629,850;  605,000;-1,85000
 949,09;  683,000;  684,430;  711,000;-1,43000
 949,36;  553,500;  578,000;  568,000;-24,50000
 949,64;  658,500;  658,960;  640,000;-0,46000
 949,92;  543,000;  553,130;  534,000;-10,13000
 950,20;  680,000;  687,320;  684,000;-7,32000
 950,48;  578,500;  571,330;  577,000; 7,17000
 950,76;  675,500;  680,240;  674,000;-4,74000
 951,04;  608,000;  604,600;  572,000; 3,40000
 951,32;  650,500;  655,520;  683,000;-5,02000
 951,59;  640,000;  620,800;  620,000;19,20000
 951,87;  656,000;  675,680;  694,000;-19,68000
 952,15;  580,500;  590,470;  579,000;-9,97000
 952,43;  686,000;  704,580;  674,000;-18,58000
 952,71;  577,000;  588,720;  561,000;-11,72000
 952,99;  700,500;  692,400;  696,000; 8,10000
 953,27;  607,000;  597,080;  575,000; 9,92000
 953,55;  655,000;  668,200;  697,000;-13,20000
 953,82;  603,500;  604,470;  583,000;-0,97000
 954,10;  675,500;  690,880;  718,000;-15,38000
 954,38;  628,000;  618,400;  608,000; 9,60000
 954,66;  694,000;  697,210;  705,000;-3,21000
 954,94;  557,000;  577,160;  602,000;-20,16000
 955,22;  732,500;  720,340;  741,000;12,16000
 955,50;  593,500;  593,050;  607,000; 0,45000
 955,78;  670,500;  672,630;  682,000;-2,13000
 956,05;  629,000;  619,660;  614,000; 9,34000
 956,33;  709,500;  702,580;  707,000; 6,92000
 956,61;  615,000;  606,830;  606,000; 8,17000
 956,89;  664,500;  646,550;  643,000;17,95000
 957,17;  593,000;  577,060;  583,000;15,94000
 957,45;  699,000;  698,750;  693,000; 0,25000
 957,72;  594,500;  604,440;  625,000;-9,94000
 958,00;  701,000;  686,940;  685,000;14,06000
 958,28;  649,000;  648,490;  639,000; 0,51000
 958,56;  655,000;  652,880;  677,000; 2,12000
 958,84;  628,000;  613,200;  612,000;14,80000
 959,12;  647,000;  655,530;  676,000;-8,53000
 959,40;  578,000;  596,920;  590,000;-18,92000
 959,67;  689,000;  668,920;  639,000;20,08000
 959,95;  574,000;  587,410;  584,000;-13,41000
 960,23;  663,500;  699,720;  662,000;-36,22000
 960,51;  604,000;  607,260;  614,000;-3,26000
 960,79;  717,500;  721,140;  737,000;-3,64000
 961,07;  582,500;  585,280;  563,000;-2,78000
 961,34;  737,500;  737,480;  718,000; 0,02000
 961,62;  565,500;  575,280;  593,000;-9,78000
 961,90;  693,500;  698,830;  703,000;-5,33000
 962,18;  594,500;  594,420;  600,000; 0,08000
 962,46;  704,000;  714,030;  715,000;-10,03000
 962,74;  658,500;  656,560;  675,000; 1,94000
 963,01;  694,500;  691,590;  682,000; 2,91000
 963,29;  637,500;  638,880;  659,000;-1,38000
 963,57;  711,000;  708,320;  720,000; 2,68000
 963,85;  648,000;  652,190;  641,000;-4,19000
 964,13;  685,000;  685,640;  673,000;-0,64000
 964,41;  647,000;  619,340;  665,000;27,66000
 964,68;  740,500;  738,420;  767,000; 2,08000
 964,96;  652,000;  641,160;  642,000;10,84000
 965,24;  725,000;  713,380;  712,000;11,62000
 965,52;  642,000;  635,620;  592,000; 6,38000
 965,80;  676,000;  681,560;  652,000;-5,56000
 966,07;  606,000;  628,100;  635,000;-22,10000
 966,35;  726,500;  719,540;  703,000; 6,96000
 966,63;  596,000;  597,880;  630,000;-1,88000
 966,91;  708,500;  711,750;  714,000;-3,25000
 967,19;  607,000;  630,120;  646,000;-23,12000
 967,47;  734,500;  697,860;  683,000;36,64000
 967,74;  611,000;  627,480;  655,000;-16,48000
 968,02;  712,000;  701,850;  735,000;10,15000
 968,30;  632,000;  625,140;  637,000; 6,86000
 968,58;  713,500;  714,370;  665,000;-0,87000
 968,86;  629,000;  628,510;  615,000; 0,49000
 969,13;  686,000;  690,730;  673,000;-4,73000
 969,41;  571,500;  585,170;  591,000;-13,67000
 969,69;  678,500;  679,560;  708,000;-1,06000
 969,97;  618,500;  602,700;  596,000;15,80000
 970,25;  669,500;  664,440;  653,000; 5,06000
 970,52;  589,000;  581,820;  574,000; 7,18000
 970,80;  630,500;  644,270;  617,000;-13,77000
 971,08;  556,000;  566,180;  544,000;-10,18000
 971,36;  655,000;  663,400;  650,000;-8,40000
 971,64;  515,500;  525,480;  512,000;-9,98000
 971,91;  595,000;  627,560;  625,000;-32,56000
 972,19;  554,000;  535,720;  524,000;18,28000
 972,47;  615,500;  625,920;  616,000;-10,42000
 972,75;  525,000;  517,240;  501,000; 7,76000
 973,02;  601,500;  593,770;  602,000; 7,73000
 973,30;  575,500;  590,980;  574,000;-15,48000
 973,58;  672,500;  659,720;  650,000;12,78000
 973,86;  536,500;  560,230;  538,000;-23,73000
 974,14;  654,000;  659,490;  650,000;-5,49000
 974,41;  553,500;  550,960;  521,000; 2,54000
 974,69;  639,500;  653,090;  665,000;-13,59000
 974,97;  608,000;  607,700;  583,000; 0,30000
 975,25;  687,000;  683,710;  651,000; 3,29000
 975,53;  611,000;  607,920;  573,000; 3,08000
 975,80;  689,500;  680,970;  640,000; 8,53000
 976,08;  582,500;  599,550;  586,000;-17,05000
 976,36;  666,000;  695,590;  689,000;-29,59000
 976,64;  600,500;  593,760;  589,000; 6,74000
 976,91;  720,000;  726,310;  750,000;-6,31000
 977,19;  604,500;  614,180;  614,000;-9,68000
 977,47;  671,000;  710,340;  727,000;-39,34000
 977,75;  591,000;  604,690;  586,000;-13,69000
 978,02;  684,000;  687,280;  678,000;-3,28000
 978,30;  606,000;  604,520;  589,000; 1,48000
 978,58;  698,000;  713,840;  683,000;-15,84000
 978,86;  645,000;  642,160;  655,000; 2,84000
 979,13;  734,500;  746,130;  765,000;-11,63000
 979,41;  622,000;  623,480;  657,000;-1,48000
 979,69;  700,500;  725,800;  684,000;-25,30000
 979,97;  626,000;  634,540;  639,000;-8,54000
 980,24;  699,500;  695,310;  691,000; 4,19000
 980,52;  617,000;  642,500;  612,000;-25,50000
 980,80;  733,000;  719,680;  728,000;13,32000
 981,08;  641,000;  628,490;  634,000;12,51000
 981,35;  692,500;  712,690;  701,000;-20,19000
 981,63;  567,500;  589,150;  595,000;-21,65000
 981,91;  715,500;  711,270;  708,000; 4,23000
 982,19;  587,500;  612,520;  630,000;-25,02000
 982,46;  690,000;  707,850;  707,000;-17,85000
 982,74;  665,000;  653,750;  642,000;11,25000
 983,02;  674,500;  696,080;  663,000;-21,58000
 983,30;  592,500;  606,170;  592,000;-13,67000
 983,57;  734,500;  721,460;  717,000;13,04000
 983,85;  600,000;  604,660;  611,000;-4,66000
 984,13;  686,500;  704,060;  711,000;-17,56000
 984,41;  638,000;  641,940;  609,000;-3,94000
 984,68;  698,000;  687,090;  678,000;10,91000
 984,96;  646,000;  657,760;  662,000;-11,76000
 985,24;  669,500;  661,010;  659,000; 8,49000
 985,52;  591,000;  586,920;  581,000; 4,08000
 985,79;  723,500;  728,840;  756,000;-5,34000
 986,07;  635,500;  631,210;  617,000; 4,29000
 986,35;  747,500;  759,970;  733,000;-12,47000
 986,63;  609,500;  617,360;  615,000;-7,86000
 986,90;  730,000;  727,180;  712,000; 2,82000
 987,18;  645,500;  649,020;  630,000;-3,52000
 987,46;  693,500;  702,410;  710,000;-8,91000
 987,73;  626,500;  634,870;  656,000;-8,37000
 988,01;  723,500;  710,840;  705,000;12,66000
 988,29;  619,000;  615,210;  632,000; 3,79000
 988,57;  665,500;  694,860;  667,000;-29,36000
 988,84;  612,500;  597,740;  565,000;14,76000
 989,12;  702,000;  722,960;  710,000;-20,96000
 989,40;  646,500;  641,020;  652,000; 5,48000
 989,67;  709,500;  720,310;  692,000;-10,81000
 989,95;  587,500;  597,800;  599,000;-10,30000
 990,23;  701,000;  687,070;  716,000;13,93000
 990,51;  621,500;  626,260;  615,000;-4,76000
 990,78;  703,000;  692,390;  702,000;10,61000
 991,06;  617,500;  626,320;  630,000;-8,82000
 991,34;  704,500;  694,170;  661,000;10,33000
 991,61;  624,000;  629,710;  616,000;-5,71000
 991,89;  650,500;  651,340;  649,000;-0,84000
 992,17;  601,000;  607,000;  621,000;-6,00000
 992,44;  687,500;  667,170;  659,000;20,33000
 992,72;  589,000;  595,540;  592,000;-6,54000
 993,00;  651,500;  642,590;  642,000; 8,91000
 993,28;  574,000;  571,350;  532,000; 2,65000
 993,55;  669,000;  672,110;  682,000;-3,11000
 993,83;  588,500;  598,810;  607,000;-10,31000
 994,11;  689,000;  691,860;  688,000;-2,86000
 994,38;  612,500;  590,780;  609,000;21,72000
 994,66;  682,000;  690,370;  660,000;-8,37000
 994,94;  629,000;  618,620;  611,000;10,38000
 995,21;  690,000;  688,850;  689,000; 1,15000
 995,49;  568,000;  600,140;  636,000;-32,14000
 995,77;  680,000;  678,890;  682,000; 1,11000
 996,04;  556,500;  565,460;  558,000;-8,96000
 996,32;  692,500;  693,830;  699,000;-1,33000
 996,60;  582,000;  593,730;  604,000;-11,73000
 996,88;  699,500;  699,270;  678,000; 0,23000
 997,15;  613,500;  619,010;  609,000;-5,51000
 997,43;  662,000;  654,830;  673,000; 7,17000
 997,71;  566,000;  568,660;  569,000;-2,66000
 997,98;  688,000;  669,120;  668,000;18,88000
 998,26;  590,500;  584,670;  583,000; 5,83000
 998,54;  680,500;  689,620;  688,000;-9,12000
 998,81;  598,500;  604,240;  610,000;-5,74000
 999,09;  637,500;  659,010;  628,000;-21,51000
 999,37;  551,500;  544,660;  540,000; 6,84000
 999,64;  641,000;  650,890;  653,000;-9,89000
 999,92;  566,000;  568,440;  562,000;-2,44000
1000,20;  676,000;  664,270;  687,000;11,73000
1000,47;  594,500;  582,910;  592,000;11,59000
1000,75;  635,500;  658,000;  640,000;-22,50000
1001,03;  565,000;  564,400;  564,000; 0,60000
1001,30;  676,500;  677,330;  671,000;-0,83000
1001,58;  591,000;  611,170;  583,000;-20,17000
1001,86;  620,000;  636,850;  634,000;-16,85000
1002,13;  604,500;  589,090;  612,000;15,41000
1002,41;  621,500;  655,390;  668,000;-33,89000
1002,69;  553,000;  562,720;  577,000;-9,72000
1002,96;  664,000;  666,370;  707,000;-2,37000
1003,24;  573,000;  588,360;  557,000;-15,36000
1003,51;  659,000;  675,760;  682,000;-16,76000
1003,79;  576,500;  569,990;  544,000; 6,51000
1004,07;  654,500;  661,630;  666,000;-7,13000
1004,34;  595,500;  600,600;  617,000;-5,10000
1004,62;  637,500;  671,320;  674,000;-33,82000
1004,90;  557,500;  550,000;  541,000; 7,50000
1005,17;  675,000;  670,420;  672,000; 4,58000
1005,45;  539,000;  545,100;  555,000;-6,10000
1005,73;  666,500;  666,250;  688,000; 0,25000
1006,00;  558,500;  554,870;  573,000; 3,63000
1006,28;  657,500;  660,330;  644,000;-2,83000
1006,56;  606,500;  627,260;  626,000;-20,76000
1006,83;  638,500;  639,460;  609,000;-0,96000
1007,11;  580,000;  581,610;  584,000;-1,61000
1007,38;  662,000;  670,280;  684,000;-8,28000
1007,66;  547,500;  557,430;  556,000;-9,93000
1007,94;  692,000;  698,270;  705,000;-6,27000
1008,21;  584,000;  577,860;  572,000; 6,14000
1008,49;  679,500;  678,720;  700,000; 0,78000
1008,77;  578,000;  594,690;  580,000;-16,69000
1009,04;  627,500;  646,980;  644,000;-19,48000
1009,32;  582,500;  587,390;  598,000;-4,89000
1009,60;  675,000;  660,920;  688,000;14,08000
1009,87;  525,500;  551,740;  580,000;-26,24000
1010,15;  657,500;  648,490;  648,000; 9,01000
1010,42;  566,500;  557,500;  576,000; 9,00000
1010,70;  676,000;  662,390;  653,000;13,61000
1010,98;  560,000;  545,850;  564,000;14,15000
1011,25;  654,500;  642,860;  658,000;11,64000
1011,53;  616,500;  604,580;  622,000;11,92000
1011,80;  626,000;  628,430;  610,000;-2,43000
1012,08;  557,500;  553,790;  546,000; 3,71000
1012,36;  620,500;  623,830;  628,000;-3,33000
1012,63;  532,000;  536,570;  525,000;-4,57000
1012,91;  661,000;  683,930;  699,000;-22,93000
1013,19;  594,500;  596,240;  619,000;-1,74000
1013,46;  656,500;  642,160;  661,000;14,34000
1013,74;  584,000;  570,450;  566,000;13,55000
1014,01;  629,000;  636,200;  642,000;-7,20000
1014,29;  557,000;  551,420;  567,000; 5,58000
1014,57;  618,000;  627,970;  611,000;-9,97000
1014,84;  577,000;  568,160;  558,000; 8,84000
1015,12;  671,500;  667,000;  683,000; 4,50000
1015,39;  555,000;  566,310;  605,000;-11,31000
1015,67;  670,000;  659,130;  679,000;10,87000
1015,95;  602,000;  598,440;  579,000; 3,56000
1016,22;  627,000;  621,720;  629,000; 5,28000
1016,50;  548,500;  556,320;  563,000;-7,82000
1016,77;  618,500;  637,750;  626,000;-19,25000
1017,05;  574,500;  574,780;  567,000;-0,28000
1017,32;  665,000;  673,180;  677,000;-8,18000
1017,60;  555,500;  558,610;  572,000;-3,11000
1017,88;  703,000;  711,340;  705,000;-8,34000
1018,15;  589,000;  578,570;  571,000;10,43000
1018,43;  663,000;  668,110;  693,000;-5,11000
1018,70;  585,000;  600,460;  624,000;-15,46000
1018,98;  661,500;  671,180;  674,000;-9,68000
1019,26;  576,000;  581,570;  592,000;-5,57000
1019,53;  628,500;  643,350;  639,000;-14,85000
1019,81;  584,000;  579,800;  602,000; 4,20000
1020,08;  634,500;  661,340;  670,000;-26,84000
1020,36;  554,500;  556,080;  573,000;-1,58000
1020,63;  659,000;  647,880;  650,000;11,12000
1020,91;  591,000;  587,960;  619,000; 3,04000
1021,19;  653,500;  650,580;  651,000; 2,92000
1021,46;  572,000;  596,140;  589,000;-24,14000
1021,74;  650,000;  655,870;  678,000;-5,87000
1022,01;  533,500;  531,060;  511,000; 2,44000
1022,29;  647,000;  663,070;  671,000;-16,07000
1022,56;  541,500;  565,850;  563,000;-24,35000
1022,84;  650,500;  652,430;  678,000;-1,93000
1023,12;  559,500;  583,580;  597,000;-24,08000
1023,39;  628,500;  633,700;  609,000;-5,20000
1023,67;  589,000;  591,980;  553,000;-2,98000
1023,94;  678,500;  659,600;  661,000;18,90000
1024,22;  581,000;  580,190;  593,000; 0,81000
1024,49;  635,500;  636,740;  642,000;-1,24000
1024,77;  533,000;  521,120;  514,000;11,88000
1025,04;  650,500;  658,110;  610,000;-7,61000
1025,32;  564,000;  576,700;  558,000;-12,70000
1025,60;  687,500;  696,650;  672,000;-9,15000
1025,87;  608,500;  630,740;  623,000;-22,24000
1026,15;  638,500;  669,030;  653,000;-30,53000
1026,42;  598,000;  591,590;  569,000; 6,41000
1026,70;  664,000;  649,860;  635,000;14,14000
1026,97;  584,500;  579,940;  542,000; 4,56000
1027,25;  638,000;  656,760;  653,000;-18,76000
1027,52;  578,000;  572,660;  560,000; 5,34000
1027,80;  654,000;  675,590;  662,000;-21,59000
1028,08;  538,000;  558,060;  559,000;-20,06000
1028,35;  618,000;  650,070;  653,000;-32,07000
1028,63;  516,500;  552,500;  546,000;-36,00000
1028,90;  650,000;  662,670;  690,000;-12,67000
1029,18;  551,500;  559,050;  537,000;-7,55000
1029,45;  652,000;  661,910;  661,000;-9,91000
1029,73;  493,500;  501,690;  496,000;-8,19000
1030,00;  635,000;  629,400;  603,000; 5,60000
1030,28;  527,500;  523,350;  515,000; 4,15000
1030,55;  588,500;  604,420;  604,000;-15,92000
1030,83;  559,500;  549,600;  524,000; 9,90000
1031,10;  537,500;  559,420;  564,000;-21,92000
1031,38;  483,500;  483,300;  479,000; 0,20000
1031,65;  546,500;  526,170;  505,000;20,33000
1031,93;  452,000;  468,650;  446,000;-16,65000
1032,20;  550,500;  542,650;  540,000; 7,85000
1032,48;  469,500;  452,480;  454,000;17,02000
1032,76;  506,500;  510,040;  551,000;-3,54000
1033,03;  416,000;  422,990;  416,000;-6,99000
1033,31;  489,000;  496,810;  507,000;-7,81000
1033,58;  421,000;  427,500;  420,000;-6,50000
1033,86;  529,500;  522,570;  527,000; 6,93000
1034,13;  413,000;  414,220;  385,000;-1,22000
1034,41;  557,000;  559,690;  558,000;-2,69000
1034,68;  463,500;  477,550;  455,000;-14,05000
1034,96;  573,000;  559,750;  582,000;13,25000
1035,23;  482,500;  494,380;  467,000;-11,88000
1035,51;  567,500;  599,370;  628,000;-31,87000
1035,78;  486,500;  510,500;  493,000;-24,00000
1036,06;  618,500;  602,070;  613,000;16,43000
1036,33;  498,500;  524,500;  533,000;-26,00000
1036,61;  682,000;  666,210;  663,000;15,79000
1036,88;  542,500;  553,480;  564,000;-10,98000
1037,16;  645,000;  650,610;  652,000;-5,61000
1037,43;  560,000;  555,380;  524,000; 4,62000
1037,71;  639,000;  642,730;  650,000;-3,73000
1037,98;  617,500;  597,870;  597,000;19,63000
1038,26;  632,000;  646,290;  632,000;-14,29000
1038,53;  554,000;  564,330;  560,000;-10,33000
1038,81;  654,500;  674,970;  698,000;-20,47000
1039,08;  608,500;  591,740;  591,000;16,76000
1039,36;  688,500;  676,710;  690,000;11,79000
1039,63;  570,500;  565,560;  556,000; 4,94000
1039,91;  651,500;  657,800;  680,000;-6,30000
1040,18;  575,000;  586,330;  613,000;-11,33000
1040,46;  661,000;  680,690;  685,000;-19,69000
1040,73;  569,000;  575,320;  611,000;-6,32000
1041,01;  657,000;  665,990;  668,000;-8,99000
1041,28;  537,500;  563,330;  554,000;-25,83000
1041,55;  695,000;  693,680;  704,000; 1,32000
1041,83;  597,500;  602,650;  608,000;-5,15000
1042,10;  658,000;  672,790;  669,000;-14,79000
1042,38;  627,000;  627,830;  658,000;-0,83000
1042,65;  681,500;  679,770;  705,000; 1,73000
1042,93;  591,000;  601,390;  626,000;-10,39000
1043,20;  668,500;  670,450;  686,000;-1,95000
1043,48;  569,000;  602,350;  604,000;-33,35000
1043,75;  681,500;  685,190;  709,000;-3,69000
1044,03;  571,500;  577,540;  606,000;-6,04000
1044,30;  649,000;  663,010;  667,000;-14,01000
1044,58;  596,000;  601,220;  573,000;-5,22000
1044,85;  649,000;  661,280;  684,000;-12,28000
1045,13;  599,500;  607,710;  604,000;-8,21000
1045,40;  675,500;  672,860;  673,000; 2,64000
1045,67;  570,000;  567,030;  585,000; 2,97000
1045,95;  648,000;  661,520;  688,000;-13,52000
1046,22;  542,500;  553,180;  580,000;-10,68000
1046,50;  663,500;  670,190;  682,000;-6,69000
1046,77;  549,500;  559,620;  556,000;-10,12000
1047,05;  673,000;  664,140;  654,000; 8,86000
1047,32;  570,500;  583,100;  596,000;-12,60000
1047,60;  619,000;  611,480;  636,000; 7,52000
1047,87;  625,500;  605,160;  603,000;20,34000
1048,15;  671,500;  658,420;  656,000;13,08000
1048,42;  557,000;  549,730;  549,000; 7,27000
1048,69;  656,000;  653,860;  642,000; 2,14000
1048,97;  584,000;  589,460;  600,000;-5,46000
1049,24;  647,500;  649,680;  659,000;-2,18000
1049,52;  573,500;  571,100;  582,000; 2,40000
1049,79;  655,500;  661,460;  680,000;-5,96000
1050,07;  583,000;  588,110;  615,000;-5,11000
1050,34;  587,000;  618,880;  640,000;-31,88000
1050,62;  545,500;  548,170;  563,000;-2,67000
1050,89;  628,500;  635,740;  621,000;-7,24000
1051,16;  593,500;  578,220;  616,000;15,28000
1051,44;  671,500;  671,000;  727,000; 0,50000
1051,71;  542,000;  552,290;  546,000;-10,29000
1051,99;  676,500;  662,450;  659,000;14,05000
1052,26;  582,000;  580,040;  582,000; 1,96000
1052,54;  613,500;  603,580;  632,000; 9,92000
1052,81;  546,500;  545,540;  551,000; 0,96000
1053,08;  636,500;  634,040;  673,000; 2,46000
1053,36;  523,000;  535,430;  537,000;-12,43000
1053,63;  659,500;  655,780;  675,000; 3,72000
1053,91;  499,500;  506,060;  502,000;-6,56000
1054,18;  674,000;  662,180;  659,000;11,82000
1054,46;  603,000;  607,090;  598,000;-4,09000
1054,73;  595,500;  623,600;  642,000;-28,10000
1055,00;  537,500;  542,660;  555,000;-5,16000
1055,28;  626,500;  620,370;  637,000; 6,13000
1055,55;  515,500;  540,940;  539,000;-25,44000
1055,83;  615,500;  606,380;  591,000; 9,12000
1056,10;  550,500;  543,070;  539,000; 7,43000
1056,37;  617,500;  626,580;  665,000;-9,08000
1056,65;  538,000;  534,490;  536,000; 3,51000
1056,92;  605,500;  630,070;  637,000;-24,57000
1057,20;  593,500;  590,980;  591,000; 2,52000
1057,47;  639,000;  644,750;  655,000;-5,75000
1057,74;  541,500;  547,890;  536,000;-6,39000
1058,02;  652,000;  641,630;  648,000;10,37000
1058,29;  524,500;  539,340;  566,000;-14,84000
1058,57;  656,500;  654,170;  649,000; 2,33000
1058,84;  579,000;  576,550;  579,000; 2,45000
1059,11;  645,500;  662,340;  672,000;-16,84000
1059,39;  556,500;  563,810;  558,000;-7,31000
1059,66;  618,000;  588,440;  603,000;29,56000
1059,94;  545,000;  549,020;  556,000;-4,02000
1060,21;  624,000;  618,630;  617,000; 5,37000
1060,48;  566,500;  560,210;  590,000; 6,29000
1060,76;  648,000;  644,040;  643,000; 3,96000
1061,03;  504,500;  520,600;  523,000;-16,10000
1061,31;  649,500;  644,520;  632,000; 4,98000
1061,58;  540,000;  553,220;  534,000;-13,22000
1061,85;  565,000;  575,860;  579,000;-10,86000
1062,13;  533,000;  523,180;  509,000; 9,82000
1062,40;  618,000;  614,680;  597,000; 3,32000
1062,68;  517,500;  504,830;  504,000;12,67000
1062,95;  651,000;  646,300;  665,000; 4,70000
1063,22;  502,000;  493,220;  485,000; 8,78000
1063,50;  656,000;  642,980;  636,000;13,02000
1063,77;  542,000;  534,380;  522,000; 7,62000
1064,04;  612,500;  613,930;  616,000;-1,43000
1064,32;  532,500;  552,090;  558,000;-19,59000
1064,59;  579,000;  591,420;  618,000;-12,42000
1064,87;  480,000;  489,240;  500,000;-9,24000
1065,14;  583,000;  579,400;  581,000; 3,60000
1065,41;  480,000;  493,700;  488,000;-13,70000
1065,69;  608,000;  625,070;  635,000;-17,07000
1065,96;  524,500;  532,220;  551,000;-7,72000
1066,23;  578,500;  584,300;  592,000;-5,80000
1066,51;  521,500;  526,330;  530,000;-4,83000
1066,78;  570,000;  564,300;  568,000; 5,70000
1067,05;  486,500;  491,330;  489,000;-4,83000
1067,33;  588,000;  602,330;  613,000;-14,33000
1067,60;  551,000;  536,640;  562,000;14,36000
1067,88;  566,500;  590,700;  603,000;-24,20000
1068,15;  507,500;  497,880;  502,000; 9,62000
1068,42;  575,000;  574,800;  572,000; 0,20000
1068,70;  539,500;  517,210;  508,000;22,29000
1068,97;  591,000;  573,260;  587,000;17,74000
1069,24;  531,000;  525,580;  491,000; 5,42000
1069,52;  597,500;  583,450;  627,000;14,05000
1069,79;  480,000;  488,520;  500,000;-8,52000
1070,06;  566,500;  586,010;  610,000;-19,51000
1070,34;  520,500;  497,170;  505,000;23,33000
1070,61;  612,000;  606,860;  607,000; 5,14000
1070,88;  533,500;  522,490;  511,000;11,01000
1071,16;  577,500;  566,090;  612,000;11,41000
1071,43;  484,000;  499,900;  521,000;-15,90000
1071,70;  575,000;  574,370;  568,000; 0,63000
1071,98;  515,500;  511,720;  517,000; 3,78000
1072,25;  568,500;  559,120;  555,000; 9,38000
1072,52;  510,500;  500,080;  470,000;10,42000
1072,80;  593,500;  592,140;  604,000; 1,36000
1073,07;  467,000;  483,750;  474,000;-16,75000
1073,34;  584,500;  588,500;  604,000;-4,00000
1073,62;  516,000;  526,680;  545,000;-10,68000
1073,89;  612,000;  598,450;  613,000;13,55000
1074,16;  520,500;  509,790;  532,000;10,71000
1074,44;  619,000;  603,220;  597,000;15,78000
1074,71;  465,000;  470,130;  472,000;-5,13000
1074,98;  632,500;  628,040;  626,000; 4,46000
1075,26;  463,000;  484,940;  492,000;-21,94000
1075,53;  574,000;  596,360;  592,000;-22,36000
1075,80;  520,000;  524,140;  552,000;-4,14000
1076,08;  588,500;  587,390;  598,000; 1,11000
1076,35;  535,000;  538,440;  509,000;-3,44000
1076,62;  585,000;  581,440;  604,000; 3,56000
1076,90;  479,000;  494,260;  502,000;-15,26000
1077,17;  592,000;  599,680;  610,000;-7,68000
1077,44;  513,000;  503,140;  505,000; 9,86000
1077,71;  577,500;  593,300;  632,000;-15,80000
1077,99;  539,000;  538,870;  538,000; 0,13000
1078,26;  609,500;  618,260;  633,000;-8,76000
1078,53;  488,500;  510,550;  521,000;-22,05000
1078,81;  600,000;  603,740;  586,000;-3,74000
1079,08;  492,500;  518,270;  502,000;-25,77000
1079,35;  581,000;  595,900;  629,000;-14,90000
1079,63;  536,500;  534,780;  534,000; 1,72000
1079,90;  658,000;  641,520;  640,000;16,48000
1080,17;  557,000;  560,610;  599,000;-3,61000
1080,44;  574,000;  565,980;  587,000; 8,02000
1080,72;  566,000;  562,140;  554,000; 3,86000
1080,99;  618,000;  617,970;  597,000; 0,03000
1081,26;  509,000;  516,240;  510,000;-7,24000
1081,54;  628,000;  620,490;  635,000; 7,51000
1081,81;  546,500;  538,680;  549,000; 7,82000
1082,08;  604,500;  598,090;  601,000; 6,41000
1082,36;  522,000;  527,560;  582,000;-5,56000
1082,63;  622,000;  635,340;  631,000;-13,34000
1082,90;  561,500;  541,130;  555,000;20,37000
1083,17;  602,000;  610,080;  616,000;-8,08000
1083,45;  523,000;  519,540;  526,000; 3,46000
1083,72;  586,500;  580,260;  573,000; 6,24000
1083,99;  516,000;  513,770;  523,000; 2,23000
1084,27;  653,500;  659,200;  687,000;-5,70000
1084,54;  535,000;  531,890;  562,000; 3,11000
1084,81;  596,000;  620,790;  603,000;-24,79000
1085,08;  540,000;  539,210;  560,000; 0,79000
1085,36;  592,500;  617,170;  659,000;-24,67000
1085,63;  542,500;  533,180;  503,000; 9,32000
1085,90;  610,500;  614,110;  581,000;-3,61000
1086,17;  519,000;  526,870;  493,000;-7,87000
1086,45;  641,500;  635,660;  638,000; 5,84000
1086,72;  499,000;  517,380;  489,000;-18,38000
1086,99;  650,000;  645,000;  625,000; 5,00000
1087,26;  536,000;  533,840;  542,000; 2,16000
1087,54;  671,000;  651,950;  658,000;19,05000
1087,81;  528,500;  535,610;  551,000;-7,11000
1088,08;  636,500;  624,990;  608,000;11,51000
1088,36;  529,000;  526,270;  546,000; 2,73000
1088,63;  586,500;  605,180;  601,000;-18,68000
1088,90;  513,000;  519,620;  509,000;-6,62000
1089,17;  647,000;  638,500;  665,000; 8,50000
1089,45;  520,000;  528,900;  502,000;-8,90000
1089,72;  645,000;  626,110;  605,000;18,89000
1089,99;  547,000;  542,790;  500,000; 4,21000
1090,26;  595,500;  606,360;  574,000;-10,86000
1090,54;  569,500;  557,850;  548,000;11,65000
1090,81;  595,000;  581,940;  615,000;13,06000
1091,08;  508,500;  505,410;  484,000; 3,09000
1091,35;  675,500;  663,480;  686,000;12,02000
1091,63;  552,500;  511,870;  523,000;40,63000
1091,90;  615,500;  631,900;  646,000;-16,40000
1092,17;  564,500;  561,060;  561,000; 3,44000
1092,44;  609,000;  620,900;  586,000;-11,90000
1092,71;  537,500;  556,750;  551,000;-19,25000
1092,99;  614,000;  597,530;  563,000;16,47000
1093,26;  534,500;  524,440;  499,000;10,06000
1093,53;  657,000;  651,770;  640,000; 5,23000
1093,80;  490,500;  499,470;  485,000;-8,97000
1094,08;  605,500;  617,390;  617,000;-11,89000
1094,35;  569,000;  562,900;  603,000; 6,10000
1094,62;  573,000;  580,850;  589,000;-7,85000
1094,89;  533,500;  538,150;  526,000;-4,65000
1095,17;  625,000;  616,990;  636,000; 8,01000
1095,44;  508,500;  522,280;  536,000;-13,78000
1095,71;  625,000;  628,270;  643,000;-3,27000
1095,98;  519,000;  517,190;  506,000; 1,81000
1096,25;  619,500;  649,400;  663,000;-29,90000
1096,53;  532,500;  543,980;  546,000;-11,48000
1096,80;  641,000;  644,290;  632,000;-3,29000
1097,07;  556,000;  579,890;  581,000;-23,89000
1097,34;  621,000;  614,710;  629,000; 6,29000
1097,62;  545,500;  546,190;  539,000;-0,69000
1097,89;  621,000;  621,330;  645,000;-0,33000
1098,16;  565,000;  550,560;  548,000;14,44000
1098,43;  655,500;  646,470;  630,000; 9,03000
1098,70;  520,000;  531,430;  522,000;-11,43000
1098,98;  606,500;  616,890;  653,000;-10,39000
1099,25;  521,500;  539,800;  518,000;-18,30000
1099,52;  654,500;  631,040;  628,000;23,46000
1099,79;  556,500;  542,120;  549,000;14,38000
1100,06;  629,000;  626,430;  629,000; 2,57000

