refspec
Integration time [ms]:  20,000
Averaging Nr. [scans]: 2
Smoothing Nr. [pixels]: 0
Data measured with spectrometer [name]: 7513481SP
Wave   ;Sample   ;Dark     ;Reference;Scope Corrected for Dark
[nm]   ;[counts] ;[counts] ;[counts] 

 165,39;  523,000;  524,820;  501,000;-1,82000
 165,69;  468,500;  472,860;  451,000;-4,36000
 165,99;  578,000;  562,140;  536,000;15,86000
 166,29;  489,500;  486,730;  488,000; 2,77000
 166,59;  541,500;  546,540;  558,000;-5,04000
 166,89;  501,000;  479,530;  466,000;21,47000
 167,19;  543,000;  554,660;  525,000;-11,66000
 167,49;  487,500;  485,660;  462,000; 1,84000
 167,80;  554,500;  530,600;  490,000;23,90000
 168,10;  478,500;  474,520;  461,000; 3,98000
 168,40;  531,000;  532,550;  509,000;-1,55000
 168,70;  483,000;  487,790;  488,000;-4,79000
 169,00;  524,500;  540,390;  521,000;-15,89000
 169,30;  496,000;  487,010;  495,000; 8,99000
 169,60;  518,000;  539,950;  542,000;-21,95000
 169,90;  462,000;  474,290;  472,000;-12,29000
 170,20;  523,500;  534,940;  554,000;-11,44000
 170,50;  472,000;  474,640;  464,000;-2,64000
 170,80;  499,000;  517,640;  507,000;-18,64000
 171,10;  453,000;  461,810;  471,000;-8,81000
 171,40;  521,500;  536,870;  536,000;-15,37000
 171,70;  470,500;  466,520;  465,000; 3,98000
 172,00;  528,500;  550,060;  546,000;-21,56000
 172,31;  505,500;  513,210;  489,000;-7,71000
 172,61;  557,000;  556,960;  523,000; 0,04000
 172,91;  487,500;  470,070;  446,000;17,43000
 173,21;  536,000;  535,840;  506,000; 0,16000
 173,51;  482,000;  494,570;  489,000;-12,57000
 173,81;  539,500;  551,130;  554,000;-11,63000
 174,11;  471,000;  489,040;  471,000;-18,04000
 174,41;  532,500;  544,590;  547,000;-12,09000
 174,71;  468,500;  462,440;  439,000; 6,06000
 175,01;  495,500;  515,590;  496,000;-20,09000
 175,31;  511,500;  510,690;  477,000; 0,81000
 175,61;  517,000;  545,790;  559,000;-28,79000
 175,91;  508,000;  502,600;  537,000; 5,40000
 176,21;  538,000;  554,140;  585,000;-16,14000
 176,51;  501,500;  492,800;  470,000; 8,70000
 176,81;  577,500;  566,730;  538,000;10,77000
 177,11;  487,000;  493,350;  489,000;-6,35000
 177,42;  566,000;  563,430;  532,000; 2,57000
 177,72;  489,500;  488,070;  458,000; 1,43000
 178,02;  544,500;  536,210;  527,000; 8,29000
 178,32;  505,500;  487,740;  513,000;17,76000
 178,62;  564,500;  562,970;  546,000; 1,53000
 178,92;  512,000;  493,220;  450,000;18,78000
 179,22;  550,500;  551,180;  513,000;-0,68000
 179,52;  506,000;  498,630;  483,000; 7,37000
 179,82;  542,500;  564,750;  564,000;-22,25000
 180,12;  518,000;  541,530;  525,000;-23,53000
 180,42;  569,000;  578,580;  555,000;-9,58000
 180,72;  548,000;  530,660;  498,000;17,34000
 181,02;  585,500;  572,820;  569,000;12,68000
 181,32;  527,000;  498,030;  474,000;28,97000
 181,62;  533,500;  531,830;  520,000; 1,67000
 181,92;  473,000;  489,680;  497,000;-16,68000
 182,22;  596,500;  578,610;  575,000;17,89000
 182,52;  479,500;  484,850;  482,000;-5,35000
 182,82;  556,500;  565,970;  591,000;-9,47000
 183,12;  539,500;  535,770;  522,000; 3,73000
 183,42;  567,500;  552,550;  552,000;14,95000
 183,72;  532,000;  520,470;  523,000;11,53000
 184,03;  545,500;  564,590;  533,000;-19,09000
 184,33;  512,000;  517,980;  511,000;-5,98000
 184,63;  571,500;  570,180;  553,000; 1,32000
 184,93;  475,500;  497,550;  494,000;-22,05000
 185,23;  562,000;  550,440;  543,000;11,56000
 185,53;  506,500;  494,070;  490,000;12,43000
 185,83;  545,000;  558,000;  547,000;-13,00000
 186,13;  539,500;  524,080;  526,000;15,42000
 186,43;  572,500;  574,970;  593,000;-2,47000
 186,73;  537,500;  537,650;  503,000;-0,15000
 187,03;  558,000;  549,650;  523,000; 8,35000
 187,33;  489,500;  493,830;  469,000;-4,33000
 187,63;  578,500;  581,510;  583,000;-3,01000
 187,93;  497,000;  489,090;  466,000; 7,91000
 188,23;  572,500;  567,290;  545,000; 5,21000
 188,53;  542,500;  525,820;  519,000;16,68000
 188,83;  571,500;  573,280;  598,000;-1,78000
 189,13;  510,000;  508,920;  501,000; 1,08000
 189,43;  541,500;  539,490;  541,000; 2,01000
 189,73;  518,000;  505,300;  474,000;12,70000
 190,03;  577,000;  579,240;  573,000;-2,24000
 190,33;  500,500;  504,780;  519,000;-4,28000
 190,63;  590,000;  581,120;  552,000; 8,88000
 190,93;  499,500;  502,050;  508,000;-2,55000
 191,23;  573,500;  568,810;  553,000; 4,69000
 191,53;  515,000;  517,020;  516,000;-2,02000
 191,83;  565,000;  564,420;  559,000; 0,58000
 192,13;  494,000;  495,750;  480,000;-1,75000
 192,43;  524,500;  537,270;  506,000;-12,77000
 192,73;  472,500;  484,680;  450,000;-12,18000
 193,03;  578,000;  593,160;  604,000;-15,16000
 193,33;  478,500;  491,630;  463,000;-13,13000
 193,63;  572,500;  565,630;  594,000; 6,87000
 193,94;  541,000;  524,860;  491,000;16,14000
 194,24;  549,000;  547,560;  539,000; 1,44000
 194,54;  536,000;  499,940;  466,000;36,06000
 194,84;  544,000;  555,740;  531,000;-11,74000
 195,14;  460,000;  476,350;  483,000;-16,35000
 195,44;  574,500;  567,050;  555,000; 7,45000
 195,74;  500,500;  503,870;  483,000;-3,37000
 196,04;  573,000;  567,670;  573,000; 5,33000
 196,34;  564,500;  532,840;  519,000;31,66000
 196,64;  544,000;  559,280;  551,000;-15,28000
 196,94;  510,000;  507,910;  493,000; 2,09000
 197,24;  559,000;  569,920;  561,000;-10,92000
 197,54;  507,500;  524,770;  522,000;-17,27000
 197,84;  567,000;  568,230;  561,000;-1,23000
 198,14;  494,000;  504,640;  511,000;-10,64000
 198,44;  568,500;  566,110;  548,000; 2,39000
 198,74;  522,500;  537,460;  546,000;-14,96000
 199,04;  576,500;  591,650;  569,000;-15,15000
 199,34;  531,500;  529,020;  534,000; 2,48000
 199,64;  583,000;  590,310;  591,000;-7,31000
 199,94;  507,000;  499,220;  450,000; 7,78000
 200,24;  567,000;  552,590;  539,000;14,41000
 200,54;  522,000;  510,300;  504,000;11,70000
 200,84;  553,500;  566,550;  559,000;-13,05000
 201,14;  506,500;  515,670;  515,000;-9,17000
 201,44;  570,000;  580,000;  583,000;-10,00000
 201,74;  536,000;  530,710;  499,000; 5,29000
 202,04;  586,500;  584,810;  602,000; 1,69000
 202,34;  493,500;  509,050;  503,000;-15,55000
 202,64;  572,000;  572,780;  541,000;-0,78000
 202,94;  468,000;  484,090;  463,000;-16,09000
 203,24;  590,500;  598,970;  571,000;-8,47000
 203,54;  510,000;  514,320;  507,000;-4,32000
 203,84;  553,500;  557,300;  537,000;-3,80000
 204,14;  479,500;  481,610;  490,000;-2,11000
 204,44;  594,000;  576,480;  575,000;17,52000
 204,74;  508,000;  514,340;  497,000;-6,34000
 205,04;  583,000;  586,800;  557,000;-3,80000
 205,34;  495,500;  495,390;  484,000; 0,11000
 205,64;  618,500;  615,590;  609,000; 2,91000
 205,94;  513,000;  503,450;  505,000; 9,55000
 206,24;  589,500;  605,350;  566,000;-15,85000
 206,54;  506,500;  524,570;  496,000;-18,07000
 206,84;  547,500;  560,370;  534,000;-12,87000
 207,14;  500,000;  503,810;  480,000;-3,81000
 207,44;  563,500;  571,290;  562,000;-7,79000
 207,74;  496,500;  500,520;  519,000;-4,02000
 208,04;  595,000;  578,100;  548,000;16,90000
 208,34;  502,500;  504,500;  471,000;-2,00000
 208,64;  582,000;  573,780;  578,000; 8,22000
 208,94;  517,500;  501,510;  519,000;15,99000
 209,24;  593,000;  593,710;  589,000;-0,71000
 209,54;  506,500;  509,700;  510,000;-3,20000
 209,84;  553,000;  578,720;  559,000;-25,72000
 210,14;  517,000;  526,600;  537,000;-9,60000
 210,44;  597,500;  612,610;  581,000;-15,11000
 210,74;  499,000;  520,940;  514,000;-21,94000
 211,04;  637,000;  606,060;  595,000;30,94000
 211,34;  536,500;  539,780;  567,000;-3,28000
 211,64;  582,500;  593,310;  572,000;-10,81000
 211,94;  495,500;  502,430;  460,000;-6,93000
 212,24;  555,500;  553,430;  527,000; 2,07000
 212,54;  537,000;  522,110;  523,000;14,89000
 212,84;  607,000;  588,500;  561,000;18,50000
 213,14;  546,000;  548,720;  522,000;-2,72000
 213,44;  594,500;  602,680;  572,000;-8,18000
 213,73;  505,500;  514,380;  517,000;-8,88000
 214,03;  555,000;  580,580;  589,000;-25,58000
 214,33;  502,000;  517,450;  526,000;-15,45000
 214,63;  586,000;  580,890;  587,000; 5,11000
 214,93;  532,000;  532,730;  510,000;-0,73000
 215,23;  592,500;  604,000;  606,000;-11,50000
 215,53;  476,500;  476,330;  464,000; 0,17000
 215,83;  564,500;  563,750;  533,000; 0,75000
 216,13;  484,500;  503,580;  519,000;-19,08000
 216,43;  612,500;  606,130;  587,000; 6,37000
 216,73;  509,000;  507,270;  511,000; 1,73000
 217,03;  611,000;  594,990;  568,000;16,01000
 217,33;  513,000;  535,080;  510,000;-22,08000
 217,63;  545,000;  565,000;  569,000;-20,00000
 217,93;  493,000;  494,470;  501,000;-1,47000
 218,23;  605,500;  611,890;  609,000;-6,39000
 218,53;  541,500;  525,050;  540,000;16,45000
 218,83;  541,000;  550,350;  531,000;-9,35000
 219,13;  512,500;  508,820;  496,000; 3,68000
 219,43;  591,500;  582,770;  570,000; 8,73000
 219,73;  537,500;  527,470;  502,000;10,03000
 220,03;  568,500;  569,230;  556,000;-0,73000
 220,33;  503,500;  505,080;  499,000;-1,58000
 220,63;  546,000;  551,200;  532,000;-5,20000
 220,93;  501,500;  487,750;  485,000;13,75000
 221,23;  586,500;  581,550;  585,000; 4,95000
 221,53;  472,000;  467,390;  464,000; 4,61000
 221,83;  557,500;  564,330;  559,000;-6,83000
 222,13;  499,500;  509,500;  472,000;-10,00000
 222,43;  549,500;  558,440;  556,000;-8,94000
 222,73;  519,000;  514,200;  510,000; 4,80000
 223,03;  583,000;  580,120;  600,000; 2,88000
 223,33;  497,500;  505,380;  505,000;-7,88000
 223,62;  549,500;  567,350;  560,000;-17,85000
 223,92;  482,500;  486,030;  506,000;-3,53000
 224,22;  635,000;  609,670;  625,000;25,33000
 224,52;  471,000;  475,400;  442,000;-4,40000
 224,82;  551,500;  561,530;  520,000;-10,03000
 225,12;  528,500;  518,570;  530,000; 9,93000
 225,42;  581,000;  566,980;  541,000;14,02000
 225,72;  545,000;  511,810;  506,000;33,19000
 226,02;  593,000;  578,600;  561,000;14,40000
 226,32;  520,500;  514,280;  494,000; 6,22000
 226,62;  554,000;  564,090;  539,000;-10,09000
 226,92;  503,000;  506,830;  502,000;-3,83000
 227,22;  556,500;  549,190;  533,000; 7,31000
 227,52;  504,000;  483,400;  470,000;20,60000
 227,82;  602,000;  585,330;  565,000;16,67000
 228,12;  515,000;  510,430;  483,000; 4,57000
 228,42;  579,000;  583,180;  561,000;-4,18000
 228,72;  498,000;  511,030;  486,000;-13,03000
 229,02;  577,500;  582,490;  555,000;-4,99000
 229,32;  525,500;  506,990;  510,000;18,51000
 229,62;  593,500;  583,400;  567,000;10,10000
 229,91;  522,000;  520,100;  466,000; 1,90000
 230,21;  539,500;  564,290;  541,000;-24,79000
 230,51;  520,500;  518,550;  533,000; 1,95000
 230,81;  605,500;  593,790;  603,000;11,71000
 231,11;  467,500;  468,230;  469,000;-0,73000
 231,41;  578,000;  575,780;  585,000; 2,22000
 231,71;  492,500;  492,440;  472,000; 0,06000
 232,01;  577,000;  587,900;  564,000;-10,90000
 232,31;  534,500;  532,920;  533,000; 1,58000
 232,61;  564,500;  556,170;  576,000; 8,33000
 232,91;  502,500;  513,140;  504,000;-10,64000
 233,21;  560,000;  562,940;  538,000;-2,94000
 233,51;  507,000;  502,090;  496,000; 4,91000
 233,81;  566,000;  582,430;  548,000;-16,43000
 234,11;  483,000;  480,810;  462,000; 2,19000
 234,41;  560,000;  579,800;  584,000;-19,80000
 234,71;  511,500;  517,720;  513,000;-6,22000
 235,00;  608,000;  593,000;  568,000;15,00000
 235,30;  531,000;  511,620;  472,000;19,38000
 235,60;  576,500;  568,180;  555,000; 8,32000
 235,90;  519,500;  525,590;  536,000;-6,09000
 236,20;  582,500;  560,670;  566,000;21,83000
 236,50;  511,500;  517,970;  514,000;-6,47000
 236,80;  578,000;  576,600;  572,000; 1,40000
 237,10;  510,000;  507,850;  493,000; 2,15000
 237,40;  553,500;  572,190;  574,000;-18,69000
 237,70;  521,000;  507,560;  487,000;13,44000
 238,00;  577,500;  560,010;  579,000;17,49000
 238,30;  496,000;  509,550;  496,000;-13,55000
 238,60;  557,500;  567,890;  582,000;-10,39000
 238,90;  493,500;  494,700;  519,000;-1,20000
 239,19;  531,000;  545,010;  535,000;-14,01000
 239,49;  492,500;  490,400;  511,000; 2,10000
 239,79;  589,500;  589,400;  624,000; 0,10000
 240,09;  488,500;  493,720;  475,000;-5,22000
 240,39;  564,500;  562,350;  567,000; 2,15000
 240,69;  482,000;  498,010;  467,000;-16,01000
 240,99;  582,000;  583,190;  543,000;-1,19000
 241,29;  503,500;  493,010;  486,000;10,49000
 241,59;  548,000;  559,670;  529,000;-11,67000
 241,89;  486,000;  507,980;  467,000;-21,98000
 242,19;  576,000;  560,140;  553,000;15,86000
 242,49;  576,500;  553,730;  539,000;22,77000
 242,79;  558,500;  584,830;  589,000;-26,33000
 243,08;  534,000;  504,530;  502,000;29,47000
 243,38;  597,500;  578,870;  567,000;18,63000
 243,68;  511,500;  502,860;  512,000; 8,64000
 243,98;  529,000;  550,580;  519,000;-21,58000
 244,28;  498,000;  514,040;  508,000;-16,04000
 244,58;  568,500;  556,540;  581,000;11,96000
 244,88;  504,500;  484,920;  477,000;19,58000
 245,18;  533,500;  546,890;  522,000;-13,39000
 245,48;  514,000;  500,630;  455,000;13,37000
 245,78;  558,000;  567,880;  584,000;-9,88000
 246,08;  501,000;  516,890;  518,000;-15,89000
 246,38;  579,000;  569,680;  572,000; 9,32000
 246,67;  494,500;  493,710;  487,000; 0,79000
 246,97;  590,000;  579,830;  555,000;10,17000
 247,27;  531,500;  494,390;  496,000;37,11000
 247,57;  569,500;  577,670;  567,000;-8,17000
 247,87;  510,000;  505,100;  514,000; 4,90000
 248,17;  553,000;  567,080;  545,000;-14,08000
 248,47;  521,000;  520,070;  495,000; 0,93000
 248,77;  518,500;  530,630;  544,000;-12,13000
 249,07;  506,500;  492,480;  473,000;14,02000
 249,37;  559,500;  559,390;  541,000; 0,11000
 249,66;  497,000;  485,230;  476,000;11,77000
 249,96;  537,000;  535,100;  547,000; 1,90000
 250,26;  524,000;  505,850;  514,000;18,15000
 250,56;  576,000;  569,250;  562,000; 6,75000
 250,86;  491,500;  481,650;  456,000; 9,85000
 251,16;  536,000;  535,440;  530,000; 0,56000
 251,46;  478,500;  479,140;  473,000;-0,64000
 251,76;  569,500;  564,370;  577,000; 5,13000
 252,06;  526,500;  515,130;  493,000;11,37000
 252,36;  567,500;  571,400;  530,000;-3,90000
 252,65;  470,500;  485,080;  471,000;-14,58000
 252,95;  572,000;  545,710;  568,000;26,29000
 253,25;  489,500;  478,550;  456,000;10,95000
 253,55;  516,000;  529,760;  494,000;-13,76000
 253,85;  501,500;  498,150;  455,000; 3,35000
 254,15;  568,000;  560,700;  539,000; 7,30000
 254,45;  503,000;  495,750;  482,000; 7,25000
 254,75;  567,500;  550,530;  558,000;16,97000
 255,05;  517,500;  499,480;  487,000;18,02000
 255,35;  577,500;  572,670;  549,000; 4,83000
 255,64;  518,500;  499,400;  475,000;19,10000
 255,94;  551,500;  548,440;  529,000; 3,06000
 256,24;  506,500;  495,100;  495,000;11,40000
 256,54;  543,500;  543,560;  533,000;-0,06000
 256,84;  528,500;  508,920;  496,000;19,58000
 257,14;  580,000;  568,980;  569,000;11,02000
 257,44;  514,500;  493,770;  484,000;20,73000
 257,74;  563,000;  565,210;  555,000;-2,21000
 258,04;  455,500;  454,210;  432,000; 1,29000
 258,33;  567,000;  564,620;  602,000; 2,38000
 258,63;  499,500;  493,270;  480,000; 6,23000
 258,93;  566,000;  560,880;  544,000; 5,12000
 259,23;  532,000;  524,930;  505,000; 7,07000
 259,53;  522,500;  538,320;  562,000;-15,82000
 259,83;  506,000;  506,790;  525,000;-0,79000
 260,13;  551,500;  560,780;  526,000;-9,28000
 260,43;  519,500;  489,580;  488,000;29,92000
 260,72;  568,500;  585,510;  568,000;-17,01000
 261,02;  524,000;  540,210;  535,000;-16,21000
 261,32;  557,000;  554,500;  550,000; 2,50000
 261,62;  504,500;  505,140;  483,000;-0,64000
 261,92;  558,500;  549,200;  524,000; 9,30000
 262,22;  487,000;  484,710;  482,000; 2,29000
 262,52;  562,000;  542,960;  517,000;19,04000
 262,82;  496,000;  487,310;  485,000; 8,69000
 263,11;  579,000;  566,060;  541,000;12,94000
 263,41;  502,000;  499,500;  494,000; 2,50000
 263,71;  571,500;  557,960;  561,000;13,54000
 264,01;  515,000;  506,330;  498,000; 8,67000
 264,31;  584,500;  569,030;  564,000;15,47000
 264,61;  496,500;  512,010;  506,000;-15,51000
 264,91;  586,500;  571,530;  505,000;14,97000
 265,21;  483,500;  478,920;  468,000; 4,58000
 265,50;  570,500;  563,030;  539,000; 7,47000
 265,80;  478,000;  496,530;  488,000;-18,53000
 266,10;  613,000;  602,150;  605,000;10,85000
 266,40;  541,000;  525,210;  534,000;15,79000
 266,70;  546,500;  562,550;  552,000;-16,05000
 267,00;  501,000;  505,440;  469,000;-4,44000
 267,30;  544,500;  556,240;  594,000;-11,74000
 267,59;  513,500;  493,830;  502,000;19,67000
 267,89;  571,500;  557,680;  549,000;13,82000
 268,19;  491,000;  503,630;  500,000;-12,63000
 268,49;  554,500;  552,230;  512,000; 2,27000
 268,79;  473,000;  475,150;  471,000;-2,15000
 269,09;  554,500;  552,560;  541,000; 1,94000
 269,39;  451,500;  492,070;  490,000;-40,57000
 269,69;  557,000;  538,230;  540,000;18,77000
 269,98;  513,000;  506,260;  500,000; 6,74000
 270,28;  524,500;  536,310;  527,000;-11,81000
 270,58;  491,000;  487,310;  444,000; 3,69000
 270,88;  583,500;  574,650;  561,000; 8,85000
 271,18;  463,000;  490,650;  492,000;-27,65000
 271,48;  527,500;  529,880;  512,000;-2,38000
 271,78;  499,000;  504,070;  519,000;-5,07000
 272,07;  523,000;  541,740;  534,000;-18,74000
 272,37;  483,500;  473,940;  470,000; 9,56000
 272,67;  548,500;  536,150;  494,000;12,35000
 272,97;  425,500;  443,700;  442,000;-18,20000
 273,27;  495,500;  505,120;  511,000;-9,62000
 273,57;  491,000;  470,690;  435,000;20,31000
 273,86;  541,500;  534,350;  539,000; 7,15000
 274,16;  453,000;  459,560;  453,000;-6,56000
 274,46;  540,500;  536,540;  547,000; 3,96000
 274,76;  472,500;  482,570;  453,000;-10,07000
 275,06;  570,000;  555,540;  545,000;14,46000
 275,36;  476,500;  490,910;  465,000;-14,41000
 275,66;  584,500;  576,990;  562,000; 7,51000
 275,95;  523,000;  485,120;  481,000;37,88000
 276,25;  581,000;  588,000;  596,000;-7,00000
 276,55;  513,500;  519,220;  490,000;-5,72000
 276,85;  523,000;  529,380;  534,000;-6,38000
 277,15;  517,000;  503,860;  503,000;13,14000
 277,45;  548,500;  544,130;  538,000; 4,37000
 277,74;  531,500;  530,300;  548,000; 1,20000
 278,04;  545,500;  557,010;  523,000;-11,51000
 278,34;  484,500;  475,780;  485,000; 8,72000
 278,64;  533,000;  537,890;  533,000;-4,89000
 278,94;  510,000;  507,720;  493,000; 2,28000
 279,24;  539,500;  546,140;  530,000;-6,64000
 279,54;  521,500;  501,060;  427,000;20,44000
 279,83;  540,000;  544,200;  510,000;-4,20000
 280,13;  494,500;  498,900;  482,000;-4,40000
 280,43;  555,000;  555,010;  538,000;-0,01000
 280,73;  486,500;  488,820;  481,000;-2,32000
 281,03;  544,500;  557,370;  543,000;-12,87000
 281,33;  479,000;  494,920;  501,000;-15,92000
 281,62;  558,000;  548,760;  571,000; 9,24000
 281,92;  505,000;  474,470;  477,000;30,53000
 282,22;  531,000;  548,900;  532,000;-17,90000
 282,52;  520,000;  509,420;  503,000;10,58000
 282,82;  545,500;  535,310;  526,000;10,19000
 283,12;  495,000;  481,250;  491,000;13,75000
 283,41;  525,000;  536,900;  504,000;-11,90000
 283,71;  481,000;  470,980;  480,000;10,02000
 284,01;  524,000;  533,750;  515,000;-9,75000
 284,31;  460,500;  468,920;  461,000;-8,42000
 284,61;  525,500;  492,670;  479,000;32,83000
 284,90;  467,000;  466,570;  460,000; 0,43000
 285,20;  564,500;  563,190;  518,000; 1,31000
 285,50;  531,500;  529,830;  537,000; 1,67000
 285,80;  534,000;  535,780;  528,000;-1,78000
 286,10;  510,500;  509,930;  501,000; 0,57000
 286,40;  539,000;  547,120;  508,000;-8,12000
 286,69;  487,000;  464,300;  479,000;22,70000
 286,99;  551,500;  530,670;  490,000;20,83000
 287,29;  498,500;  503,900;  484,000;-5,40000
 287,59;  555,000;  531,990;  490,000;23,01000
 287,89;  513,000;  512,810;  520,000; 0,19000
 288,19;  554,500;  542,920;  553,000;11,58000
 288,48;  448,500;  465,620;  477,000;-17,12000
 288,78;  549,000;  540,860;  534,000; 8,14000
 289,08;  493,000;  475,580;  479,000;17,42000
 289,38;  567,500;  563,880;  540,000; 3,62000
 289,68;  477,000;  487,950;  484,000;-10,95000
 289,97;  578,000;  556,900;  556,000;21,10000
 290,27;  530,500;  524,290;  513,000; 6,21000
 290,57;  540,000;  537,620;  539,000; 2,38000
 290,87;  468,500;  464,380;  454,000; 4,12000
 291,17;  570,500;  561,370;  548,000; 9,13000
 291,46;  478,000;  461,820;  460,000;16,18000
 291,76;  553,000;  550,390;  520,000; 2,61000
 292,06;  480,000;  463,480;  445,000;16,52000
 292,36;  536,000;  545,250;  515,000;-9,25000
 292,66;  476,000;  464,660;  444,000;11,34000
 292,96;  549,500;  530,890;  534,000;18,61000
 293,25;  488,000;  482,940;  452,000; 5,06000
 293,55;  553,000;  547,920;  572,000; 5,08000
 293,85;  466,500;  456,340;  471,000;10,16000
 294,15;  553,000;  548,170;  542,000; 4,83000
 294,45;  522,500;  482,880;  469,000;39,62000
 294,74;  565,000;  571,240;  566,000;-6,24000
 295,04;  500,500;  498,810;  480,000; 1,69000
 295,34;  549,000;  557,530;  549,000;-8,53000
 295,64;  490,500;  516,260;  533,000;-25,76000
 295,94;  555,000;  551,200;  518,000; 3,80000
 296,23;  481,000;  480,770;  477,000; 0,23000
 296,53;  536,000;  527,140;  508,000; 8,86000
 296,83;  529,000;  528,530;  498,000; 0,47000
 297,13;  552,000;  559,490;  600,000;-7,49000
 297,43;  494,500;  494,180;  465,000; 0,32000
 297,72;  540,000;  548,480;  562,000;-8,48000
 298,02;  463,000;  469,420;  456,000;-6,42000
 298,32;  574,500;  556,790;  549,000;17,71000
 298,62;  456,500;  467,750;  438,000;-11,25000
 298,91;  539,000;  540,870;  568,000;-1,87000
 299,21;  470,000;  469,630;  475,000; 0,37000
 299,51;  559,500;  557,350;  528,000; 2,15000
 299,81;  527,000;  530,490;  516,000;-3,49000
 300,11;  528,000;  530,300;  503,000;-2,30000
 300,40;  505,000;  500,570;  566,000; 4,43000
 300,70;  570,000;  548,090;  549,000;21,91000
 301,00;  493,500;  471,880;  426,000;21,62000
 301,30;  540,500;  544,740;  550,000;-4,24000
 301,60;  495,500;  488,040;  457,000; 7,46000
 301,89;  598,500;  574,770;  567,000;23,73000
 302,19;  486,500;  473,580;  456,000;12,92000
 302,49;  573,500;  581,870;  565,000;-8,37000
 302,79;  507,000;  484,160;  471,000;22,84000
 303,09;  542,500;  523,620;  526,000;18,88000
 303,38;  535,000;  524,710;  499,000;10,29000
 303,68;  526,000;  531,820;  526,000;-5,82000
 303,98;  470,500;  469,520;  438,000; 0,98000
 304,28;  548,000;  549,250;  515,000;-1,25000
 304,57;  480,000;  484,230;  463,000;-4,23000
 304,87;  584,000;  584,870;  579,000;-0,87000
 305,17;  482,500;  474,510;  479,000; 7,99000
 305,47;  579,000;  556,930;  575,000;22,07000
 305,77;  502,500;  491,740;  465,000;10,76000
 306,06;  574,000;  564,200;  553,000; 9,80000
 306,36;  531,000;  512,580;  491,000;18,42000
 306,66;  579,000;  581,570;  587,000;-2,57000
 306,96;  478,500;  477,440;  505,000; 1,06000
 307,25;  572,000;  566,840;  554,000; 5,16000
 307,55;  510,500;  501,900;  506,000; 8,60000
 307,85;  535,500;  556,210;  583,000;-20,71000
 308,15;  504,500;  512,770;  515,000;-8,27000
 308,45;  567,000;  557,190;  542,000; 9,81000
 308,74;  517,000;  510,900;  489,000; 6,10000
 309,04;  611,000;  587,850;  587,000;23,15000
 309,34;  504,500;  506,770;  543,000;-2,27000
 309,64;  558,000;  562,300;  545,000;-4,30000
 309,93;  463,500;  499,400;  485,000;-35,90000
 310,23;  598,000;  570,800;  546,000;27,20000
 310,53;  517,000;  503,360;  495,000;13,64000
 310,83;  576,000;  563,740;  555,000;12,26000
 311,12;  553,000;  536,970;  526,000;16,03000
 311,42;  574,500;  580,530;  582,000;-6,03000
 311,72;  503,500;  510,320;  471,000;-6,82000
 312,02;  542,000;  572,940;  551,000;-30,94000
 312,31;  518,500;  509,010;  461,000; 9,49000
 312,61;  563,500;  572,490;  565,000;-8,99000
 312,91;  531,000;  524,330;  523,000; 6,67000
 313,21;  569,500;  580,350;  589,000;-10,85000
 313,51;  491,500;  507,300;  479,000;-15,80000
 313,80;  622,000;  589,040;  586,000;32,96000
 314,10;  477,500;  507,310;  486,000;-29,81000
 314,40;  588,000;  577,590;  565,000;10,41000
 314,70;  532,500;  517,750;  526,000;14,75000
 314,99;  597,500;  576,010;  563,000;21,49000
 315,29;  499,500;  496,790;  461,000; 2,71000
 315,59;  588,500;  580,420;  583,000; 8,08000
 315,89;  505,500;  531,280;  486,000;-25,78000
 316,18;  572,000;  558,580;  539,000;13,42000
 316,48;  495,500;  497,110;  493,000;-1,61000
 316,78;  543,500;  552,930;  566,000;-9,43000
 317,08;  510,000;  507,940;  469,000; 2,06000
 317,37;  588,500;  576,800;  577,000;11,70000
 317,67;  514,000;  492,290;  483,000;21,71000
 317,97;  584,500;  566,370;  538,000;18,13000
 318,27;  500,500;  518,420;  491,000;-17,92000
 318,56;  568,000;  575,010;  526,000;-7,01000
 318,86;  544,000;  554,960;  532,000;-10,96000
 319,16;  565,000;  583,930;  573,000;-18,93000
 319,46;  508,000;  508,690;  479,000;-0,69000
 319,75;  608,000;  599,460;  583,000; 8,54000
 320,05;  479,000;  497,150;  513,000;-18,15000
 320,35;  594,000;  571,030;  530,000;22,97000
 320,65;  490,000;  496,880;  504,000;-6,88000
 320,94;  536,500;  546,070;  549,000;-9,57000
 321,24;  495,500;  493,130;  471,000; 2,37000
 321,54;  573,000;  555,140;  582,000;17,86000
 321,83;  482,500;  484,400;  463,000;-1,90000
 322,13;  542,000;  538,470;  526,000; 3,53000
 322,43;  528,000;  506,570;  502,000;21,43000
 322,73;  563,500;  564,830;  553,000;-1,33000
 323,02;  504,000;  512,910;  505,000;-8,91000
 323,32;  568,000;  556,770;  571,000;11,23000
 323,62;  523,000;  517,340;  497,000; 5,66000
 323,92;  588,000;  574,770;  551,000;13,23000
 324,21;  483,500;  492,620;  486,000;-9,12000
 324,51;  608,500;  586,870;  560,000;21,63000
 324,81;  521,000;  488,560;  477,000;32,44000
 325,11;  577,000;  583,040;  570,000;-6,04000
 325,40;  496,500;  502,590;  465,000;-6,09000
 325,70;  584,500;  577,950;  569,000; 6,55000
 326,00;  471,000;  493,320;  502,000;-22,32000
 326,30;  571,000;  574,320;  568,000;-3,32000
 326,59;  527,000;  514,480;  499,000;12,52000
 326,89;  559,000;  557,400;  542,000; 1,60000
 327,19;  525,000;  520,540;  500,000; 4,46000
 327,48;  606,500;  595,040;  551,000;11,46000
 327,78;  532,500;  512,900;  546,000;19,60000
 328,08;  572,000;  576,000;  609,000;-4,00000
 328,38;  517,000;  517,030;  533,000;-0,03000
 328,67;  589,500;  585,740;  542,000; 3,76000
 328,97;  512,000;  520,110;  519,000;-8,11000
 329,27;  553,000;  567,750;  565,000;-14,75000
 329,56;  527,000;  513,520;  512,000;13,48000
 329,86;  597,000;  602,180;  598,000;-5,18000
 330,16;  527,500;  520,290;  511,000; 7,21000
 330,46;  585,000;  587,560;  565,000;-2,56000
 330,75;  529,500;  541,630;  502,000;-12,13000
 331,05;  590,500;  601,130;  606,000;-10,63000
 331,35;  532,000;  547,310;  549,000;-15,31000
 331,65;  591,500;  586,440;  575,000; 5,06000
 331,94;  543,000;  539,820;  518,000; 3,18000
 332,24;  580,500;  572,130;  535,000; 8,37000
 332,54;  525,000;  532,280;  535,000;-7,28000
 332,83;  639,500;  631,590;  586,000; 7,91000
 333,13;  480,500;  496,510;  457,000;-16,01000
 333,43;  601,000;  601,640;  607,000;-0,64000
 333,73;  557,000;  560,260;  527,000;-3,26000
 334,02;  588,500;  581,620;  543,000; 6,88000
 334,32;  554,500;  548,860;  583,000; 5,64000
 334,62;  586,000;  586,440;  586,000;-0,44000
 334,91;  542,500;  551,310;  525,000;-8,81000
 335,21;  649,000;  637,880;  599,000;11,12000
 335,51;  539,000;  540,010;  529,000;-1,01000
 335,80;  617,000;  613,540;  599,000; 3,46000
 336,10;  520,500;  521,020;  509,000;-0,52000
 336,40;  616,000;  617,830;  590,000;-1,83000
 336,70;  542,500;  540,340;  537,000; 2,16000
 336,99;  565,000;  585,260;  570,000;-20,26000
 337,29;  535,500;  540,530;  555,000;-5,03000
 337,59;  591,000;  597,700;  590,000;-6,70000
 337,88;  540,000;  538,190;  559,000; 1,81000
 338,18;  622,000;  627,270;  626,000;-5,27000
 338,48;  542,500;  524,110;  511,000;18,39000
 338,77;  601,500;  602,200;  585,000;-0,70000
 339,07;  558,500;  517,160;  503,000;41,34000
 339,37;  577,500;  584,310;  595,000;-6,81000
 339,67;  537,000;  537,600;  533,000;-0,60000
 339,96;  595,000;  569,440;  547,000;25,56000
 340,26;  513,500;  530,990;  514,000;-17,49000
 340,56;  571,000;  582,970;  601,000;-11,97000
 340,85;  513,500;  522,380;  515,000;-8,88000
 341,15;  594,000;  583,280;  554,000;10,72000
 341,45;  515,000;  521,350;  525,000;-6,35000
 341,74;  591,500;  577,500;  551,000;14,00000
 342,04;  542,000;  531,310;  480,000;10,69000
 342,34;  589,500;  580,350;  585,000; 9,15000
 342,64;  505,500;  522,860;  533,000;-17,36000
 342,93;  576,000;  569,280;  588,000; 6,72000
 343,23;  521,500;  515,640;  497,000; 5,86000
 343,53;  603,500;  589,080;  592,000;14,42000
 343,82;  497,500;  500,960;  482,000;-3,46000
 344,12;  605,500;  601,940;  592,000; 3,56000
 344,42;  526,000;  512,950;  526,000;13,05000
 344,71;  549,500;  553,980;  542,000;-4,48000
 345,01;  501,500;  496,070;  486,000; 5,43000
 345,31;  596,500;  572,490;  553,000;24,01000
 345,60;  496,500;  513,510;  522,000;-17,01000
 345,90;  567,000;  582,840;  603,000;-15,84000
 346,20;  541,500;  529,660;  495,000;11,84000
 346,49;  584,500;  577,640;  587,000; 6,86000
 346,79;  505,000;  500,660;  482,000; 4,34000
 347,09;  575,000;  582,630;  575,000;-7,63000
 347,38;  459,500;  482,600;  455,000;-23,10000
 347,68;  554,500;  529,150;  519,000;25,35000
 347,98;  513,000;  491,000;  487,000;22,00000
 348,27;  549,000;  530,940;  515,000;18,06000
 348,57;  455,000;  456,770;  449,000;-1,77000
 348,87;  579,500;  568,900;  575,000;10,60000
 349,17;  483,000;  492,720;  509,000;-9,72000
 349,46;  553,000;  539,570;  511,000;13,43000
 349,76;  481,000;  465,150;  463,000;15,85000
 350,06;  553,000;  546,100;  534,000; 6,90000
 350,35;  489,500;  482,500;  473,000; 7,00000
 350,65;  557,000;  548,260;  542,000; 8,74000
 350,95;  499,500;  504,690;  517,000;-5,19000
 351,24;  547,000;  538,080;  495,000; 8,92000
 351,54;  451,000;  463,870;  465,000;-12,87000
 351,84;  548,500;  537,740;  548,000;10,76000
 352,13;  436,000;  448,950;  407,000;-12,95000
 352,43;  516,500;  508,090;  506,000; 8,41000
 352,73;  474,000;  472,570;  477,000; 1,43000
 353,02;  536,000;  523,210;  498,000;12,79000
 353,32;  491,000;  484,480;  466,000; 6,52000
 353,62;  543,500;  543,650;  555,000;-0,15000
 353,91;  463,000;  483,920;  463,000;-20,92000
 354,21;  534,500;  531,670;  534,000; 2,83000
 354,51;  487,000;  479,290;  459,000; 7,71000
 354,80;  525,500;  526,820;  539,000;-1,32000
 355,10;  514,500;  486,740;  481,000;27,76000
 355,39;  545,500;  531,440;  531,000;14,06000
 355,69;  471,000;  456,300;  445,000;14,70000
 355,99;  553,000;  548,120;  537,000; 4,88000
 356,28;  449,500;  452,910;  427,000;-3,41000
 356,58;  543,000;  531,660;  516,000;11,34000
 356,88;  460,500;  469,270;  425,000;-8,77000
 357,17;  543,000;  527,830;  502,000;15,17000
 357,47;  521,500;  502,470;  496,000;19,03000
 357,77;  535,500;  524,460;  513,000;11,04000
 358,06;  447,000;  472,550;  460,000;-25,55000
 358,36;  536,000;  521,130;  506,000;14,87000
 358,66;  480,000;  479,370;  439,000; 0,63000
 358,95;  566,500;  559,280;  584,000; 7,22000
 359,25;  503,500;  492,390;  486,000;11,11000
 359,55;  533,000;  540,180;  510,000;-7,18000
 359,84;  493,500;  485,690;  463,000; 7,81000
 360,14;  550,500;  544,400;  517,000; 6,10000
 360,44;  528,000;  486,050;  466,000;41,95000
 360,73;  541,500;  526,290;  555,000;15,21000
 361,03;  467,500;  484,540;  475,000;-17,04000
 361,33;  552,500;  548,600;  531,000; 3,90000
 361,62;  479,000;  489,270;  464,000;-10,27000
 361,92;  595,500;  587,110;  587,000; 8,39000
 362,21;  481,500;  480,840;  481,000; 0,66000
 362,51;  559,500;  541,760;  535,000;17,74000
 362,81;  483,000;  467,270;  435,000;15,73000
 363,10;  551,000;  546,500;  522,000; 4,50000
 363,40;  513,500;  504,510;  467,000; 8,99000
 363,70;  547,500;  554,120;  558,000;-6,62000
 363,99;  457,500;  475,870;  459,000;-18,37000
 364,29;  585,000;  570,670;  551,000;14,33000
 364,59;  503,000;  508,300;  493,000;-5,30000
 364,88;  552,500;  560,620;  533,000;-8,12000
 365,18;  520,500;  514,750;  481,000; 5,75000
 365,47;  568,500;  558,690;  567,000; 9,81000
 365,77;  480,500;  488,220;  463,000;-7,72000
 366,07;  568,000;  563,010;  550,000; 4,99000
 366,36;  489,000;  482,190;  460,000; 6,81000
 366,66;  527,000;  530,970;  512,000;-3,97000
 366,96;  478,000;  474,990;  451,000; 3,01000
 367,25;  596,000;  576,080;  587,000;19,92000
 367,55;  490,000;  488,700;  445,000; 1,30000
 367,84;  543,500;  542,690;  498,000; 0,81000
 368,14;  483,500;  484,980;  432,000;-1,48000
 368,44;  544,000;  553,790;  555,000;-9,79000
 368,73;  481,000;  472,180;  465,000; 8,82000
 369,03;  553,500;  545,370;  528,000; 8,13000
 369,33;  487,500;  475,680;  463,000;11,82000
 369,62;  547,500;  547,380;  540,000; 0,12000
 369,92;  438,000;  465,750;  443,000;-27,75000
 370,21;  533,500;  524,670;  510,000; 8,83000
 370,51;  475,500;  481,430;  474,000;-5,93000
 370,81;  576,500;  568,960;  563,000; 7,54000
 371,10;  475,500;  480,200;  480,000;-4,70000
 371,40;  520,000;  527,530;  501,000;-7,53000
 371,70;  459,500;  472,240;  441,000;-12,74000
 371,99;  560,500;  564,430;  533,000;-3,93000
 372,29;  503,000;  494,700;  465,000; 8,30000
 372,58;  526,500;  534,580;  512,000;-8,08000
 372,88;  491,500;  493,300;  468,000;-1,80000
 373,18;  563,500;  551,430;  564,000;12,07000
 373,47;  475,000;  466,120;  470,000; 8,88000
 373,77;  570,000;  570,490;  552,000;-0,49000
 374,06;  454,000;  450,130;  434,000; 3,87000
 374,36;  605,500;  580,540;  518,000;24,96000
 374,66;  499,500;  485,980;  476,000;13,52000
 374,95;  553,000;  542,550;  537,000;10,45000
 375,25;  516,500;  507,790;  480,000; 8,71000
 375,55;  567,000;  561,370;  551,000; 5,63000
 375,84;  513,500;  501,570;  499,000;11,93000
 376,14;  586,500;  572,360;  590,000;14,14000
 376,43;  511,500;  512,660;  492,000;-1,16000
 376,73;  597,000;  573,670;  586,000;23,33000
 377,03;  504,000;  498,110;  473,000; 5,89000
 377,32;  580,500;  563,210;  539,000;17,29000
 377,62;  501,000;  500,730;  485,000; 0,27000
 377,91;  548,500;  563,200;  540,000;-14,70000
 378,21;  490,000;  487,040;  465,000; 2,96000
 378,51;  581,000;  552,370;  550,000;28,63000
 378,80;  530,000;  515,930;  527,000;14,07000
 379,10;  556,000;  563,180;  554,000;-7,18000
 379,39;  485,000;  485,470;  454,000;-0,47000
 379,69;  521,500;  530,730;  518,000;-9,23000
 379,99;  484,500;  474,320;  441,000;10,18000
 380,28;  554,500;  562,790;  539,000;-8,29000
 380,58;  519,500;  500,660;  505,000;18,84000
 380,87;  571,500;  556,520;  527,000;14,98000
 381,17;  502,500;  490,410;  483,000;12,09000
 381,47;  552,000;  571,500;  576,000;-19,50000
 381,76;  492,000;  496,910;  481,000;-4,91000
 382,06;  587,500;  596,310;  592,000;-8,81000
 382,35;  486,500;  500,340;  517,000;-13,84000
 382,65;  594,000;  577,590;  605,000;16,41000
 382,95;  547,500;  511,050;  520,000;36,45000
 383,24;  565,500;  562,500;  542,000; 3,00000
 383,54;  482,500;  483,690;  452,000;-1,19000
 383,83;  582,000;  576,650;  564,000; 5,35000
 384,13;  487,000;  483,660;  476,000; 3,34000
 384,42;  570,500;  571,270;  578,000;-0,77000
 384,72;  505,500;  513,790;  537,000;-8,29000
 385,02;  579,000;  592,000;  584,000;-13,00000
 385,31;  545,500;  548,990;  552,000;-3,49000
 385,61;  561,000;  552,720;  564,000; 8,28000
 385,90;  501,000;  509,380;  507,000;-8,38000
 386,20;  558,500;  571,300;  558,000;-12,80000
 386,50;  517,500;  506,580;  476,000;10,92000
 386,79;  553,500;  562,900;  558,000;-9,40000
 387,09;  524,000;  504,590;  484,000;19,41000
 387,38;  568,000;  562,240;  549,000; 5,76000
 387,68;  519,000;  510,240;  499,000; 8,76000
 387,97;  572,500;  593,100;  578,000;-20,60000
 388,27;  512,500;  534,930;  521,000;-22,43000
 388,57;  592,000;  570,780;  552,000;21,22000
 388,86;  521,500;  510,500;  514,000;11,00000
 389,16;  567,000;  595,420;  555,000;-28,42000
 389,45;  507,000;  512,480;  495,000;-5,48000
 389,75;  587,000;  582,720;  584,000; 4,28000
 390,04;  502,500;  522,840;  538,000;-20,34000
 390,34;  602,500;  584,240;  587,000;18,26000
 390,64;  499,500;  509,500;  525,000;-10,00000
 390,93;  585,000;  591,960;  609,000;-6,96000
 391,23;  538,500;  539,620;  542,000;-1,12000
 391,52;  607,000;  594,180;  615,000;12,82000
 391,82;  509,000;  507,900;  473,000; 1,10000
 392,11;  619,500;  602,930;  578,000;16,57000
 392,41;  505,000;  510,980;  536,000;-5,98000
 392,71;  595,000;  589,090;  577,000; 5,91000
 393,00;  541,500;  527,700;  535,000;13,80000
 393,30;  593,500;  591,460;  514,000; 2,04000
 393,59;  506,500;  498,670;  493,000; 7,83000
 393,89;  590,500;  577,540;  546,000;12,96000
 394,18;  511,500;  497,980;  510,000;13,52000
 394,48;  580,500;  570,890;  569,000; 9,61000
 394,77;  527,500;  513,750;  515,000;13,75000
 395,07;  564,000;  564,460;  560,000;-0,46000
 395,37;  516,000;  518,320;  543,000;-2,32000
 395,66;  545,500;  548,570;  549,000;-3,07000
 395,96;  526,000;  530,280;  516,000;-4,28000
 396,25;  570,500;  555,560;  537,000;14,94000
 396,55;  489,500;  493,940;  498,000;-4,44000
 396,84;  554,500;  570,000;  575,000;-15,50000
 397,14;  526,500;  489,980;  474,000;36,52000
 397,43;  598,500;  583,020;  556,000;15,48000
 397,73;  521,000;  509,780;  510,000;11,22000
 398,03;  584,500;  589,800;  605,000;-5,30000
 398,32;  543,000;  514,580;  503,000;28,42000
 398,62;  564,000;  562,030;  547,000; 1,97000
 398,91;  515,000;  503,280;  484,000;11,72000
 399,21;  581,000;  578,970;  603,000; 2,03000
 399,50;  524,000;  516,150;  530,000; 7,85000
 399,80;  576,500;  567,060;  581,000; 9,44000
 400,09;  533,500;  532,980;  487,000; 0,52000
 400,39;  614,000;  598,660;  590,000;15,34000
 400,69;  509,000;  500,620;  467,000; 8,38000
 400,98;  616,000;  600,320;  579,000;15,68000
 401,28;  516,000;  536,430;  538,000;-20,43000
 401,57;  578,500;  561,340;  525,000;17,16000
 401,87;  515,500;  520,310;  509,000;-4,81000
 402,16;  598,000;  596,180;  577,000; 1,82000
 402,46;  551,000;  526,280;  475,000;24,72000
 402,75;  579,500;  580,100;  569,000;-0,60000
 403,05;  516,000;  521,210;  544,000;-5,21000
 403,34;  593,500;  577,440;  560,000;16,06000
 403,64;  550,000;  522,880;  544,000;27,12000
 403,93;  629,000;  592,140;  585,000;36,86000
 404,23;  526,500;  525,600;  518,000; 0,90000
 404,53;  557,000;  564,380;  560,000;-7,38000
 404,82;  527,500;  523,880;  516,000; 3,62000
 405,12;  576,000;  579,510;  590,000;-3,51000
 405,41;  484,500;  481,760;  466,000; 2,74000
 405,71;  589,000;  593,490;  603,000;-4,49000
 406,00;  541,000;  519,480;  506,000;21,52000
 406,30;  610,500;  591,840;  594,000;18,66000
 406,59;  541,500;  515,790;  491,000;25,71000
 406,89;  575,000;  562,670;  575,000;12,33000
 407,18;  548,500;  524,980;  545,000;23,52000
 407,48;  561,500;  564,560;  559,000;-3,06000
 407,77;  523,000;  509,850;  507,000;13,15000
 408,07;  588,500;  582,360;  569,000; 6,14000
 408,36;  539,500;  533,430;  521,000; 6,07000
 408,66;  635,000;  624,150;  632,000;10,85000
 408,95;  512,500;  507,880;  517,000; 4,62000
 409,25;  579,000;  577,710;  595,000; 1,29000
 409,54;  509,000;  511,830;  470,000;-2,83000
 409,84;  645,500;  629,140;  620,000;16,36000
 410,14;  525,500;  508,560;  510,000;16,94000
 410,43;  634,000;  628,010;  590,000; 5,99000
 410,73;  546,000;  510,000;  501,000;36,00000
 411,02;  574,000;  576,400;  587,000;-2,40000
 411,32;  556,500;  528,920;  562,000;27,58000
 411,61;  603,500;  583,090;  591,000;20,41000
 411,91;  508,500;  505,380;  533,000; 3,12000
 412,20;  594,500;  589,670;  576,000; 4,83000
 412,50;  532,000;  519,330;  491,000;12,67000
 412,79;  625,000;  582,060;  587,000;42,94000
 413,09;  518,500;  505,580;  467,000;12,92000
 413,38;  617,000;  597,530;  598,000;19,47000
 413,68;  517,000;  513,020;  532,000; 3,98000
 413,97;  594,000;  586,350;  591,000; 7,65000
 414,27;  555,000;  539,540;  531,000;15,46000
 414,56;  576,000;  563,680;  579,000;12,32000
 414,86;  519,000;  502,170;  521,000;16,83000
 415,15;  607,000;  589,900;  600,000;17,10000
 415,45;  505,000;  493,580;  495,000;11,42000
 415,74;  583,500;  579,140;  505,000; 4,36000
 416,04;  523,000;  517,040;  481,000; 5,96000
 416,33;  603,000;  575,200;  582,000;27,80000
 416,63;  531,500;  509,390;  510,000;22,11000
 416,92;  576,000;  552,100;  559,000;23,90000
 417,22;  512,500;  492,500;  470,000;20,00000
 417,51;  571,500;  541,420;  538,000;30,08000
 417,81;  487,500;  473,230;  467,000;14,27000
 418,10;  604,500;  584,510;  557,000;19,99000
 418,40;  466,500;  487,400;  489,000;-20,90000
 418,69;  575,000;  573,150;  569,000; 1,85000
 418,99;  551,500;  516,160;  523,000;35,34000
 419,28;  618,500;  572,240;  573,000;46,26000
 419,58;  505,000;  494,610;  464,000;10,39000
 419,87;  576,000;  537,180;  490,000;38,82000
 420,17;  479,000;  470,100;  448,000; 8,90000
 420,46;  634,500;  597,890;  591,000;36,61000
 420,76;  539,000;  495,990;  514,000;43,01000
 421,05;  622,000;  583,880;  584,000;38,12000
 421,35;  510,000;  477,320;  453,000;32,68000
 421,64;  587,000;  546,200;  524,000;40,80000
 421,94;  536,000;  488,780;  467,000;47,22000
 422,23;  571,500;  541,730;  539,000;29,77000
 422,53;  573,000;  504,080;  458,000;68,92000
 422,82;  569,000;  562,660;  526,000; 6,34000
 423,12;  505,000;  460,290;  452,000;44,71000
 423,41;  570,000;  526,520;  497,000;43,48000
 423,71;  499,500;  456,280;  431,000;43,22000
 424,00;  592,000;  539,510;  531,000;52,49000
 424,30;  518,500;  475,950;  475,000;42,55000
 424,59;  563,000;  518,410;  496,000;44,59000
 424,88;  530,000;  459,440;  436,000;70,56000
 425,18;  597,500;  548,480;  569,000;49,02000
 425,47;  513,000;  465,910;  465,000;47,09000
 425,77;  604,000;  556,680;  531,000;47,32000
 426,06;  521,000;  480,200;  498,000;40,80000
 426,36;  609,500;  553,240;  562,000;56,26000
 426,65;  554,500;  504,980;  506,000;49,52000
 426,95;  586,500;  522,020;  516,000;64,48000
 427,24;  530,000;  476,010;  455,000;53,99000
 427,54;  602,000;  554,880;  551,000;47,12000
 427,83;  562,500;  478,070;  489,000;84,43000
 428,13;  603,000;  542,750;  521,000;60,25000
 428,42;  519,000;  465,740;  440,000;53,26000
 428,72;  581,500;  539,730;  561,000;41,77000
 429,01;  511,000;  465,620;  449,000;45,38000
 429,31;  626,000;  561,600;  570,000;64,40000
 429,60;  545,500;  486,380;  464,000;59,12000
 429,90;  570,000;  506,100;  508,000;63,90000
 430,19;  532,500;  482,700;  502,000;49,80000
 430,48;  626,000;  576,120;  576,000;49,88000
 430,78;  544,500;  477,990;  457,000;66,51000
 431,07;  645,500;  566,330;  564,000;79,17000
 431,37;  545,000;  463,810;  452,000;81,19000
 431,66;  666,000;  571,770;  545,000;94,23000
 431,96;  611,000;  511,400;  506,000;99,60000
 432,25;  667,000;  563,620;  556,000;103,38000
 432,55;  579,500;  482,360;  448,000;97,14000
 432,84;  670,500;  598,510;  588,000;71,99000
 433,14;  588,500;  497,240;  510,000;91,26000
 433,43;  676,500;  584,920;  593,000;91,58000
 433,73;  606,500;  511,750;  502,000;94,75000
 434,02;  664,500;  579,800;  586,000;84,70000
 434,31;  620,000;  522,270;  526,000;97,73000
 434,61;  658,000;  550,960;  545,000;107,04000
 434,90;  606,000;  489,600;  496,000;116,40000
 435,20;  697,000;  573,540;  631,000;123,46000
 435,49;  679,000;  532,970;  611,000;146,03000
 435,79;  700,000;  583,560;  657,000;116,44000
 436,08;  612,000;  497,210;  494,000;114,79000
 436,38;  698,000;  577,440;  578,000;120,56000
 436,67;  607,500;  502,280;  507,000;105,22000
 436,97;  685,500;  564,280;  559,000;121,22000
 437,26;  612,500;  495,290;  518,000;117,21000
 437,55;  669,000;  555,630;  553,000;113,37000
 437,85;  668,000;  533,250;  515,000;134,75000
 438,14;  685,500;  551,540;  551,000;133,96000
 438,44;  636,500;  483,910;  429,000;152,59000
 438,73;  723,000;  568,310;  563,000;154,69000
 439,03;  660,500;  511,250;  494,000;149,25000
 439,32;  703,500;  582,070;  557,000;121,43000
 439,62;  645,500;  515,960;  517,000;129,54000
 439,91;  719,000;  569,260;  578,000;149,74000
 440,20;  624,000;  507,880;  497,000;116,12000
 440,50;  739,000;  600,680;  607,000;138,32000
 440,79;  642,500;  499,570;  488,000;142,93000
 441,09;  762,500;  605,430;  588,000;157,07000
 441,38;  684,500;  520,580;  533,000;163,92000
 441,68;  720,000;  554,850;  558,000;165,15000
 441,97;  720,000;  548,490;  529,000;171,51000
 442,26;  725,000;  569,540;  562,000;155,46000
 442,56;  684,000;  505,750;  526,000;178,25000
 442,85;  774,000;  595,710;  578,000;178,29000
 443,15;  674,500;  485,020;  473,000;189,48000
 443,44;  775,500;  588,130;  594,000;187,37000
 443,74;  640,500;  492,570;  511,000;147,93000
 444,03;  750,500;  590,330;  553,000;160,17000
 444,32;  684,500;  514,010;  483,000;170,49000
 444,62;  795,000;  583,410;  610,000;211,59000
 444,91;  729,500;  524,860;  499,000;204,64000
 445,21;  750,000;  563,220;  551,000;186,78000
 445,50;  687,000;  499,150;  522,000;187,85000
 445,80;  772,000;  589,680;  559,000;182,32000
 446,09;  681,500;  470,130;  457,000;211,37000
 446,38;  835,500;  597,790;  607,000;237,71000
 446,68;  713,500;  506,830;  535,000;206,67000
 446,97;  801,500;  587,240;  561,000;214,26000
 447,27;  689,500;  485,930;  521,000;203,57000
 447,56;  758,500;  560,910;  562,000;197,59000
 447,86;  706,500;  488,780;  493,000;217,72000
 448,15;  811,500;  579,720;  553,000;231,78000
 448,44;  675,500;  503,400;  474,000;172,10000
 448,74;  827,500;  603,220;  628,000;224,28000
 449,03;  709,000;  514,780;  523,000;194,22000
 449,33;  797,000;  571,960;  560,000;225,04000
 449,62;  743,500;  524,280;  528,000;219,22000
 449,91;  810,500;  583,320;  607,000;227,18000
 450,21;  731,500;  489,360;  474,000;242,14000
 450,50;  774,000;  580,850;  603,000;193,15000
 450,80;  721,000;  507,380;  486,000;213,62000
 451,09;  799,500;  577,620;  562,000;221,88000
 451,38;  722,000;  489,630;  473,000;232,37000
 451,68;  851,500;  604,750;  611,000;246,75000
 451,97;  767,000;  512,520;  491,000;254,48000
 452,27;  812,500;  570,680;  555,000;241,82000
 452,56;  774,500;  512,910;  497,000;261,59000
 452,86;  834,500;  588,900;  578,000;245,60000
 453,15;  778,500;  515,530;  491,000;262,97000
 453,44;  851,000;  576,510;  583,000;274,49000
 453,74;  797,000;  526,220;  529,000;270,78000
 454,03;  841,000;  566,280;  562,000;274,72000
 454,33;  762,000;  499,860;  507,000;262,14000
 454,62;  838,000;  576,390;  603,000;261,61000
 454,91;  809,000;  519,490;  483,000;289,51000
 455,21;  857,000;  571,260;  586,000;285,74000
 455,50;  783,500;  500,840;  513,000;282,66000
 455,80;  861,500;  591,960;  577,000;269,54000
 456,09;  781,000;  485,200;  467,000;295,80000
 456,38;  866,500;  579,660;  543,000;286,84000
 456,68;  793,500;  503,880;  501,000;289,62000
 456,97;  875,500;  563,510;  612,000;311,99000
 457,27;  847,500;  541,460;  570,000;306,04000
 457,56;  856,000;  559,900;  551,000;296,10000
 457,85;  833,000;  506,620;  521,000;326,38000
 458,15;  914,500;  591,070;  574,000;323,43000
 458,44;  817,500;  487,900;  478,000;329,60000
 458,73;  923,500;  582,010;  577,000;341,49000
 459,03;  807,000;  496,920;  465,000;310,08000
 459,32;  924,500;  595,360;  582,000;329,14000
 459,62;  831,000;  527,790;  511,000;303,21000
 459,91;  918,500;  573,080;  577,000;345,42000
 460,20;  872,500;  516,480;  512,000;356,02000
 460,50;  949,500;  594,630;  590,000;354,87000
 460,79;  854,000;  510,410;  535,000;343,59000
 461,09;  934,000;  591,690;  569,000;342,31000
 461,38;  897,000;  504,770;  502,000;392,23000
 461,67;  918,000;  588,120;  586,000;329,88000
 461,97;  881,500;  503,550;  517,000;377,95000
 462,26;  912,500;  585,130;  573,000;327,37000
 462,55;  901,000;  528,300;  526,000;372,70000
 462,85;  944,000;  587,220;  561,000;356,78000
 463,14;  925,000;  521,180;  527,000;403,82000
 463,44;  949,500;  554,790;  560,000;394,71000
 463,73;  873,000;  496,960;  498,000;376,04000
 464,02;  943,500;  550,800;  549,000;392,70000
 464,32;  910,500;  510,390;  494,000;400,11000
 464,61;  949,000;  524,710;  499,000;424,29000
 464,90;  873,500;  498,220;  466,000;375,28000
 465,20;  946,500;  549,030;  559,000;397,47000
 465,49;  875,500;  466,410;  464,000;409,09000
 465,79;  998,000;  538,940;  527,000;459,06000
 466,08;  897,500;  478,420;  489,000;419,08000
 466,37;  997,500;  579,280;  591,000;418,22000
 466,67;  959,000;  487,960;  481,000;471,04000
 466,96; 1013,500;  567,700;  566,000;445,80000
 467,25;  961,500;  523,090;  517,000;438,41000
 467,55; 1016,500;  535,950;  538,000;480,55000
 467,84;  927,500;  488,440;  483,000;439,06000
 468,13; 1033,000;  562,210;  554,000;470,79000
 468,43;  923,500;  472,260;  475,000;451,24000
 468,72; 1024,500;  560,360;  556,000;464,14000
 469,02;  960,000;  500,160;  463,000;459,84000
 469,31; 1040,500;  552,610;  563,000;487,89000
 469,60;  966,500;  496,990;  505,000;469,51000
 469,90; 1052,500;  550,510;  529,000;501,99000
 470,19; 1004,000;  497,480;  508,000;506,52000
 470,48; 1035,500;  547,100;  517,000;488,40000
 470,78;  933,000;  434,180;  417,000;498,82000
 471,07; 1045,000;  545,610;  518,000;499,39000
 471,36;  968,000;  466,780;  436,000;501,22000
 471,66; 1062,000;  546,600;  586,000;515,40000
 471,95;  990,500;  461,040;  484,000;529,46000
 472,24; 1048,500;  539,540;  542,000;508,96000
 472,54;  977,000;  493,850;  457,000;483,15000
 472,83; 1087,000;  550,950;  576,000;536,05000
 473,13; 1040,000;  474,740;  429,000;565,26000
 473,42; 1070,000;  531,200;  556,000;538,80000
 473,71;  986,000;  419,010;  417,000;566,99000
 474,01; 1118,500;  558,950;  508,000;559,55000
 474,30; 1035,000;  470,260;  466,000;564,74000
 474,59; 1124,500;  573,960;  588,000;550,54000
 474,89; 1083,000;  489,770;  470,000;593,23000
 475,18; 1078,000;  550,220;  548,000;527,78000
 475,47; 1002,000;  460,590;  482,000;541,41000
 475,77; 1081,000;  551,810;  571,000;529,19000
 476,06; 1051,000;  467,550;  434,000;583,45000
 476,35; 1093,500;  531,830;  521,000;561,67000
 476,65; 1056,500;  462,910;  452,000;593,59000
 476,94; 1108,000;  533,690;  527,000;574,31000
 477,23; 1061,500;  476,650;  471,000;584,85000
 477,53; 1150,000;  530,950;  541,000;619,05000
 477,82; 1071,500;  474,020;  478,000;597,48000
 478,11; 1158,000;  565,520;  540,000;592,48000
 478,41; 1102,500;  470,930;  469,000;631,57000
 478,70; 1168,500;  563,320;  541,000;605,18000
 478,99; 1026,000;  460,490;  444,000;565,51000
 479,29; 1140,500;  511,190;  511,000;629,31000
 479,58; 1101,500;  486,280;  464,000;615,22000
 479,87; 1176,000;  524,990;  506,000;651,01000
 480,17; 1098,000;  482,500;  462,000;615,50000
 480,46; 1175,500;  549,650;  546,000;625,85000
 480,75; 1158,000;  493,700;  489,000;664,30000
 481,05; 1160,500;  539,870;  538,000;620,63000
 481,34; 1151,500;  475,860;  473,000;675,64000
 481,63; 1176,000;  555,800;  533,000;620,20000
 481,93; 1138,500;  502,630;  497,000;635,87000
 482,22; 1223,000;  564,060;  550,000;658,94000
 482,51; 1156,000;  495,990;  473,000;660,01000
 482,81; 1217,500;  562,120;  584,000;655,38000
 483,10; 1175,500;  485,560;  480,000;689,94000
 483,39; 1228,000;  541,400;  558,000;686,60000
 483,69; 1152,000;  469,180;  469,000;682,82000
 483,98; 1204,500;  552,420;  538,000;652,08000
 484,27; 1170,500;  478,070;  458,000;692,43000
 484,56; 1240,500;  548,350;  556,000;692,15000
 484,86; 1162,500;  486,200;  463,000;676,30000
 485,15; 1289,000;  571,080;  572,000;717,92000
 485,44; 1227,000;  478,970;  475,000;748,03000
 485,74; 1273,000;  575,820;  573,000;697,18000
 486,03; 1195,000;  504,800;  486,000;690,20000
 486,32; 1245,000;  543,420;  565,000;701,58000
 486,62; 1174,500;  473,910;  490,000;700,59000
 486,91; 1271,000;  581,030;  577,000;689,97000
 487,20; 1137,000;  491,510;  496,000;645,49000
 487,50; 1284,500;  557,670;  523,000;726,83000
 487,79; 1206,000;  494,650;  504,000;711,35000
 488,08; 1307,000;  546,720;  543,000;760,28000
 488,38; 1151,000;  469,840;  472,000;681,16000
 488,67; 1247,500;  526,980;  544,000;720,52000
 488,96; 1229,000;  489,010;  487,000;739,99000
 489,25; 1320,000;  582,830;  590,000;737,17000
 489,55; 1209,500;  470,460;  489,000;739,04000
 489,84; 1321,000;  592,890;  612,000;728,11000
 490,13; 1225,500;  491,180;  498,000;734,32000
 490,43; 1268,000;  556,580;  537,000;711,42000
 490,72; 1231,500;  495,690;  507,000;735,81000
 491,01; 1298,500;  559,090;  574,000;739,41000
 491,31; 1221,000;  497,520;  526,000;723,48000
 491,60; 1295,500;  550,390;  581,000;745,11000
 491,89; 1246,500;  493,640;  528,000;752,86000
 492,18; 1286,500;  558,540;  589,000;727,96000
 492,48; 1227,000;  491,100;  501,000;735,90000
 492,77; 1291,000;  561,670;  553,000;729,33000
 493,06; 1258,500;  495,030;  520,000;763,47000
 493,36; 1283,000;  555,890;  544,000;727,11000
 493,65; 1219,000;  483,590;  454,000;735,41000
 493,94; 1357,000;  569,740;  570,000;787,26000
 494,23; 1254,000;  468,880;  450,000;785,12000
 494,53; 1333,000;  575,570;  612,000;757,43000
 494,82; 1210,500;  464,750;  492,000;745,75000
 495,11; 1311,500;  545,970;  559,000;765,53000
 495,41; 1273,000;  498,390;  539,000;774,61000
 495,70; 1268,000;  521,830;  549,000;746,17000
 495,99; 1164,000;  442,440;  450,000;721,56000
 496,28; 1331,000;  554,760;  540,000;776,24000
 496,58; 1234,500;  474,730;  483,000;759,77000
 496,87; 1296,500;  560,100;  571,000;736,40000
 497,16; 1241,500;  466,600;  472,000;774,90000
 497,46; 1330,000;  540,530;  519,000;789,47000
 497,75; 1240,000;  489,200;  516,000;750,80000
 498,04; 1302,000;  538,360;  545,000;763,64000
 498,33; 1274,000;  481,650;  485,000;792,35000
 498,63; 1288,500;  541,180;  536,000;747,32000
 498,92; 1219,500;  468,890;  467,000;750,61000
 499,21; 1324,500;  545,890;  558,000;778,61000
 499,50; 1187,000;  456,270;  442,000;730,73000
 499,80; 1317,000;  540,890;  558,000;776,11000
 500,09; 1227,000;  495,240;  488,000;731,76000
 500,38; 1300,500;  535,510;  525,000;764,99000
 500,68; 1192,000;  469,510;  481,000;722,49000
 500,97; 1307,000;  532,720;  541,000;774,28000
 501,26; 1206,500;  451,230;  401,000;755,27000
 501,55; 1315,500;  535,150;  526,000;780,35000
 501,85; 1205,000;  477,620;  444,000;727,38000
 502,14; 1305,500;  542,120;  546,000;763,38000
 502,43; 1153,500;  428,510;  426,000;724,99000
 502,72; 1289,000;  539,070;  548,000;749,93000
 503,02; 1185,500;  460,320;  461,000;725,18000
 503,31; 1272,500;  540,980;  522,000;731,52000
 503,60; 1189,500;  473,900;  443,000;715,60000
 503,90; 1267,500;  526,780;  535,000;740,72000
 504,19; 1191,500;  477,240;  484,000;714,26000
 504,48; 1197,500;  520,620;  502,000;676,88000
 504,77; 1223,000;  474,720;  477,000;748,28000
 505,07; 1241,500;  527,600;  535,000;713,90000
 505,36; 1213,500;  487,290;  457,000;726,21000
 505,65; 1284,500;  534,360;  528,000;750,14000
 505,94; 1220,500;  477,750;  481,000;742,75000
 506,24; 1218,500;  500,740;  510,000;717,76000
 506,53; 1161,500;  451,470;  433,000;710,03000
 506,82; 1242,500;  523,240;  516,000;719,26000
 507,11; 1126,000;  471,620;  464,000;654,38000
 507,41; 1255,000;  540,800;  522,000;714,20000
 507,70; 1179,000;  451,600;  443,000;727,40000
 507,99; 1232,500;  509,540;  476,000;722,96000
 508,28; 1189,000;  457,780;  458,000;731,22000
 508,58; 1200,000;  524,130;  528,000;675,87000
 508,87; 1127,000;  449,760;  435,000;677,24000
 509,16; 1253,000;  539,430;  543,000;713,57000
 509,45; 1147,000;  440,000;  456,000;707,00000
 509,75; 1222,000;  530,490;  515,000;691,51000
 510,04; 1156,500;  442,510;  440,000;713,99000
 510,33; 1247,000;  532,460;  529,000;714,54000
 510,62; 1167,000;  483,800;  445,000;683,20000
 510,92; 1200,000;  525,420;  514,000;674,58000
 511,21; 1116,500;  446,800;  465,000;669,70000
 511,50; 1155,000;  531,620;  524,000;623,38000
 511,79; 1106,000;  442,250;  428,000;663,75000
 512,08; 1227,500;  540,820;  526,000;686,68000
 512,38; 1098,000;  471,550;  469,000;626,45000
 512,67; 1136,000;  524,150;  536,000;611,85000
 512,96; 1086,000;  464,490;  450,000;621,51000
 513,25; 1155,000;  517,430;  502,000;637,57000
 513,55; 1098,500;  472,780;  457,000;625,72000
 513,84; 1177,500;  509,990;  484,000;667,51000
 514,13; 1060,500;  445,120;  452,000;615,38000
 514,42; 1186,500;  544,900;  559,000;641,60000
 514,72; 1131,000;  452,540;  451,000;678,46000
 515,01; 1192,000;  528,430;  476,000;663,57000
 515,30; 1118,500;  457,280;  460,000;661,22000
 515,59; 1131,000;  522,790;  498,000;608,21000
 515,88; 1100,000;  474,890;  447,000;625,11000
 516,18; 1170,000;  542,210;  551,000;627,79000
 516,47; 1066,500;  467,780;  468,000;598,72000
 516,76; 1125,000;  544,060;  562,000;580,94000
 517,05; 1092,000;  486,410;  473,000;605,59000
 517,35; 1126,500;  544,970;  537,000;581,53000
 517,64; 1046,500;  475,080;  495,000;571,42000
 517,93; 1081,000;  508,920;  498,000;572,08000
 518,22; 1089,000;  487,530;  457,000;601,47000
 518,51; 1138,000;  524,460;  524,000;613,54000
 518,81; 1058,000;  496,470;  502,000;561,53000
 519,10; 1149,000;  548,040;  539,000;600,96000
 519,39; 1070,500;  477,290;  451,000;593,21000
 519,68; 1126,000;  551,340;  556,000;574,66000
 519,98; 1039,500;  471,810;  462,000;567,69000
 520,27; 1130,500;  567,020;  573,000;563,48000
 520,56; 1042,500;  498,210;  489,000;544,29000
 520,85; 1058,000;  538,840;  529,000;519,16000
 521,14; 1019,500;  495,870;  500,000;523,63000
 521,44; 1099,500;  548,550;  539,000;550,95000
 521,73;  966,000;  470,740;  464,000;495,26000
 522,02; 1099,000;  554,450;  546,000;544,55000
 522,31; 1049,000;  495,420;  512,000;553,58000
 522,60; 1127,500;  585,870;  612,000;541,63000
 522,90; 1006,500;  463,790;  441,000;542,71000
 523,19; 1116,000;  563,990;  546,000;552,01000
 523,48; 1053,000;  503,660;  537,000;549,34000
 523,77; 1056,000;  539,890;  542,000;516,11000
 524,06; 1070,500;  527,200;  538,000;543,30000
 524,36; 1072,000;  574,550;  560,000;497,45000
 524,65;  946,500;  463,920;  455,000;482,58000
 524,94; 1061,500;  551,260;  548,000;510,24000
 525,23; 1028,000;  498,650;  491,000;529,35000
 525,52; 1053,000;  585,510;  593,000;467,49000
 525,82;  999,500;  516,830;  528,000;482,67000
 526,11; 1105,000;  586,070;  601,000;518,93000
 526,40; 1008,500;  535,210;  530,000;473,29000
 526,69; 1060,000;  577,930;  577,000;482,07000
 526,98;  999,500;  503,410;  494,000;496,09000
 527,28; 1093,500;  591,410;  576,000;502,09000
 527,57;  988,000;  487,210;  486,000;500,79000
 527,86; 1088,000;  573,920;  593,000;514,08000
 528,15;  989,000;  504,380;  490,000;484,62000
 528,44; 1109,500;  579,680;  589,000;529,82000
 528,74;  983,500;  498,630;  504,000;484,87000
 529,03; 1049,500;  568,950;  587,000;480,55000
 529,32;  980,500;  510,120;  504,000;470,38000
 529,61; 1068,000;  569,390;  601,000;498,61000
 529,90;  984,500;  512,530;  522,000;471,97000
 530,20; 1048,500;  588,400;  576,000;460,10000
 530,49;  965,500;  496,530;  503,000;468,97000
 530,78; 1050,000;  583,410;  562,000;466,59000
 531,07; 1012,500;  510,730;  534,000;501,77000
 531,36; 1050,000;  573,420;  581,000;476,58000
 531,65;  975,000;  497,340;  492,000;477,66000
 531,95; 1021,500;  587,610;  585,000;433,89000
 532,24;  981,000;  515,670;  531,000;465,33000
 532,53; 1058,000;  597,980;  629,000;460,02000
 532,82;  949,500;  528,420;  576,000;421,08000
 533,11; 1037,500;  588,780;  610,000;448,72000
 533,40;  951,500;  490,260;  468,000;461,24000
 533,70; 1036,000;  577,640;  585,000;458,36000
 533,99;  965,000;  520,220;  520,000;444,78000
 534,28; 1026,500;  585,570;  572,000;440,93000
 534,57;  919,500;  525,110;  525,000;394,39000
 534,86; 1042,500;  604,990;  584,000;437,51000
 535,16;  974,500;  547,610;  538,000;426,89000
 535,45; 1023,500;  626,690;  618,000;396,81000
 535,74;  957,000;  513,340;  478,000;443,66000
 536,03;  990,500;  584,120;  574,000;406,38000
 536,32;  946,000;  519,360;  530,000;426,64000
 536,61;  988,000;  568,200;  563,000;419,80000
 536,90;  934,500;  514,840;  541,000;419,66000
 537,20;  982,500;  593,400;  579,000;389,10000
 537,49;  948,000;  542,230;  525,000;405,77000
 537,78; 1022,500;  591,910;  593,000;430,59000
 538,07;  940,000;  505,770;  509,000;434,23000
 538,36; 1034,000;  600,420;  600,000;433,58000
 538,65;  916,000;  528,450;  545,000;387,55000
 538,95;  966,000;  566,940;  582,000;399,06000
 539,24;  901,000;  511,150;  542,000;389,85000
 539,53;  993,500;  578,250;  570,000;415,25000
 539,82;  909,500;  493,320;  506,000;416,18000
 540,11; 1004,500;  591,480;  646,000;413,02000
 540,40;  934,500;  528,300;  533,000;406,20000
 540,70;  990,000;  594,330;  611,000;395,67000
 540,99;  926,500;  520,790;  547,000;405,71000
 541,28;  963,500;  591,170;  627,000;372,33000
 541,57;  911,000;  482,420;  525,000;428,58000
 541,86;  991,000;  579,160;  592,000;411,84000
 542,15;  919,500;  513,470;  569,000;406,03000
 542,44;  971,000;  579,050;  659,000;391,95000
 542,74;  922,500;  506,890;  559,000;415,61000
 543,03; 1022,000;  603,040;  662,000;418,96000
 543,32;  934,000;  525,820;  568,000;408,18000
 543,61;  977,500;  578,640;  638,000;398,86000
 543,90;  915,000;  522,430;  561,000;392,57000
 544,19;  955,000;  557,590;  579,000;397,41000
 544,48;  913,500;  486,310;  513,000;427,19000
 544,78;  965,000;  585,550;  598,000;379,45000
 545,07;  907,500;  512,200;  551,000;395,30000
 545,36;  915,000;  549,490;  572,000;365,51000
 545,65;  894,000;  473,170;  529,000;420,83000
 545,94;  944,500;  568,800;  628,000;375,70000
 546,23;  872,500;  499,960;  523,000;372,54000
 546,52;  926,500;  543,310;  567,000;383,19000
 546,82;  867,000;  499,110;  508,000;367,89000
 547,11;  980,500;  585,150;  562,000;395,35000
 547,40;  890,000;  508,690;  542,000;381,31000
 547,69;  938,000;  548,050;  581,000;389,95000
 547,98;  888,000;  524,190;  561,000;363,81000
 548,27;  920,500;  561,830;  544,000;358,67000
 548,56;  875,000;  496,920;  513,000;378,08000
 548,85;  927,000;  555,390;  553,000;371,61000
 549,15;  880,500;  506,390;  548,000;374,11000
 549,44;  952,500;  584,150;  576,000;368,35000
 549,73;  844,000;  473,710;  484,000;370,29000
 550,02;  949,000;  577,750;  586,000;371,25000
 550,31;  820,000;  475,390;  460,000;344,61000
 550,60;  916,000;  573,910;  568,000;342,09000
 550,89;  835,000;  510,370;  536,000;324,63000
 551,18;  879,000;  539,980;  540,000;339,02000
 551,48;  857,500;  506,570;  515,000;350,93000
 551,77;  939,500;  572,620;  538,000;366,88000
 552,06;  850,000;  495,740;  500,000;354,26000
 552,35;  933,000;  577,180;  576,000;355,82000
 552,64;  854,500;  508,290;  480,000;346,21000
 552,93;  919,500;  594,860;  609,000;324,64000
 553,22;  853,500;  488,850;  503,000;364,65000
 553,51;  925,000;  580,170;  598,000;344,83000
 553,81;  840,500;  510,260;  498,000;330,24000
 554,10;  964,000;  599,520;  570,000;364,48000
 554,39;  893,500;  524,820;  524,000;368,68000
 554,68;  936,500;  571,800;  561,000;364,70000
 554,97;  840,000;  498,310;  463,000;341,69000
 555,26;  896,000;  570,820;  547,000;325,18000
 555,55;  817,000;  527,920;  535,000;289,08000
 555,84;  948,500;  599,990;  594,000;348,51000
 556,13;  902,000;  537,460;  550,000;364,54000
 556,42;  911,500;  580,880;  573,000;330,62000
 556,72;  815,500;  499,940;  527,000;315,56000
 557,01;  941,000;  598,580;  583,000;342,42000
 557,30;  815,000;  501,500;  485,000;313,50000
 557,59;  900,000;  563,670;  579,000;336,33000
 557,88;  843,500;  515,320;  512,000;328,18000
 558,17;  959,500;  607,710;  633,000;351,79000
 558,46;  868,000;  526,260;  515,000;341,74000
 558,75;  924,500;  597,270;  596,000;327,23000
 559,04;  874,000;  533,750;  497,000;340,25000
 559,33;  951,500;  610,940;  606,000;340,56000
 559,63;  832,500;  505,390;  496,000;327,11000
 559,92;  928,500;  592,860;  589,000;335,64000
 560,21;  863,000;  543,660;  548,000;319,34000
 560,50;  959,500;  613,190;  610,000;346,31000
 560,79;  883,500;  546,290;  521,000;337,21000
 561,08;  976,000;  634,140;  632,000;341,86000
 561,37;  863,000;  535,990;  522,000;327,01000
 561,66;  942,500;  621,600;  640,000;320,90000
 561,95;  852,500;  526,780;  485,000;325,72000
 562,24;  943,500;  603,580;  618,000;339,92000
 562,53;  819,000;  508,200;  498,000;310,80000
 562,83;  925,500;  601,360;  593,000;324,14000
 563,12;  852,000;  539,650;  514,000;312,35000
 563,41;  962,000;  635,960;  622,000;326,04000
 563,70;  890,500;  552,780;  547,000;337,72000
 563,99;  969,500;  627,430;  611,000;342,07000
 564,28;  895,500;  548,940;  528,000;346,56000
 564,57;  930,500;  616,130;  619,000;314,37000
 564,86;  857,000;  523,090;  515,000;333,91000
 565,15;  916,000;  608,610;  611,000;307,39000
 565,44;  824,500;  515,760;  519,000;308,74000
 565,73;  918,500;  613,720;  634,000;304,78000
 566,02;  861,000;  521,780;  523,000;339,22000
 566,32;  909,500;  618,710;  571,000;290,79000
 566,61;  858,500;  551,220;  565,000;307,28000
 566,90;  944,000;  631,480;  637,000;312,52000
 567,19;  842,000;  521,270;  523,000;320,73000
 567,48;  930,000;  580,460;  575,000;349,54000
 567,77;  846,500;  533,520;  511,000;312,98000
 568,06;  948,000;  617,570;  610,000;330,43000
 568,35;  910,500;  543,180;  510,000;367,32000
 568,64;  940,500;  629,670;  631,000;310,83000
 568,93;  855,500;  551,640;  549,000;303,86000
 569,22;  912,000;  607,520;  587,000;304,48000
 569,51;  832,500;  534,610;  491,000;297,89000
 569,80;  928,000;  584,920;  587,000;343,08000
 570,09;  819,000;  513,440;  513,000;305,56000
 570,38;  910,500;  594,600;  610,000;315,90000
 570,68;  877,500;  543,340;  553,000;334,16000
 570,97;  929,000;  600,670;  583,000;328,33000
 571,26;  850,500;  541,840;  543,000;308,66000
 571,55;  932,500;  606,370;  624,000;326,13000
 571,84;  866,000;  526,270;  491,000;339,73000
 572,13;  883,500;  598,550;  602,000;284,95000
 572,42;  860,000;  520,470;  531,000;339,53000
 572,71;  926,000;  601,870;  595,000;324,13000
 573,00;  826,000;  512,620;  500,000;313,38000
 573,29;  934,000;  612,260;  605,000;321,74000
 573,58;  818,500;  510,740;  491,000;307,76000
 573,87;  899,500;  591,420;  585,000;308,08000
 574,16;  847,500;  531,260;  541,000;316,24000
 574,45;  921,000;  565,080;  546,000;355,92000
 574,74;  827,500;  495,360;  470,000;332,14000
 575,03;  870,000;  564,090;  547,000;305,91000
 575,32;  866,500;  498,430;  484,000;368,07000
 575,61;  923,500;  585,440;  558,000;338,06000
 575,90;  820,000;  471,160;  463,000;348,84000
 576,20;  958,500;  617,200;  617,000;341,30000
 576,49;  836,000;  493,960;  489,000;342,04000
 576,78;  900,000;  570,910;  578,000;329,09000
 577,07;  830,500;  514,240;  485,000;316,26000
 577,36;  951,000;  599,110;  573,000;351,89000
 577,65;  802,000;  516,760;  542,000;285,24000
 577,94;  907,000;  582,030;  550,000;324,97000
 578,23;  842,000;  502,260;  467,000;339,74000
 578,52;  924,000;  591,530;  570,000;332,47000
 578,81;  803,500;  517,820;  516,000;285,68000
 579,10;  927,000;  613,080;  615,000;313,92000
 579,39;  841,500;  514,950;  525,000;326,55000
 579,68;  895,000;  586,810;  573,000;308,19000
 579,97;  825,500;  493,550;  495,000;331,95000
 580,26;  861,500;  566,060;  534,000;295,44000
 580,55;  814,500;  494,880;  511,000;319,62000
 580,84;  942,500;  615,080;  590,000;327,42000
 581,13;  842,000;  535,180;  520,000;306,82000
 581,42;  925,500;  580,370;  581,000;345,13000
 581,71;  826,500;  518,670;  509,000;307,83000
 582,00;  915,000;  582,120;  543,000;332,88000
 582,29;  865,000;  526,450;  527,000;338,55000
 582,58;  925,000;  589,570;  610,000;335,43000
 582,87;  827,500;  503,700;  508,000;323,80000
 583,16;  883,000;  559,550;  550,000;323,45000
 583,45;  832,000;  491,840;  471,000;340,16000
 583,74;  866,000;  574,310;  559,000;291,69000
 584,03;  867,000;  527,070;  519,000;339,93000
 584,32;  879,500;  579,170;  580,000;300,33000
 584,61;  838,000;  513,310;  517,000;324,69000
 584,90;  935,000;  593,010;  575,000;341,99000
 585,19;  850,500;  508,290;  505,000;342,21000
 585,48;  878,000;  570,420;  551,000;307,58000
 585,77;  826,500;  495,840;  488,000;330,66000
 586,06;  913,500;  579,530;  554,000;333,97000
 586,36;  836,500;  506,490;  515,000;330,01000
 586,65;  955,000;  606,730;  604,000;348,27000
 586,94;  810,500;  485,950;  497,000;324,55000
 587,23;  882,000;  564,410;  534,000;317,59000
 587,52;  851,500;  501,580;  485,000;349,92000
 587,81;  941,000;  616,270;  629,000;324,73000
 588,10;  816,000;  499,090;  484,000;316,91000
 588,39;  956,000;  608,480;  572,000;347,52000
 588,68;  875,500;  538,340;  537,000;337,16000
 588,97;  922,500;  601,260;  564,000;321,24000
 589,26;  843,500;  517,620;  480,000;325,88000
 589,55;  889,000;  572,760;  590,000;316,24000
 589,84;  844,000;  513,350;  514,000;330,65000
 590,13;  892,500;  565,070;  580,000;327,43000
 590,42;  833,000;  502,980;  482,000;330,02000
 590,71;  905,500;  574,650;  548,000;330,85000
 591,00;  785,000;  475,500;  469,000;309,50000
 591,29;  909,000;  582,120;  567,000;326,88000
 591,58;  811,000;  505,460;  510,000;305,54000
 591,87;  889,000;  566,570;  573,000;322,43000
 592,16;  843,500;  519,610;  484,000;323,89000
 592,45;  877,000;  566,960;  572,000;310,04000
 592,74;  801,500;  491,850;  491,000;309,65000
 593,03;  878,500;  575,110;  575,000;303,39000
 593,32;  803,000;  505,680;  492,000;297,32000
 593,61;  881,500;  558,840;  526,000;322,66000
 593,90;  829,500;  498,490;  498,000;331,01000
 594,18;  897,500;  594,300;  575,000;303,20000
 594,47;  803,000;  486,340;  477,000;316,66000
 594,76;  857,500;  578,340;  586,000;279,16000
 595,05;  794,500;  487,950;  511,000;306,55000
 595,34;  866,500;  563,030;  547,000;303,47000
 595,63;  801,500;  493,440;  515,000;308,06000
 595,92;  901,500;  587,340;  600,000;314,16000
 596,21;  800,500;  487,930;  465,000;312,57000
 596,50;  884,000;  572,790;  515,000;311,21000
 596,79;  785,000;  503,760;  527,000;281,24000
 597,08;  861,500;  577,840;  561,000;283,66000
 597,37;  782,500;  478,850;  462,000;303,65000
 597,66;  905,000;  574,400;  554,000;330,60000
 597,95;  846,500;  523,610;  549,000;322,89000
 598,24;  929,000;  607,930;  603,000;321,07000
 598,53;  806,500;  493,450;  516,000;313,05000
 598,82;  893,000;  555,200;  521,000;337,80000
 599,11;  829,500;  503,740;  525,000;325,76000
 599,40;  877,000;  585,120;  608,000;291,88000
 599,69;  821,000;  515,960;  527,000;305,04000
 599,98;  839,000;  556,810;  566,000;282,19000
 600,27;  813,000;  516,760;  534,000;296,24000
 600,56;  878,500;  579,080;  592,000;299,42000
 600,85;  796,500;  499,960;  476,000;296,54000
 601,14;  900,000;  579,490;  591,000;320,51000
 601,43;  795,000;  507,050;  523,000;287,95000
 601,72;  839,500;  570,930;  577,000;268,57000
 602,01;  815,000;  501,360;  490,000;313,64000
 602,30;  837,000;  536,170;  552,000;300,83000
 602,59;  789,000;  498,780;  481,000;290,22000
 602,88;  918,500;  618,250;  611,000;300,25000
 603,17;  817,500;  492,040;  480,000;325,46000
 603,46;  877,000;  598,730;  567,000;278,27000
 603,75;  777,500;  502,000;  514,000;275,50000
 604,04;  929,000;  593,320;  574,000;335,68000
 604,32;  836,000;  542,110;  547,000;293,89000
 604,61;  900,500;  582,580;  590,000;317,92000
 604,90;  791,500;  520,070;  521,000;271,43000
 605,19;  882,500;  603,390;  591,000;279,11000
 605,48;  795,500;  512,090;  485,000;283,41000
 605,77;  881,500;  605,290;  595,000;276,21000
 606,06;  789,000;  518,740;  501,000;270,26000
 606,35;  887,500;  579,410;  568,000;308,09000
 606,64;  787,000;  506,600;  481,000;280,40000
 606,93;  878,500;  610,280;  628,000;268,22000
 607,22;  802,500;  531,670;  545,000;270,83000
 607,51;  904,000;  619,590;  598,000;284,41000
 607,80;  817,500;  537,990;  528,000;279,51000
 608,09;  881,000;  602,430;  582,000;278,57000
 608,38;  780,000;  511,170;  486,000;268,83000
 608,67;  877,000;  617,120;  584,000;259,88000
 608,96;  829,500;  537,950;  515,000;291,55000
 609,25;  862,500;  584,730;  630,000;277,77000
 609,54;  820,500;  529,230;  555,000;291,27000
 609,82;  879,000;  607,310;  593,000;271,69000
 610,11;  801,000;  519,010;  558,000;281,99000
 610,40;  934,500;  606,220;  681,000;328,28000
 610,69;  818,000;  509,120;  603,000;308,88000
 610,98;  896,000;  594,940;  723,000;301,06000
 611,27;  798,500;  512,230;  628,000;286,27000
 611,56;  887,500;  589,920;  675,000;297,58000
 611,85;  837,000;  536,610;  604,000;300,39000
 612,14;  895,000;  603,600;  613,000;291,40000
 612,43;  800,500;  534,350;  537,000;266,15000
 612,72;  857,000;  593,540;  618,000;263,46000
 613,01;  799,500;  529,170;  537,000;270,33000
 613,30;  888,500;  610,240;  618,000;278,26000
 613,59;  799,000;  520,200;  526,000;278,80000
 613,87;  896,000;  604,470;  632,000;291,53000
 614,16;  781,000;  496,530;  523,000;284,47000
 614,45;  833,500;  601,060;  604,000;232,44000
 614,74;  777,000;  509,760;  487,000;267,24000
 615,03;  847,500;  587,570;  611,000;259,93000
 615,32;  772,500;  516,540;  526,000;255,96000
 615,61;  856,500;  581,780;  579,000;274,72000
 615,90;  758,500;  500,330;  504,000;258,17000
 616,19;  834,500;  594,200;  589,000;240,30000
 616,48;  811,500;  547,300;  543,000;264,20000
 616,77;  843,000;  612,110;  613,000;230,89000
 617,06;  766,000;  516,750;  513,000;249,25000
 617,35;  822,000;  596,470;  622,000;225,53000
 617,63;  752,000;  493,130;  494,000;258,87000
 617,92;  855,500;  598,840;  595,000;256,66000
 618,21;  748,000;  511,510;  512,000;236,49000
 618,50;  840,500;  599,730;  590,000;240,77000
 618,79;  764,000;  528,710;  549,000;235,29000
 619,08;  841,000;  605,270;  613,000;235,73000
 619,37;  739,500;  500,850;  491,000;238,65000
 619,66;  788,000;  563,310;  576,000;224,69000
 619,95;  747,000;  520,120;  551,000;226,88000
 620,24;  798,500;  567,180;  586,000;231,32000
 620,52;  749,500;  521,410;  550,000;228,09000
 620,81;  830,500;  605,440;  593,000;225,06000
 621,10;  752,000;  503,830;  492,000;248,17000
 621,39;  842,500;  610,900;  611,000;231,60000
 621,68;  717,000;  517,400;  477,000;199,60000
 621,97;  797,500;  582,240;  587,000;215,26000
 622,26;  745,000;  504,960;  512,000;240,04000
 622,55;  777,000;  564,480;  548,000;212,52000
 622,84;  750,000;  492,340;  451,000;257,66000
 623,13;  820,500;  588,140;  614,000;232,36000
 623,41;  753,500;  518,370;  487,000;235,13000
 623,70;  813,500;  596,030;  618,000;217,47000
 623,99;  712,000;  491,560;  496,000;220,44000
 624,28;  786,500;  579,570;  593,000;206,93000
 624,57;  723,000;  495,740;  489,000;227,26000
 624,86;  774,500;  560,900;  551,000;213,60000
 625,15;  740,500;  522,150;  521,000;218,35000
 625,44;  794,000;  577,620;  582,000;216,38000
 625,73;  701,000;  494,000;  470,000;207,00000
 626,01;  793,000;  594,200;  606,000;198,80000
 626,30;  751,000;  529,190;  565,000;221,81000
 626,59;  752,000;  546,010;  566,000;205,99000
 626,88;  717,500;  529,020;  541,000;188,48000
 627,17;  783,500;  570,820;  601,000;212,68000
 627,46;  742,500;  550,790;  549,000;191,71000
 627,75;  765,000;  561,850;  550,000;203,15000
 628,04;  707,500;  506,100;  507,000;201,40000
 628,33;  791,500;  588,170;  604,000;203,33000
 628,61;  699,500;  525,540;  492,000;173,96000
 628,90;  785,000;  577,920;  562,000;207,08000
 629,19;  734,500;  511,880;  531,000;222,62000
 629,48;  795,500;  576,540;  633,000;218,96000
 629,77;  719,500;  518,710;  528,000;200,79000
 630,06;  788,500;  606,390;  606,000;182,11000
 630,35;  662,500;  485,840;  489,000;176,66000
 630,64;  812,000;  597,080;  589,000;214,92000
 630,92;  725,500;  517,910;  512,000;207,59000
 631,21;  746,500;  587,040;  588,000;159,46000
 631,50;  693,000;  500,180;  507,000;192,82000
 631,79;  760,000;  588,900;  596,000;171,10000
 632,08;  651,500;  497,560;  514,000;153,94000
 632,37;  777,500;  584,010;  572,000;193,49000
 632,66;  674,000;  489,870;  512,000;184,13000
 632,94;  748,000;  584,510;  587,000;163,49000
 633,23;  694,500;  507,660;  468,000;186,84000
 633,52;  761,500;  610,770;  615,000;150,73000
 633,81;  699,500;  531,200;  516,000;168,30000
 634,10;  756,500;  591,870;  640,000;164,63000
 634,39;  657,000;  507,800;  501,000;149,20000
 634,68;  743,000;  585,320;  586,000;157,68000
 634,96;  682,500;  518,670;  545,000;163,83000
 635,25;  760,500;  593,400;  578,000;167,10000
 635,54;  689,000;  526,310;  540,000;162,69000
 635,83;  759,000;  602,380;  626,000;156,62000
 636,12;  696,500;  527,410;  473,000;169,09000
 636,41;  805,000;  633,270;  610,000;171,73000
 636,70;  678,000;  522,900;  515,000;155,10000
 636,98;  758,500;  598,710;  594,000;159,79000
 637,27;  698,000;  548,420;  509,000;149,58000
 637,56;  745,000;  595,620;  554,000;149,38000
 637,85;  686,000;  509,240;  521,000;176,76000
 638,14;  742,500;  579,330;  595,000;163,17000
 638,43;  660,000;  505,080;  489,000;154,92000
 638,71;  765,500;  600,010;  612,000;165,49000
 639,00;  689,000;  542,730;  535,000;146,27000
 639,29;  753,500;  576,270;  550,000;177,23000
 639,58;  704,000;  562,550;  567,000;141,45000
 639,87;  752,500;  598,780;  592,000;153,72000
 640,16;  673,500;  515,270;  516,000;158,23000
 640,45;  757,000;  593,090;  575,000;163,91000
 640,73;  637,500;  481,550;  489,000;155,95000
 641,02;  736,500;  602,740;  569,000;133,76000
 641,31;  654,000;  533,700;  534,000;120,30000
 641,60;  732,500;  620,220;  620,000;112,28000
 641,89;  689,000;  556,550;  569,000;132,45000
 642,18;  742,500;  609,450;  612,000;133,05000
 642,46;  678,000;  515,790;  512,000;162,21000
 642,75;  739,000;  589,820;  589,000;149,18000
 643,04;  686,000;  530,040;  506,000;155,96000
 643,33;  774,000;  628,060;  616,000;145,94000
 643,62;  658,000;  529,490;  528,000;128,51000
 643,91;  758,000;  623,160;  614,000;134,84000
 644,19;  641,500;  514,250;  500,000;127,25000
 644,48;  741,500;  616,990;  633,000;124,51000
 644,77;  642,000;  528,300;  504,000;113,70000
 645,06;  752,500;  609,750;  630,000;142,75000
 645,35;  664,500;  556,200;  543,000;108,30000
 645,63;  746,500;  635,830;  624,000;110,67000
 645,92;  672,500;  549,620;  576,000;122,88000
 646,21;  740,500;  628,390;  640,000;112,11000
 646,50;  687,000;  566,020;  553,000;120,98000
 646,79;  748,000;  643,240;  663,000;104,76000
 647,08;  704,000;  566,710;  574,000;137,29000
 647,36;  724,000;  629,190;  614,000;94,81000
 647,65;  652,000;  504,170;  490,000;147,83000
 647,94;  727,000;  620,850;  634,000;106,15000
 648,23;  654,500;  551,810;  575,000;102,69000
 648,52;  748,500;  633,790;  661,000;114,71000
 648,80;  664,500;  573,070;  583,000;91,43000
 649,09;  729,000;  623,410;  615,000;105,59000
 649,38;  683,500;  547,050;  573,000;136,45000
 649,67;  725,000;  630,950;  651,000;94,05000
 649,96;  664,000;  559,950;  574,000;104,05000
 650,24;  713,000;  632,320;  651,000;80,68000
 650,53;  649,500;  538,310;  539,000;111,19000
 650,82;  780,500;  647,460;  642,000;133,04000
 651,11;  627,000;  529,960;  517,000;97,04000
 651,40;  761,000;  664,660;  669,000;96,34000
 651,68;  682,000;  574,710;  577,000;107,29000
 651,97;  705,500;  617,510;  591,000;87,99000
 652,26;  651,000;  555,830;  565,000;95,17000
 652,55;  709,000;  627,310;  612,000;81,69000
 652,84;  638,500;  525,930;  526,000;112,57000
 653,12;  695,500;  618,200;  616,000;77,30000
 653,41;  641,500;  536,180;  533,000;105,32000
 653,70;  708,000;  610,010;  632,000;97,99000
 653,99;  643,000;  556,170;  566,000;86,83000
 654,28;  712,000;  630,240;  627,000;81,76000
 654,56;  663,500;  580,300;  578,000;83,20000
 654,85;  738,500;  643,600;  628,000;94,90000
 655,14;  625,500;  553,020;  574,000;72,48000
 655,43;  687,500;  624,360;  615,000;63,14000
 655,72;  607,000;  536,200;  551,000;70,80000
 656,00;  730,500;  647,060;  639,000;83,44000
 656,29;  646,000;  551,180;  530,000;94,82000
 656,58;  693,500;  613,250;  629,000;80,25000
 656,87;  667,500;  582,980;  583,000;84,52000
 657,15;  712,500;  623,690;  643,000;88,81000
 657,44;  635,000;  569,220;  593,000;65,78000
 657,73;  682,500;  616,310;  613,000;66,19000
 658,02;  639,500;  561,530;  572,000;77,97000
 658,31;  717,500;  636,030;  645,000;81,47000
 658,59;  635,000;  554,170;  591,000;80,83000
 658,88;  724,000;  651,020;  658,000;72,98000
 659,17;  644,000;  592,580;  638,000;51,42000
 659,46;  729,500;  650,750;  630,000;78,75000
 659,74;  629,500;  551,030;  546,000;78,47000
 660,03;  699,500;  606,200;  613,000;93,30000
 660,32;  578,500;  516,610;  521,000;61,89000
 660,61;  709,500;  629,940;  633,000;79,56000
 660,90;  620,500;  552,390;  549,000;68,11000
 661,18;  719,500;  640,050;  645,000;79,45000
 661,47;  593,500;  531,700;  562,000;61,80000
 661,76;  710,000;  637,700;  618,000;72,30000
 662,05;  625,500;  550,100;  532,000;75,40000
 662,33;  675,000;  618,660;  634,000;56,34000
 662,62;  626,500;  554,240;  566,000;72,26000
 662,91;  698,500;  632,530;  633,000;65,97000
 663,20;  600,000;  550,760;  531,000;49,24000
 663,48;  717,500;  652,110;  646,000;65,39000
 663,77;  605,500;  545,630;  519,000;59,87000
 664,06;  687,000;  620,850;  633,000;66,15000
 664,35;  607,000;  527,500;  536,000;79,50000
 664,63;  717,500;  639,790;  651,000;77,71000
 664,92;  619,500;  543,060;  565,000;76,44000
 665,21;  698,500;  639,370;  645,000;59,13000
 665,50;  594,500;  526,930;  496,000;67,57000
 665,78;  664,500;  615,660;  590,000;48,84000
 666,07;  580,500;  517,230;  495,000;63,27000
 666,36;  676,500;  632,400;  596,000;44,10000
 666,65;  601,000;  555,200;  564,000;45,80000
 666,94;  650,000;  593,770;  612,000;56,23000
 667,22;  580,000;  537,610;  551,000;42,39000
 667,51;  657,000;  625,120;  627,000;31,88000
 667,80;  594,000;  542,320;  540,000;51,68000
 668,08;  676,500;  619,270;  644,000;57,23000
 668,37;  539,000;  498,410;  490,000;40,59000
 668,66;  614,500;  600,720;  595,000;13,78000
 668,95;  564,500;  528,860;  495,000;35,64000
 669,23;  646,000;  587,790;  594,000;58,21000
 669,52;  576,000;  534,880;  534,000;41,12000
 669,81;  617,000;  605,390;  647,000;11,61000
 670,10;  557,000;  518,660;  537,000;38,34000
 670,38;  650,000;  605,830;  577,000;44,17000
 670,67;  556,500;  500,690;  453,000;55,81000
 670,96;  639,000;  615,760;  611,000;23,24000
 671,25;  552,500;  501,090;  463,000;51,41000
 671,53;  651,500;  590,990;  550,000;60,51000
 671,82;  576,000;  554,220;  592,000;21,78000
 672,11;  633,000;  595,920;  604,000;37,08000
 672,40;  565,000;  563,540;  553,000; 1,46000
 672,68;  683,000;  619,970;  635,000;63,03000
 672,97;  577,500;  529,200;  533,000;48,30000
 673,26;  660,500;  630,020;  644,000;30,48000
 673,54;  529,500;  508,690;  504,000;20,81000
 673,83;  673,000;  616,240;  616,000;56,76000
 674,12;  595,000;  533,550;  527,000;61,45000
 674,41;  649,500;  612,080;  584,000;37,42000
 674,69;  587,000;  538,510;  518,000;48,49000
 674,98;  690,500;  621,440;  668,000;69,06000
 675,27;  562,000;  498,050;  496,000;63,95000
 675,56;  680,000;  616,440;  655,000;63,56000
 675,84;  568,500;  507,300;  482,000;61,20000
 676,13;  681,500;  613,870;  639,000;67,63000
 676,42;  560,000;  497,530;  524,000;62,47000
 676,70;  641,000;  596,270;  596,000;44,73000
 676,99;  611,500;  520,640;  521,000;90,86000
 677,28;  673,000;  593,320;  613,000;79,68000
 677,57;  628,500;  539,680;  513,000;88,82000
 677,85;  717,000;  622,520;  612,000;94,48000
 678,14;  614,000;  524,340;  516,000;89,66000
 678,43;  689,500;  618,790;  628,000;70,71000
 678,71;  651,500;  546,170;  520,000;105,33000
 679,00;  722,000;  635,510;  632,000;86,49000
 679,29;  606,500;  522,020;  502,000;84,48000
 679,57;  680,500;  581,440;  570,000;99,06000
 679,86;  609,500;  502,600;  504,000;106,90000
 680,15;  689,500;  607,140;  606,000;82,36000
 680,44;  568,500;  492,950;  488,000;75,55000
 680,72;  708,000;  620,450;  615,000;87,55000
 681,01;  617,000;  529,770;  493,000;87,23000
 681,30;  724,500;  642,110;  628,000;82,39000
 681,58;  627,500;  535,910;  523,000;91,59000
 681,87;  696,000;  587,430;  598,000;108,57000
 682,16;  671,000;  558,220;  529,000;112,78000
 682,44;  719,500;  637,700;  620,000;81,80000
 682,73;  599,000;  538,690;  544,000;60,31000
 683,02;  704,500;  623,070;  617,000;81,43000
 683,31;  644,000;  542,490;  525,000;101,51000
 683,59;  722,000;  642,590;  614,000;79,41000
 683,88;  620,500;  535,670;  522,000;84,83000
 684,17;  722,500;  616,780;  610,000;105,72000
 684,45;  626,000;  516,980;  482,000;109,02000
 684,74;  688,000;  619,170;  646,000;68,83000
 685,03;  642,500;  533,410;  527,000;109,09000
 685,31;  701,000;  625,390;  591,000;75,61000
 685,60;  583,000;  519,350;  517,000;63,65000
 685,89;  696,000;  618,970;  617,000;77,03000
 686,17;  636,500;  561,390;  567,000;75,11000
 686,46;  671,000;  601,740;  595,000;69,26000
 686,75;  639,000;  526,850;  501,000;112,15000
 687,03;  673,500;  610,650;  624,000;62,85000
 687,32;  604,500;  530,490;  488,000;74,01000
 687,61;  716,000;  589,680;  595,000;126,32000
 687,90;  605,500;  519,500;  531,000;86,00000
 688,18;  680,000;  619,260;  604,000;60,74000
 688,47;  598,500;  516,150;  514,000;82,35000
 688,76;  671,000;  610,690;  628,000;60,31000
 689,04;  646,000;  522,760;  501,000;123,24000
 689,33;  680,500;  598,330;  603,000;82,17000
 689,62;  649,500;  554,330;  542,000;95,17000
 689,90;  654,000;  585,140;  605,000;68,86000
 690,19;  585,000;  497,140;  504,000;87,86000
 690,48;  684,500;  609,190;  596,000;75,31000
 690,76;  611,000;  540,370;  523,000;70,63000
 691,05;  693,500;  605,640;  591,000;87,86000
 691,34;  613,000;  535,030;  562,000;77,97000
 691,62;  682,000;  614,270;  622,000;67,73000
 691,91;  622,000;  522,700;  512,000;99,30000
 692,20;  679,500;  623,420;  613,000;56,08000
 692,48;  610,500;  534,660;  543,000;75,84000
 692,77;  691,000;  618,570;  613,000;72,43000
 693,06;  584,000;  495,880;  491,000;88,12000
 693,34;  693,000;  606,400;  620,000;86,60000
 693,63;  587,500;  506,930;  528,000;80,57000
 693,92;  684,000;  593,230;  561,000;90,77000
 694,20;  631,000;  534,650;  504,000;96,35000
 694,49;  681,500;  585,910;  559,000;95,59000
 694,77;  646,500;  508,330;  474,000;138,17000
 695,06;  751,500;  609,030;  596,000;142,47000
 695,35;  629,000;  489,980;  486,000;139,02000
 695,63;  735,000;  587,820;  558,000;147,18000
 695,92;  657,500;  532,220;  537,000;125,28000
 696,21;  767,000;  611,220;  623,000;155,78000
 696,49;  658,500;  496,190;  500,000;162,31000
 696,78;  761,000;  565,280;  593,000;195,72000
 697,07;  698,000;  511,830;  489,000;186,17000
 697,35;  775,500;  577,380;  580,000;198,12000
 697,64;  698,500;  494,780;  501,000;203,72000
 697,93;  794,000;  598,200;  594,000;195,80000
 698,21;  729,500;  519,220;  496,000;210,28000
 698,50;  777,500;  579,570;  576,000;197,93000
 698,79;  746,500;  497,770;  486,000;248,73000
 699,07;  806,000;  575,750;  574,000;230,25000
 699,36;  772,500;  510,900;  509,000;261,60000
 699,64;  845,500;  584,140;  572,000;261,36000
 699,93;  739,500;  485,660;  502,000;253,84000
 700,22;  821,000;  560,190;  561,000;260,81000
 700,50;  747,000;  467,150;  439,000;279,85000
 700,79;  890,000;  608,680;  632,000;281,32000
 701,08;  798,500;  504,920;  500,000;293,58000
 701,36;  947,500;  597,340;  591,000;350,16000
 701,65;  859,500;  536,870;  542,000;322,63000
 701,93;  896,500;  554,070;  563,000;342,43000
 702,22;  903,000;  536,410;  522,000;366,59000
 702,51;  937,000;  575,380;  566,000;361,62000
 702,79;  846,500;  496,690;  529,000;349,81000
 703,08; 1008,500;  616,960;  623,000;391,54000
 703,37;  906,000;  519,310;  505,000;386,69000
 703,65; 1040,000;  617,030;  627,000;422,97000
 703,94;  949,500;  524,760;  511,000;424,74000
 704,22; 1033,000;  592,630;  584,000;440,37000
 704,51;  928,000;  503,200;  499,000;424,80000
 704,80; 1053,000;  597,570;  598,000;455,43000
 705,08;  987,500;  515,230;  487,000;472,27000
 705,37; 1041,500;  583,490;  561,000;458,01000
 705,66;  974,000;  520,110;  514,000;453,89000
 705,94; 1100,000;  611,970;  605,000;488,03000
 706,23;  989,500;  513,490;  507,000;476,01000
 706,51; 1077,500;  604,570;  571,000;472,93000
 706,80; 1004,500;  514,750;  496,000;489,75000
 707,09; 1083,500;  574,620;  549,000;508,88000
 707,37; 1039,500;  506,830;  494,000;532,67000
 707,66; 1096,500;  595,410;  579,000;501,09000
 707,94; 1041,500;  532,970;  497,000;508,53000
 708,23; 1114,000;  616,450;  584,000;497,55000
 708,52; 1015,500;  515,170;  514,000;500,33000
 708,80; 1114,500;  599,550;  595,000;514,95000
 709,09; 1040,000;  536,140;  545,000;503,86000
 709,37; 1078,500;  602,610;  582,000;475,89000
 709,66; 1028,000;  531,410;  524,000;496,59000
 709,95; 1059,500;  570,660;  549,000;488,84000
 710,23; 1013,000;  564,640;  559,000;448,36000
 710,52; 1138,000;  627,460;  610,000;510,54000
 710,80; 1005,000;  528,150;  535,000;476,85000
 711,09; 1108,500;  617,330;  618,000;491,17000
 711,38; 1011,500;  548,840;  560,000;462,66000
 711,66; 1095,500;  624,110;  637,000;471,39000
 711,95; 1036,000;  560,540;  547,000;475,46000
 712,23; 1096,500;  611,740;  593,000;484,76000
 712,52; 1002,000;  535,860;  557,000;466,14000
 712,81; 1080,500;  619,660;  610,000;460,84000
 713,09;  987,500;  542,500;  530,000;445,00000
 713,38; 1071,000;  614,970;  637,000;456,03000
 713,66; 1015,000;  545,240;  546,000;469,76000
 713,95; 1113,000;  629,560;  600,000;483,44000
 714,24; 1028,000;  584,010;  571,000;443,99000
 714,52; 1079,500;  627,320;  633,000;452,18000
 714,81;  977,000;  536,920;  530,000;440,08000
 715,09; 1082,000;  626,360;  601,000;455,64000
 715,38;  973,000;  533,830;  514,000;439,17000
 715,66; 1037,000;  619,900;  607,000;417,10000
 715,95;  955,500;  532,200;  544,000;423,30000
 716,24; 1105,500;  656,800;  687,000;448,70000
 716,52;  987,500;  570,270;  582,000;417,23000
 716,81; 1079,000;  609,150;  589,000;469,85000
 717,09; 1030,500;  558,850;  549,000;471,65000
 717,38; 1047,500;  602,030;  602,000;445,47000
 717,66;  933,500;  515,860;  521,000;417,64000
 717,95; 1096,500;  649,080;  665,000;447,42000
 718,24; 1040,500;  546,470;  538,000;494,03000
 718,52; 1130,000;  623,800;  622,000;506,20000
 718,81; 1025,500;  564,430;  587,000;461,07000
 719,09; 1122,500;  613,620;  578,000;508,88000
 719,38; 1075,000;  529,640;  512,000;545,36000
 719,66; 1174,000;  617,410;  607,000;556,59000
 719,95; 1128,500;  558,140;  547,000;570,36000
 720,24; 1171,500;  613,720;  609,000;557,78000
 720,52; 1086,000;  538,160;  513,000;547,84000
 720,81; 1221,500;  633,260;  608,000;588,24000
 721,09; 1143,000;  547,860;  557,000;595,14000
 721,38; 1267,000;  610,790;  589,000;656,21000
 721,66; 1239,500;  560,710;  568,000;678,79000
 721,95; 1351,000;  625,200;  630,000;725,80000
 722,24; 1300,500;  551,260;  522,000;749,24000
 722,52; 1401,500;  620,090;  606,000;781,41000
 722,81; 1334,500;  535,170;  506,000;799,33000
 723,09; 1484,500;  630,330;  618,000;854,17000
 723,38; 1446,000;  542,110;  525,000;903,89000
 723,66; 1543,000;  659,500;  651,000;883,50000
 723,95; 1570,500;  597,350;  599,000;973,15000
 724,23; 1600,000;  616,390;  583,000;983,61000
 724,52; 1652,000;  579,320;  603,000;1072,68000
 724,80; 1758,500;  652,900;  652,000;1105,60000
 725,09; 1680,000;  546,630;  521,000;1133,37000
 725,38; 1849,000;  657,010;  663,000;1191,99000
 725,66; 1744,000;  517,940;  513,000;1226,06000
 725,95; 1931,500;  661,920;  663,000;1269,58000
 726,23; 1916,000;  561,920;  534,000;1354,08000
 726,52; 2068,500;  625,720;  598,000;1442,78000
 726,80; 2019,000;  575,470;  549,000;1443,53000
 727,09; 2115,000;  622,080;  616,000;1492,92000
 727,37; 2084,500;  536,520;  503,000;1547,98000
 727,66; 2236,000;  621,450;  615,000;1614,55000
 727,94; 2235,000;  546,830;  527,000;1688,17000
 728,23; 2393,000;  642,460;  636,000;1750,54000
 728,52; 2433,500;  574,090;  588,000;1859,41000
 728,80; 2522,000;  615,160;  609,000;1906,84000
 729,09; 2546,500;  559,170;  539,000;1987,33000
 729,37; 2562,000;  623,010;  639,000;1938,99000
 729,66; 2596,500;  528,180;  508,000;2068,32000
 729,94; 2826,500;  635,330;  630,000;2191,17000
 730,23; 2786,000;  567,280;  522,000;2218,72000
 730,51; 2967,000;  651,660;  653,000;2315,34000
 730,80; 2882,000;  541,340;  551,000;2340,66000
 731,08; 2986,000;  617,970;  596,000;2368,03000
 731,37; 3023,000;  557,060;  553,000;2465,94000
 731,65; 3062,000;  616,990;  615,000;2445,01000
 731,94; 3128,500;  536,140;  550,000;2592,36000
 732,22; 3208,500;  603,970;  573,000;2604,53000
 732,51; 3228,000;  533,490;  522,000;2694,51000
 732,79; 3388,500;  622,440;  620,000;2766,06000
 733,08; 3325,500;  550,190;  501,000;2775,31000
 733,36; 3482,000;  618,120;  617,000;2863,88000
 733,65; 3447,000;  565,840;  546,000;2881,16000
 733,93; 3576,000;  634,840;  661,000;2941,16000
 734,22; 3635,000;  555,050;  560,000;3079,95000
 734,50; 3679,500;  619,560;  612,000;3059,94000
 734,79; 3636,500;  549,000;  532,000;3087,50000
 735,08; 3710,000;  646,610;  641,000;3063,39000
 735,36; 3683,500;  585,270;  568,000;3098,23000
 735,65; 3783,500;  649,800;  644,000;3133,70000
 735,93; 3698,500;  559,500;  558,000;3139,00000
 736,22; 3931,000;  620,900;  606,000;3310,10000
 736,50; 3843,000;  556,390;  550,000;3286,61000
 736,79; 3915,500;  611,600;  586,000;3303,90000
 737,07; 3839,500;  585,950;  590,000;3253,55000
 737,36; 3901,000;  626,690;  621,000;3274,31000
 737,64; 3865,000;  552,040;  555,000;3312,96000
 737,93; 3891,000;  629,570;  623,000;3261,43000
 738,21; 3858,500;  544,470;  533,000;3314,03000
 738,50; 3893,500;  657,310;  607,000;3236,19000
 738,78; 3869,000;  583,400;  606,000;3285,60000
 739,07; 3978,000;  649,120;  649,000;3328,88000
 739,35; 3842,000;  547,180;  523,000;3294,82000
 739,64; 4031,000;  645,290;  648,000;3385,71000
 739,92; 3860,500;  531,920;  549,000;3328,58000
 740,21; 3902,500;  638,710;  643,000;3263,79000
 740,49; 3772,000;  545,810;  566,000;3226,19000
 740,77; 3867,500;  637,980;  629,000;3229,52000
 741,06; 3949,500;  556,780;  522,000;3392,72000
 741,34; 4028,000;  612,880;  626,000;3415,12000
 741,63; 3806,000;  579,150;  603,000;3226,85000
 741,91; 3685,000;  636,520;  611,000;3048,48000
 742,20; 3504,500;  552,230;  544,000;2952,27000
 742,48; 3703,500;  632,650;  605,000;3070,85000
 742,77; 3793,500;  525,170;  517,000;3268,33000
 743,05; 3944,000;  648,400;  643,000;3295,60000
 743,34; 3787,500;  570,710;  563,000;3216,79000
 743,62; 3585,000;  670,680;  652,000;2914,32000
 743,91; 3137,500;  562,640;  562,000;2574,86000
 744,19; 3337,500;  631,100;  630,000;2706,40000
 744,48; 3384,500;  549,280;  527,000;2835,22000
 744,76; 3675,500;  648,990;  643,000;3026,51000
 745,05; 3609,000;  559,730;  566,000;3049,27000
 745,33; 3434,500;  664,550;  679,000;2769,95000
 745,62; 3098,500;  613,270;  607,000;2485,23000
 745,90; 2835,000;  642,410;  645,000;2192,59000
 746,19; 2778,500;  567,960;  579,000;2210,54000
 746,47; 2887,500;  631,390;  619,000;2256,11000
 746,76; 3176,000;  573,300;  569,000;2602,70000
 747,04; 3480,000;  659,840;  655,000;2820,16000
 747,32; 3362,000;  562,890;  570,000;2799,11000
 747,61; 3213,000;  680,390;  679,000;2532,61000
 747,89; 2761,500;  560,570;  537,000;2200,93000
 748,18; 2446,500;  654,140;  622,000;1792,36000
 748,46; 2267,500;  576,010;  569,000;1691,49000
 748,75; 2413,500;  645,740;  661,000;1767,76000
 749,03; 2520,500;  556,510;  549,000;1963,99000
 749,32; 2867,500;  598,450;  572,000;2269,05000
 749,60; 3012,000;  544,360;  533,000;2467,64000
 749,89; 3111,500;  620,250;  642,000;2491,25000
 750,17; 2800,500;  545,320;  542,000;2255,18000
 750,46; 2515,000;  641,350;  650,000;1873,65000
 750,74; 2088,500;  563,700;  568,000;1524,80000
 751,02; 1883,000;  620,290;  618,000;1262,71000
 751,31; 1726,500;  562,790;  547,000;1163,71000
 751,59; 1966,000;  601,030;  599,000;1364,97000
 751,88; 2218,000;  567,760;  559,000;1650,24000
 752,16; 2567,000;  650,680;  660,000;1916,32000
 752,45; 2683,000;  533,270;  515,000;2149,73000
 752,73; 2877,000;  645,920;  655,000;2231,08000
 753,02; 2620,000;  547,030;  547,000;2072,97000
 753,30; 2355,500;  635,840;  631,000;1719,66000
 753,58; 1940,500;  555,800;  558,000;1384,70000
 753,87; 1684,000;  661,230;  661,000;1022,77000
 754,15; 1460,500;  560,930;  561,000;899,57000
 754,44; 1541,500;  638,810;  611,000;902,69000
 754,72; 1678,500;  567,480;  573,000;1111,02000
 755,01; 2068,000;  666,370;  659,000;1401,63000
 755,29; 2240,000;  532,490;  508,000;1707,51000
 755,58; 2631,000;  628,020;  614,000;2002,98000
 755,86; 2785,500;  554,500;  551,000;2231,00000
 756,14; 2839,000;  640,580;  632,000;2198,42000
 756,43; 2531,000;  561,970;  541,000;1969,03000
 756,71; 2342,000;  629,730;  660,000;1712,27000
 757,00; 1951,000;  543,410;  573,000;1407,59000
 757,28; 1748,500;  621,910;  631,000;1126,59000
 757,57; 1482,500;  545,660;  562,000;936,84000
 757,85; 1586,500;  624,050;  624,000;962,45000
 758,13; 1704,000;  548,410;  514,000;1155,59000
 758,42; 2219,500;  655,350;  632,000;1564,15000
 758,70; 2578,000;  539,780;  535,000;2038,22000
 758,99; 3170,000;  639,680;  631,000;2530,32000
 759,27; 3316,000;  547,310;  544,000;2768,69000
 759,56; 3733,500;  614,590;  607,000;3118,91000
 759,84; 3771,500;  528,680;  510,000;3242,82000
 760,12; 3859,000;  620,600;  581,000;3238,40000
 760,41; 3834,000;  566,590;  529,000;3267,41000
 760,69; 3807,000;  613,790;  638,000;3193,21000
 760,98; 3666,500;  566,370;  575,000;3100,13000
 761,26; 3292,500;  595,860;  593,000;2696,64000
 761,54; 2837,500;  537,940;  528,000;2299,56000
 761,83; 2450,500;  592,880;  564,000;1857,62000
 762,11; 2117,500;  551,510;  559,000;1565,99000
 762,40; 2036,000;  642,470;  667,000;1393,53000
 762,68; 2005,000;  558,730;  580,000;1446,27000
 762,96; 2309,500;  658,330;  648,000;1651,17000
 763,25; 2433,000;  524,110;  522,000;1908,89000
 763,53; 2969,500;  605,780;  633,000;2363,72000
 763,82; 3504,500;  549,770;  569,000;2954,73000
 764,10; 4287,500;  604,160;  610,000;3683,34000
 764,39; 5023,500;  513,940;  510,000;4509,56000
 764,67; 6163,000;  621,410;  629,000;5541,59000
 764,95; 6902,500;  509,130;  516,000;6393,37000
 765,24; 7809,000;  600,010;  582,000;7208,99000
 765,52; 8513,500;  511,020;  523,000;8002,48000
 765,81; 9273,500;  606,130;  611,000;8667,37000
 766,09;10113,500;  546,120;  554,000;9567,38000
 766,37;10370,000;  598,750;  630,000;9771,25000
 766,66;10236,500;  530,860;  569,000;9705,64000
 766,94;10402,500;  605,290;  603,000;9797,21000
 767,22;10335,500;  509,610;  489,000;9825,89000
 767,51;10103,500;  624,990;  615,000;9478,51000
 767,79; 9804,500;  509,730;  517,000;9294,77000
 768,08; 9540,000;  587,290;  584,000;8952,71000
 768,36; 9222,000;  523,990;  537,000;8698,01000
 768,64; 9154,500;  585,290;  600,000;8569,21000
 768,93; 8921,500;  521,770;  523,000;8399,73000
 769,21; 8769,000;  575,840;  560,000;8193,16000
 769,50; 8278,000;  513,040;  514,000;7764,96000
 769,78; 7962,500;  605,890;  594,000;7356,61000
 770,06; 7512,000;  513,080;  514,000;6998,92000
 770,35; 7413,500;  586,810;  563,000;6826,69000
 770,63; 7066,000;  516,100;  516,000;6549,90000
 770,91; 7031,500;  598,800;  603,000;6432,70000
 771,20; 6772,000;  536,990;  525,000;6235,01000
 771,48; 6638,500;  590,510;  587,000;6047,99000
 771,77; 6542,500;  539,090;  501,000;6003,41000
 772,05; 6682,000;  575,840;  544,000;6106,16000
 772,33; 6648,500;  484,170;  495,000;6164,33000
 772,62; 6684,500;  573,610;  562,000;6110,89000
 772,90; 6595,000;  508,430;  493,000;6086,57000
 773,18; 6850,000;  589,210;  586,000;6260,79000
 773,47; 6786,500;  511,100;  508,000;6275,40000
 773,75; 6899,000;  556,350;  589,000;6342,65000
 774,04; 6724,000;  500,920;  525,000;6223,08000
 774,32; 6741,500;  599,220;  602,000;6142,28000
 774,60; 6798,500;  485,840;  505,000;6312,66000
 774,89; 7182,000;  604,020;  590,000;6577,98000
 775,17; 7289,500;  507,660;  484,000;6781,84000
 775,45; 7592,000;  564,630;  542,000;7027,37000
 775,74; 7557,500;  522,030;  505,000;7035,47000
 776,02; 7569,000;  595,440;  570,000;6973,56000
 776,30; 7358,000;  496,860;  497,000;6861,14000
 776,59; 7602,500;  588,050;  578,000;7014,45000
 776,87; 7618,500;  488,950;  505,000;7129,55000
 777,16; 8020,500;  615,800;  622,000;7404,70000
 777,44; 7826,500;  483,540;  457,000;7342,96000
 777,72; 8074,500;  582,010;  576,000;7492,49000
 778,01; 8331,000;  517,510;  549,000;7813,49000
 778,29; 8511,000;  561,690;  578,000;7949,31000
 778,57; 8450,000;  501,580;  495,000;7948,42000
 778,86; 8676,000;  547,440;  544,000;8128,56000
 779,14; 8656,000;  506,910;  522,000;8149,09000
 779,42; 8867,500;  583,280;  598,000;8284,22000
 779,71; 8939,000;  497,270;  489,000;8441,73000
 779,99; 9081,000;  568,200;  607,000;8512,80000
 780,27; 9125,000;  478,230;  500,000;8646,77000
 780,56; 9323,000;  589,420;  573,000;8733,58000
 780,84; 9333,500;  522,390;  519,000;8811,11000
 781,12; 9469,000;  589,440;  604,000;8879,56000
 781,41; 9556,000;  521,820;  541,000;9034,18000
 781,69; 9657,500;  587,830;  580,000;9069,67000
 781,97; 9357,500;  483,590;  472,000;8873,91000
 782,26; 9312,500;  571,960;  557,000;8740,54000
 782,54; 9195,000;  500,990;  500,000;8694,01000
 782,82; 9344,000;  604,240;  632,000;8739,76000
 783,11; 9759,500;  507,250;  488,000;9252,25000
 783,39; 9955,500;  600,860;  612,000;9354,64000
 783,67;10051,000;  520,590;  528,000;9530,41000
 783,96; 9958,000;  609,760;  614,000;9348,24000
 784,24; 9525,500;  510,090;  488,000;9015,41000
 784,52; 9444,500;  579,470;  576,000;8865,03000
 784,81; 9322,500;  484,710;  492,000;8837,79000
 785,09; 9392,000;  611,850;  618,000;8780,15000
 785,37; 9242,000;  512,200;  503,000;8729,80000
 785,66; 9349,500;  576,600;  566,000;8772,90000
 785,94; 9312,000;  539,690;  546,000;8772,31000
 786,22; 9660,000;  581,990;  586,000;9078,01000
 786,51; 9590,500;  521,570;  501,000;9068,93000
 786,79; 9641,000;  578,350;  567,000;9062,65000
 787,07; 9585,500;  500,970;  515,000;9084,53000
 787,36; 9413,000;  590,850;  551,000;8822,15000
 787,64; 9546,000;  492,980;  527,000;9053,02000
 787,92; 9962,000;  609,060;  596,000;9352,94000
 788,21;10007,500;  517,350;  519,000;9490,15000
 788,49;10164,500;  590,920;  575,000;9573,58000
 788,77; 9889,500;  472,640;  475,000;9416,86000
 789,05; 9808,500;  590,270;  567,000;9218,23000
 789,34; 9747,000;  494,330;  494,000;9252,67000
 789,62; 9923,500;  574,710;  555,000;9348,79000
 789,90; 9918,000;  516,150;  535,000;9401,85000
 790,19; 9885,500;  568,850;  565,000;9316,65000
 790,47; 9652,000;  516,390;  515,000;9135,61000
 790,75; 9626,500;  598,840;  603,000;9027,66000
 791,04; 9516,500;  538,110;  545,000;8978,39000
 791,32; 9666,500;  571,180;  565,000;9095,32000
 791,60; 9726,500;  500,230;  484,000;9226,27000
 791,89; 9724,000;  632,290;  625,000;9091,71000
 792,17; 9351,000;  507,540;  531,000;8843,46000
 792,45; 9305,000;  612,090;  626,000;8692,91000
 792,73; 8972,000;  505,850;  484,000;8466,15000
 793,02; 8766,000;  583,060;  622,000;8182,94000
 793,30; 8639,500;  497,680;  474,000;8141,82000
 793,58; 8765,500;  579,840;  589,000;8185,66000
 793,87; 8498,000;  514,530;  511,000;7983,47000
 794,15; 8489,500;  611,170;  592,000;7878,33000
 794,43; 8464,500;  508,180;  515,000;7956,32000
 794,71; 8411,500;  589,060;  595,000;7822,44000
 795,00; 8101,500;  487,360;  488,000;7614,14000
 795,28; 8120,000;  588,380;  603,000;7531,62000
 795,56; 7787,500;  503,670;  522,000;7283,83000
 795,85; 7762,000;  569,190;  547,000;7192,81000
 796,13; 7677,500;  505,560;  531,000;7171,94000
 796,41; 7884,500;  592,460;  580,000;7292,04000
 796,69; 7829,500;  506,000;  491,000;7323,50000
 796,98; 7627,500;  571,370;  579,000;7056,13000
 797,26; 7351,000;  488,780;  459,000;6862,22000
 797,54; 7346,500;  584,570;  577,000;6761,93000
 797,83; 7244,000;  499,750;  496,000;6744,25000
 798,11; 7311,500;  571,760;  567,000;6739,74000
 798,39; 7367,500;  539,880;  565,000;6827,62000
 798,67; 7160,500;  546,820;  525,000;6613,68000
 798,96; 6961,000;  515,080;  502,000;6445,92000
 799,24; 6886,000;  569,020;  542,000;6316,98000
 799,52; 6773,500;  497,670;  479,000;6275,83000
 799,80; 6654,500;  551,630;  546,000;6102,87000
 800,09; 6491,000;  497,890;  506,000;5993,11000
 800,37; 6453,000;  575,190;  565,000;5877,81000
 800,65; 6265,000;  503,180;  505,000;5761,82000
 800,94; 6297,500;  577,630;  563,000;5719,87000
 801,22; 6104,000;  484,970;  479,000;5619,03000
 801,50; 6113,500;  576,160;  595,000;5537,34000
 801,78; 5928,000;  490,810;  526,000;5437,19000
 802,07; 5895,500;  597,310;  592,000;5298,19000
 802,35; 5610,500;  495,460;  499,000;5115,04000
 802,63; 5615,000;  572,370;  553,000;5042,63000
 802,91; 5513,500;  504,710;  503,000;5008,79000
 803,20; 5546,000;  572,890;  539,000;4973,11000
 803,48; 5319,500;  496,520;  488,000;4822,98000
 803,76; 5399,000;  616,350;  613,000;4782,65000
 804,04; 5089,500;  511,200;  492,000;4578,30000
 804,33; 5156,500;  601,340;  627,000;4555,16000
 804,61; 4928,000;  535,970;  507,000;4392,03000
 804,89; 4744,500;  594,170;  602,000;4150,33000
 805,17; 4671,500;  531,240;  502,000;4140,26000
 805,46; 4619,500;  588,960;  568,000;4030,54000
 805,74; 4431,000;  505,250;  497,000;3925,75000
 806,02; 4320,500;  561,790;  551,000;3758,71000
 806,30; 4258,000;  492,770;  483,000;3765,23000
 806,59; 4311,500;  601,160;  589,000;3710,34000
 806,87; 4041,500;  510,570;  504,000;3530,93000
 807,15; 4008,500;  594,540;  598,000;3413,96000
 807,43; 3854,000;  502,100;  497,000;3351,90000
 807,72; 3826,500;  593,380;  589,000;3233,12000
 808,00; 3521,500;  524,680;  526,000;2996,82000
 808,28; 3589,500;  580,940;  572,000;3008,56000
 808,56; 3423,000;  521,820;  507,000;2901,18000
 808,85; 3312,000;  591,240;  608,000;2720,76000
 809,13; 3170,000;  505,600;  472,000;2664,40000
 809,41; 3152,500;  579,050;  575,000;2573,45000
 809,69; 2968,500;  484,450;  490,000;2484,05000
 809,97; 2984,500;  583,480;  557,000;2401,02000
 810,26; 2821,500;  492,530;  488,000;2328,97000
 810,54; 2830,000;  561,320;  568,000;2268,68000
 810,82; 2712,000;  491,840;  485,000;2220,16000
 811,10; 2649,000;  553,290;  565,000;2095,71000
 811,39; 2547,000;  495,820;  498,000;2051,18000
 811,67; 2594,500;  568,310;  568,000;2026,19000
 811,95; 2431,500;  492,480;  472,000;1939,02000
 812,23; 2422,000;  555,010;  586,000;1866,99000
 812,51; 2264,500;  504,990;  488,000;1759,51000
 812,80; 2308,500;  554,550;  511,000;1753,95000
 813,08; 2141,000;  477,880;  444,000;1663,12000
 813,36; 2181,500;  543,970;  542,000;1637,53000
 813,64; 2085,500;  480,500;  467,000;1605,00000
 813,93; 2111,000;  576,910;  574,000;1534,09000
 814,21; 2026,000;  492,660;  487,000;1533,34000
 814,49; 1989,500;  551,820;  582,000;1437,68000
 814,77; 1867,500;  499,860;  477,000;1367,64000
 815,05; 1934,500;  546,680;  541,000;1387,82000
 815,34; 1757,500;  490,960;  483,000;1266,54000
 815,62; 1803,500;  562,310;  575,000;1241,19000
 815,90; 1657,500;  460,490;  449,000;1197,01000
 816,18; 1676,500;  551,080;  538,000;1125,42000
 816,46; 1542,000;  493,060;  496,000;1048,94000
 816,75; 1559,500;  572,930;  593,000;986,57000
 817,03; 1432,500;  500,680;  491,000;931,82000
 817,31; 1468,500;  581,180;  578,000;887,32000
 817,59; 1312,000;  516,260;  513,000;795,74000
 817,87; 1320,500;  581,290;  590,000;739,21000
 818,16; 1198,500;  505,030;  502,000;693,47000
 818,44; 1254,000;  571,270;  559,000;682,73000
 818,72; 1111,000;  472,800;  443,000;638,20000
 819,00; 1212,000;  581,690;  580,000;630,31000
 819,28; 1064,000;  484,690;  473,000;579,31000
 819,57; 1101,000;  556,000;  573,000;545,00000
 819,85; 1018,000;  493,790;  503,000;524,21000
 820,13; 1097,000;  572,730;  573,000;524,27000
 820,41; 1030,500;  515,270;  506,000;515,23000
 820,69; 1092,000;  569,000;  594,000;523,00000
 820,98; 1006,500;  499,570;  484,000;506,93000
 821,26; 1083,500;  591,300;  581,000;492,20000
 821,54;  915,000;  471,820;  494,000;443,18000
 821,82;  962,000;  592,610;  601,000;369,39000
 822,10;  908,000;  532,430;  527,000;375,57000
 822,39;  947,000;  591,640;  618,000;355,36000
 822,67;  886,500;  527,610;  516,000;358,89000
 822,95;  939,000;  572,780;  563,000;366,22000
 823,23;  805,000;  473,640;  446,000;331,36000
 823,51;  895,500;  560,700;  541,000;334,80000
 823,79;  791,500;  451,450;  439,000;340,05000
 824,08;  865,000;  567,270;  538,000;297,73000
 824,36;  782,000;  494,350;  519,000;287,65000
 824,64;  839,000;  580,470;  589,000;258,53000
 824,92;  746,500;  512,390;  518,000;234,11000
 825,20;  801,500;  565,660;  561,000;235,84000
 825,48;  757,000;  509,840;  545,000;247,16000
 825,77;  773,000;  569,560;  565,000;203,44000
 826,05;  689,000;  479,980;  428,000;209,02000
 826,33;  778,000;  568,560;  559,000;209,44000
 826,61;  697,500;  505,790;  484,000;191,71000
 826,89;  775,000;  573,090;  578,000;201,91000
 827,17;  678,500;  495,020;  506,000;183,48000
 827,46;  712,000;  555,850;  540,000;156,15000
 827,74;  672,000;  512,160;  495,000;159,84000
 828,02;  716,500;  580,120;  594,000;136,38000
 828,30;  634,500;  511,610;  493,000;122,89000
 828,58;  729,000;  590,360;  579,000;138,64000
 828,86;  608,500;  472,060;  482,000;136,44000
 829,15;  722,000;  594,790;  619,000;127,21000
 829,43;  649,000;  537,200;  495,000;111,80000
 829,71;  680,000;  576,090;  578,000;103,91000
 829,99;  619,500;  501,730;  535,000;117,77000
 830,27;  669,000;  577,630;  563,000;91,37000
 830,55;  629,500;  494,790;  469,000;134,71000
 830,83;  671,500;  566,840;  565,000;104,66000
 831,12;  550,500;  493,200;  467,000;57,30000
 831,40;  671,500;  576,330;  561,000;95,17000
 831,68;  565,000;  492,010;  495,000;72,99000
 831,96;  685,500;  598,550;  600,000;86,95000
 832,24;  595,500;  514,960;  546,000;80,54000
 832,52;  636,000;  568,260;  589,000;67,74000
 832,80;  578,500;  510,610;  498,000;67,89000
 833,09;  673,000;  593,370;  569,000;79,63000
 833,37;  588,500;  500,460;  482,000;88,04000
 833,65;  684,500;  593,680;  595,000;90,82000
 833,93;  630,000;  522,710;  530,000;107,29000
 834,21;  660,000;  578,220;  563,000;81,78000
 834,49;  623,500;  528,200;  514,000;95,30000
 834,77;  660,000;  576,000;  583,000;84,00000
 835,06;  569,000;  504,360;  499,000;64,64000
 835,34;  653,500;  593,920;  573,000;59,58000
 835,62;  535,000;  485,080;  475,000;49,92000
 835,90;  677,500;  574,570;  551,000;102,93000
 836,18;  596,500;  529,520;  507,000;66,98000
 836,46;  657,000;  605,970;  591,000;51,03000
 836,74;  554,500;  491,560;  500,000;62,94000
 837,02;  657,000;  597,530;  589,000;59,47000
 837,31;  570,500;  521,310;  523,000;49,19000
 837,59;  602,000;  563,160;  567,000;38,84000
 837,87;  549,500;  491,330;  477,000;58,17000
 838,15;  665,000;  586,210;  592,000;78,79000
 838,43;  586,000;  513,650;  552,000;72,35000
 838,71;  648,000;  591,610;  605,000;56,39000
 838,99;  541,000;  505,840;  517,000;35,16000
 839,27;  612,500;  575,290;  568,000;37,21000
 839,56;  572,500;  523,860;  476,000;48,64000
 839,84;  608,000;  547,630;  566,000;60,37000
 840,12;  590,000;  514,760;  508,000;75,24000
 840,40;  644,500;  585,960;  574,000;58,54000
 840,68;  569,000;  512,540;  482,000;56,46000
 840,96;  625,000;  583,870;  566,000;41,13000
 841,24;  528,000;  499,960;  503,000;28,04000
 841,52;  645,000;  580,840;  568,000;64,16000
 841,80;  522,000;  489,340;  487,000;32,66000
 842,09;  699,500;  636,710;  599,000;62,79000
 842,37;  569,000;  514,220;  517,000;54,78000
 842,65;  619,000;  579,690;  563,000;39,31000
 842,93;  562,000;  516,170;  520,000;45,83000
 843,21;  626,500;  566,310;  585,000;60,19000
 843,49;  535,500;  481,800;  479,000;53,70000
 843,77;  640,500;  584,240;  576,000;56,26000
 844,05;  573,500;  526,600;  519,000;46,90000
 844,33;  639,500;  595,700;  596,000;43,80000
 844,61;  541,000;  527,050;  512,000;13,95000
 844,89;  621,500;  579,780;  595,000;41,72000
 845,18;  553,000;  504,030;  498,000;48,97000
 845,46;  670,500;  595,520;  619,000;74,98000
 845,74;  564,500;  499,310;  518,000;65,19000
 846,02;  648,000;  586,030;  580,000;61,97000
 846,30;  566,500;  508,850;  479,000;57,65000
 846,58;  637,000;  585,260;  553,000;51,74000
 846,86;  562,000;  523,910;  527,000;38,09000
 847,14;  668,000;  598,470;  589,000;69,53000
 847,42;  544,500;  521,940;  542,000;22,56000
 847,70;  613,000;  578,260;  565,000;34,74000
 847,98;  568,000;  527,250;  502,000;40,75000
 848,27;  659,500;  603,010;  607,000;56,49000
 848,55;  543,000;  498,960;  478,000;44,04000
 848,83;  668,000;  623,030;  623,000;44,97000
 849,11;  550,500;  511,360;  516,000;39,14000
 849,39;  627,500;  589,790;  579,000;37,71000
 849,67;  554,500;  524,110;  539,000;30,39000
 849,95;  607,500;  564,610;  551,000;42,89000
 850,23;  600,000;  538,310;  549,000;61,69000
 850,51;  643,000;  584,560;  592,000;58,44000
 850,79;  532,500;  472,330;  467,000;60,17000
 851,07;  648,000;  612,760;  595,000;35,24000
 851,35;  567,500;  523,970;  505,000;43,53000
 851,63;  628,500;  599,690;  580,000;28,81000
 851,91;  593,000;  540,710;  526,000;52,29000
 852,20;  620,000;  589,340;  577,000;30,66000
 852,48;  555,000;  526,170;  527,000;28,83000
 852,76;  618,500;  594,530;  628,000;23,97000
 853,04;  543,000;  525,820;  512,000;17,18000
 853,32;  600,500;  578,400;  593,000;22,10000
 853,60;  554,500;  519,260;  484,000;35,24000
 853,88;  596,000;  583,830;  569,000;12,17000
 854,16;  559,000;  520,520;  508,000;38,48000
 854,44;  647,000;  604,510;  614,000;42,49000
 854,72;  591,000;  550,080;  556,000;40,92000
 855,00;  613,000;  597,680;  578,000;15,32000
 855,28;  591,000;  543,610;  556,000;47,39000
 855,56;  610,500;  572,330;  582,000;38,17000
 855,84;  514,500;  477,760;  475,000;36,74000
 856,12;  669,000;  629,950;  632,000;39,05000
 856,40;  556,500;  528,120;  521,000;28,38000
 856,68;  642,500;  611,230;  596,000;31,27000
 856,96;  568,000;  526,580;  535,000;41,42000
 857,24;  603,000;  560,930;  585,000;42,07000
 857,53;  543,500;  523,830;  514,000;19,67000
 857,81;  602,000;  580,300;  580,000;21,70000
 858,09;  510,000;  505,830;  522,000; 4,17000
 858,37;  620,500;  612,430;  599,000; 8,07000
 858,65;  598,500;  569,420;  568,000;29,08000
 858,93;  625,500;  590,860;  577,000;34,64000
 859,21;  536,000;  504,700;  482,000;31,30000
 859,49;  606,500;  583,910;  573,000;22,59000
 859,77;  527,000;  506,790;  543,000;20,21000
 860,05;  606,000;  578,690;  566,000;27,31000
 860,33;  505,500;  484,160;  510,000;21,34000
 860,61;  625,500;  598,410;  593,000;27,09000
 860,89;  550,000;  531,550;  514,000;18,45000
 861,17;  625,000;  618,980;  633,000; 6,02000
 861,45;  559,000;  527,920;  541,000;31,08000
 861,73;  634,500;  617,910;  613,000;16,59000
 862,01;  547,500;  531,360;  558,000;16,14000
 862,29;  629,000;  605,140;  591,000;23,86000
 862,57;  544,000;  505,670;  516,000;38,33000
 862,85;  608,000;  584,930;  580,000;23,07000
 863,13;  516,000;  513,210;  512,000; 2,79000
 863,41;  635,500;  637,250;  631,000;-1,75000
 863,69;  565,000;  532,520;  537,000;32,48000
 863,97;  575,000;  605,440;  612,000;-30,44000
 864,25;  522,000;  518,800;  492,000; 3,20000
 864,53;  606,000;  590,860;  578,000;15,14000
 864,81;  496,500;  504,500;  487,000;-8,00000
 865,09;  650,500;  624,210;  616,000;26,29000
 865,37;  523,500;  497,390;  490,000;26,11000
 865,65;  642,000;  625,690;  598,000;16,31000
 865,93;  561,500;  531,290;  517,000;30,21000
 866,21;  611,000;  580,530;  567,000;30,47000
 866,49;  529,000;  515,490;  516,000;13,51000
 866,77;  609,500;  611,980;  617,000;-2,48000
 867,05;  559,000;  525,100;  535,000;33,90000
 867,33;  567,500;  574,560;  568,000;-7,06000
 867,61;  503,500;  515,030;  507,000;-11,53000
 867,89;  594,500;  595,620;  596,000;-1,12000
 868,17;  513,500;  512,400;  504,000; 1,10000
 868,45;  633,000;  600,000;  617,000;33,00000
 868,73;  552,500;  531,000;  566,000;21,50000
 869,01;  595,500;  566,970;  569,000;28,53000
 869,29;  508,000;  510,390;  540,000;-2,39000
 869,57;  611,500;  582,800;  572,000;28,70000
 869,85;  530,000;  510,130;  494,000;19,87000
 870,13;  616,000;  598,610;  587,000;17,39000
 870,41;  549,500;  527,890;  508,000;21,61000
 870,69;  606,000;  608,520;  568,000;-2,52000
 870,97;  573,500;  543,820;  552,000;29,68000
 871,25;  632,500;  614,430;  635,000;18,07000
 871,53;  490,500;  496,990;  511,000;-6,49000
 871,81;  596,500;  592,070;  578,000; 4,43000
 872,09;  488,000;  499,680;  486,000;-11,68000
 872,37;  606,500;  582,320;  578,000;24,18000
 872,65;  526,000;  504,720;  505,000;21,28000
 872,93;  577,000;  559,410;  559,000;17,59000
 873,21;  555,000;  532,350;  523,000;22,65000
 873,49;  610,500;  585,610;  587,000;24,89000
 873,77;  511,000;  517,970;  553,000;-6,97000
 874,05;  596,500;  573,340;  588,000;23,16000
 874,33;  526,000;  522,040;  527,000; 3,96000
 874,61;  565,500;  548,690;  525,000;16,81000
 874,89;  501,000;  484,800;  469,000;16,20000
 875,17;  588,000;  572,650;  546,000;15,35000
 875,45;  510,000;  489,770;  486,000;20,23000
 875,73;  576,000;  593,480;  609,000;-17,48000
 876,01;  514,500;  513,780;  516,000; 0,72000
 876,29;  531,000;  537,900;  532,000;-6,90000
 876,57;  513,000;  488,330;  479,000;24,67000
 876,85;  565,000;  568,730;  553,000;-3,73000
 877,13;  466,500;  472,130;  472,000;-5,63000
 877,41;  575,000;  570,360;  572,000; 4,64000
 877,69;  474,500;  473,910;  452,000; 0,59000
 877,97;  562,000;  548,370;  561,000;13,63000
 878,25;  485,500;  469,110;  514,000;16,39000
 878,52;  564,000;  565,010;  542,000;-1,01000
 878,80;  499,500;  486,910;  496,000;12,59000
 879,08;  532,000;  532,710;  534,000;-0,71000
 879,36;  455,500;  461,230;  450,000;-5,73000
 879,64;  573,500;  560,270;  549,000;13,23000
 879,92;  459,000;  467,680;  485,000;-8,68000
 880,20;  537,500;  533,070;  544,000; 4,43000
 880,48;  498,500;  490,230;  487,000; 8,27000
 880,76;  569,500;  570,080;  559,000;-0,58000
 881,04;  470,500;  476,000;  442,000;-5,50000
 881,32;  575,000;  563,410;  562,000;11,59000
 881,60;  463,500;  459,980;  464,000; 3,52000
 881,88;  526,000;  518,600;  519,000; 7,40000
 882,16;  458,500;  469,090;  477,000;-10,59000
 882,44;  564,000;  569,210;  553,000;-5,21000
 882,72;  474,000;  489,190;  477,000;-15,19000
 883,00;  579,500;  562,230;  534,000;17,27000
 883,28;  523,500;  499,590;  463,000;23,91000
 883,56;  589,000;  565,410;  532,000;23,59000
 883,83;  487,500;  491,840;  490,000;-4,34000
 884,11;  539,500;  551,760;  538,000;-12,26000
 884,39;  454,500;  483,190;  473,000;-28,69000
 884,67;  576,500;  566,260;  545,000;10,24000
 884,95;  446,500;  451,620;  450,000;-5,12000
 885,23;  572,500;  560,940;  563,000;11,56000
 885,51;  493,500;  481,000;  479,000;12,50000
 885,79;  566,000;  551,880;  558,000;14,12000
 886,07;  478,000;  473,610;  452,000; 4,39000
 886,35;  563,000;  551,580;  549,000;11,42000
 886,63;  469,000;  473,280;  445,000;-4,28000
 886,91;  525,500;  544,660;  525,000;-19,16000
 887,19;  465,000;  469,790;  453,000;-4,79000
 887,46;  592,500;  588,000;  558,000; 4,50000
 887,74;  470,000;  481,300;  476,000;-11,30000
 888,02;  571,500;  563,720;  558,000; 7,78000
 888,30;  486,500;  484,340;  460,000; 2,16000
 888,58;  554,500;  542,670;  510,000;11,83000
 888,86;  513,000;  485,310;  481,000;27,69000
 889,14;  532,000;  530,360;  540,000; 1,64000
 889,42;  518,500;  494,900;  517,000;23,60000
 889,70;  562,000;  556,360;  550,000; 5,64000
 889,98;  452,000;  439,890;  431,000;12,11000
 890,26;  522,000;  544,910;  554,000;-22,91000
 890,54;  479,500;  467,600;  426,000;11,90000
 890,81;  534,000;  533,300;  572,000; 0,70000
 891,09;  504,000;  481,640;  527,000;22,36000
 891,37;  562,000;  557,590;  557,000; 4,41000
 891,65;  461,000;  463,620;  493,000;-2,62000
 891,93;  512,500;  528,960;  515,000;-16,46000
 892,21;  459,500;  463,570;  448,000;-4,07000
 892,49;  565,500;  550,940;  549,000;14,56000
 892,77;  438,000;  449,740;  424,000;-11,74000
 893,05;  548,500;  553,670;  538,000;-5,17000
 893,33;  461,000;  477,190;  471,000;-16,19000
 893,60;  537,500;  536,660;  544,000; 0,84000
 893,88;  443,500;  447,660;  438,000;-4,16000
 894,16;  556,500;  548,910;  524,000; 7,59000
 894,44;  448,000;  453,480;  469,000;-5,48000
 894,72;  582,500;  565,150;  541,000;17,35000
 895,00;  473,500;  475,090;  476,000;-1,59000
 895,28;  539,500;  544,520;  539,000;-5,02000
 895,56;  468,000;  484,810;  468,000;-16,81000
 895,84;  560,000;  554,330;  560,000; 5,67000
 896,11;  487,000;  461,810;  476,000;25,19000
 896,39;  596,500;  579,350;  564,000;17,15000
 896,67;  475,500;  467,560;  451,000; 7,94000
 896,95;  587,000;  578,170;  584,000; 8,83000
 897,23;  469,000;  471,530;  454,000;-2,53000
 897,51;  567,500;  574,550;  560,000;-7,05000
 897,79;  502,000;  501,660;  466,000; 0,34000
 898,07;  531,500;  545,460;  535,000;-13,96000
 898,34;  505,500;  493,460;  470,000;12,04000
 898,62;  590,500;  564,620;  539,000;25,88000
 898,90;  465,500;  466,920;  440,000;-1,42000
 899,18;  521,000;  539,940;  537,000;-18,94000
 899,46;  500,500;  477,230;  473,000;23,27000
 899,74;  580,500;  563,040;  527,000;17,46000
 900,02;  497,000;  492,150;  499,000; 4,85000
 900,30;  543,500;  536,860;  536,000; 6,64000
 900,57;  481,500;  486,420;  482,000;-4,92000
 900,85;  575,000;  570,090;  584,000; 4,91000
 901,13;  455,000;  480,000;  491,000;-25,00000
 901,41;  549,500;  542,520;  533,000; 6,98000
 901,69;  460,500;  469,500;  478,000;-9,00000
 901,97;  555,500;  569,440;  551,000;-13,94000
 902,25;  470,500;  488,570;  492,000;-18,07000
 902,52;  548,500;  546,520;  555,000; 1,98000
 902,80;  501,500;  487,890;  452,000;13,61000
 903,08;  573,000;  575,140;  567,000;-2,14000
 903,36;  533,500;  524,680;  509,000; 8,82000
 903,64;  555,000;  557,610;  528,000;-2,61000
 903,92;  482,000;  482,930;  465,000;-0,93000
 904,20;  562,500;  565,290;  534,000;-2,79000
 904,47;  467,000;  473,910;  481,000;-6,91000
 904,75;  556,500;  564,100;  550,000;-7,60000
 905,03;  493,000;  508,280;  488,000;-15,28000
 905,31;  606,500;  602,640;  604,000; 3,86000
 905,59;  525,000;  522,830;  485,000; 2,17000
 905,87;  566,000;  567,560;  524,000;-1,56000
 906,15;  487,000;  474,790;  457,000;12,21000
 906,42;  583,000;  573,430;  594,000; 9,57000
 906,70;  453,000;  463,180;  474,000;-10,18000
 906,98;  557,000;  572,120;  552,000;-15,12000
 907,26;  468,500;  488,540;  464,000;-20,04000
 907,54;  559,000;  556,700;  548,000; 2,30000
 907,82;  509,500;  507,530;  485,000; 1,97000
 908,09;  592,500;  578,900;  563,000;13,60000
 908,37;  508,000;  498,870;  486,000; 9,13000
 908,65;  554,000;  544,000;  522,000;10,00000
 908,93;  485,000;  479,270;  468,000; 5,73000
 909,21;  538,500;  536,950;  524,000; 1,55000
 909,49;  500,000;  515,340;  533,000;-15,34000
 909,76;  545,500;  558,680;  551,000;-13,18000
 910,04;  516,000;  516,130;  509,000;-0,13000
 910,32;  561,000;  555,410;  556,000; 5,59000
 910,60;  489,000;  481,260;  466,000; 7,74000
 910,88;  543,500;  566,750;  564,000;-23,25000
 911,15;  486,500;  491,350;  489,000;-4,85000
 911,43;  566,500;  573,930;  562,000;-7,43000
 911,71;  492,500;  483,810;  444,000; 8,69000
 911,99;  602,000;  607,720;  599,000;-5,72000
 912,27;  498,500;  506,290;  478,000;-7,79000
 912,55;  571,000;  558,400;  544,000;12,60000
 912,82;  522,000;  515,060;  537,000; 6,94000
 913,10;  581,000;  559,030;  586,000;21,97000
 913,38;  483,500;  486,410;  505,000;-2,91000
 913,66;  569,000;  560,100;  585,000; 8,90000
 913,94;  509,500;  490,970;  490,000;18,53000
 914,21;  600,000;  593,240;  580,000; 6,76000
 914,49;  460,000;  483,590;  497,000;-23,59000
 914,77;  605,500;  586,510;  580,000;18,99000
 915,05;  500,500;  512,510;  500,000;-12,01000
 915,33;  573,500;  576,680;  617,000;-3,18000
 915,60;  511,000;  504,640;  484,000; 6,36000
 915,88;  579,500;  566,810;  576,000;12,69000
 916,16;  459,500;  471,840;  498,000;-12,34000
 916,44;  590,000;  581,630;  574,000; 8,37000
 916,72;  481,500;  478,980;  470,000; 2,52000
 916,99;  612,500;  595,040;  570,000;17,46000
 917,27;  515,500;  517,800;  494,000;-2,30000
 917,55;  570,500;  563,710;  579,000; 6,79000
 917,83;  498,000;  501,900;  495,000;-3,90000
 918,11;  583,500;  566,790;  573,000;16,71000
 918,38;  515,000;  510,340;  527,000; 4,66000
 918,66;  605,500;  592,930;  579,000;12,57000
 918,94;  455,000;  480,620;  493,000;-25,62000
 919,22;  604,500;  599,880;  607,000; 4,62000
 919,50;  530,500;  512,790;  514,000;17,71000
 919,77;  574,000;  569,780;  571,000; 4,22000
 920,05;  493,500;  508,240;  495,000;-14,74000
 920,33;  583,500;  578,370;  594,000; 5,13000
 920,61;  484,000;  505,490;  499,000;-21,49000
 920,88;  578,000;  577,280;  557,000; 0,72000
 921,16;  514,500;  516,250;  511,000;-1,75000
 921,44;  570,500;  575,350;  591,000;-4,85000
 921,72;  498,500;  491,690;  467,000; 6,81000
 922,00;  599,000;  597,920;  611,000; 1,08000
 922,27;  479,000;  477,640;  468,000; 1,36000
 922,55;  538,000;  530,810;  525,000; 7,19000
 922,83;  449,000;  473,590;  465,000;-24,59000
 923,11;  555,000;  576,520;  583,000;-21,52000
 923,38;  479,500;  485,870;  467,000;-6,37000
 923,66;  572,000;  575,810;  550,000;-3,81000
 923,94;  517,500;  492,720;  490,000;24,78000
 924,22;  558,000;  560,510;  584,000;-2,51000
 924,50;  472,500;  471,470;  487,000; 1,03000
 924,77;  536,500;  546,310;  539,000;-9,81000
 925,05;  490,500;  496,990;  503,000;-6,49000
 925,33;  536,500;  536,840;  499,000;-0,34000
 925,61;  456,000;  465,760;  454,000;-9,76000
 925,88;  548,000;  558,040;  545,000;-10,04000
 926,16;  475,000;  474,760;  471,000; 0,24000
 926,44;  534,000;  547,920;  535,000;-13,92000
 926,72;  505,000;  499,030;  511,000; 5,97000
 926,99;  533,500;  547,480;  561,000;-13,98000
 927,27;  500,000;  486,080;  494,000;13,92000
 927,55;  578,500;  570,560;  563,000; 7,94000
 927,83;  456,500;  460,450;  461,000;-3,95000
 928,10;  513,500;  513,070;  507,000; 0,43000
 928,38;  492,500;  471,510;  472,000;20,99000
 928,66;  555,500;  544,340;  557,000;11,16000
 928,94;  461,000;  470,090;  473,000;-9,09000
 929,21;  565,000;  569,120;  572,000;-4,12000
 929,49;  500,500;  487,100;  493,000;13,40000
 929,77;  514,000;  532,320;  508,000;-18,32000
 930,05;  454,500;  447,340;  458,000; 7,16000
 930,32;  537,500;  533,200;  528,000; 4,30000
 930,60;  449,500;  440,660;  410,000; 8,84000
 930,88;  537,000;  531,910;  534,000; 5,09000
 931,16;  490,500;  475,840;  440,000;14,66000
 931,43;  579,000;  571,450;  567,000; 7,55000
 931,71;  471,500;  463,370;  438,000; 8,13000
 931,99;  576,500;  543,330;  549,000;33,17000
 932,26;  481,500;  466,640;  455,000;14,86000
 932,54;  499,000;  515,400;  502,000;-16,40000
 932,82;  490,000;  485,790;  493,000; 4,21000
 933,10;  554,500;  541,420;  517,000;13,08000
 933,37;  463,000;  468,680;  458,000;-5,68000
 933,65;  541,500;  536,710;  567,000; 4,79000
 933,93;  518,000;  490,450;  499,000;27,55000
 934,21;  530,500;  534,530;  530,000;-4,03000
 934,48;  476,000;  464,370;  456,000;11,63000
 934,76;  519,000;  522,490;  531,000;-3,49000
 935,04;  416,500;  443,160;  461,000;-26,66000
 935,31;  537,500;  537,210;  559,000; 0,29000
 935,59;  443,000;  440,580;  447,000; 2,42000
 935,87;  552,000;  535,610;  522,000;16,39000
 936,15;  457,500;  472,880;  449,000;-15,38000
 936,42;  503,000;  508,100;  514,000;-5,10000
 936,70;  434,500;  431,060;  433,000; 3,44000
 936,98;  517,500;  526,510;  555,000;-9,01000
 937,25;  439,000;  429,760;  447,000; 9,24000
 937,53;  537,500;  529,950;  510,000; 7,55000
 937,81;  454,500;  456,860;  451,000;-2,36000
 938,09;  503,000;  518,850;  550,000;-15,85000
 938,36;  471,500;  462,410;  459,000; 9,09000
 938,64;  529,500;  528,090;  519,000; 1,41000
 938,92;  463,500;  467,160;  463,000;-3,66000
 939,19;  524,000;  517,780;  493,000; 6,22000
 939,47;  465,000;  467,860;  475,000;-2,86000
 939,75;  530,500;  529,460;  545,000; 1,04000
 940,02;  481,500;  484,350;  461,000;-2,85000
 940,30;  530,500;  530,330;  507,000; 0,17000
 940,58;  447,500;  448,400;  436,000;-0,90000
 940,86;  540,000;  547,300;  507,000;-7,30000
 941,13;  436,000;  443,410;  448,000;-7,41000
 941,41;  517,500;  516,400;  520,000; 1,10000
 941,69;  485,000;  484,610;  447,000; 0,39000
 941,96;  536,500;  535,590;  544,000; 0,91000
 942,24;  467,000;  470,770;  469,000;-3,77000
 942,52;  507,000;  527,800;  538,000;-20,80000
 942,79;  448,500;  442,190;  440,000; 6,31000
 943,07;  513,000;  531,170;  537,000;-18,17000
 943,35;  475,000;  450,880;  450,000;24,12000
 943,62;  538,000;  527,990;  504,000;10,01000
 943,90;  454,000;  454,250;  435,000;-0,25000
 944,18;  507,000;  507,690;  506,000;-0,69000
 944,45;  454,000;  449,980;  430,000; 4,02000
 944,73;  543,000;  529,910;  547,000;13,09000
 945,01;  461,500;  457,170;  414,000; 4,33000
 945,28;  534,500;  522,450;  533,000;12,05000
 945,56;  467,500;  458,730;  467,000; 8,77000
 945,84;  554,000;  562,940;  549,000;-8,94000
 946,11;  432,500;  444,450;  447,000;-11,95000
 946,39;  580,500;  567,170;  587,000;13,33000
 946,67;  489,000;  477,680;  486,000;11,32000
 946,95;  533,500;  534,150;  505,000;-0,65000
 947,22;  466,500;  464,320;  464,000; 2,18000
 947,50;  540,000;  553,900;  539,000;-13,90000
 947,77;  422,000;  435,490;  443,000;-13,49000
 948,05;  560,500;  571,200;  551,000;-10,70000
 948,33;  467,500;  480,210;  438,000;-12,71000
 948,60;  569,000;  560,670;  550,000; 8,33000
 948,88;  481,000;  463,280;  455,000;17,72000
 949,16;  561,000;  554,900;  535,000; 6,10000
 949,43;  445,000;  449,300;  439,000;-4,30000
 949,71;  557,500;  540,520;  531,000;16,98000
 949,99;  492,000;  488,000;  493,000; 4,00000
 950,26;  525,000;  544,090;  515,000;-19,09000
 950,54;  475,000;  469,210;  477,000; 5,79000
 950,82;  532,000;  548,240;  531,000;-16,24000
 951,09;  468,500;  467,440;  443,000; 1,06000
 951,37;  542,500;  524,330;  528,000;18,17000
 951,65;  478,500;  469,980;  435,000; 8,52000
 951,92;  518,500;  542,230;  524,000;-23,73000
 952,20;  419,000;  428,780;  437,000;-9,78000
 952,48;  539,000;  550,740;  551,000;-11,74000
 952,75;  474,000;  472,540;  456,000; 1,46000
 953,03;  547,000;  548,540;  577,000;-1,54000
 953,31;  468,000;  477,550;  484,000;-9,55000
 953,58;  528,000;  530,100;  506,000;-2,10000
 953,86;  459,500;  481,880;  461,000;-22,38000
 954,13;  529,000;  528,540;  540,000; 0,46000
 954,41;  407,500;  452,610;  398,000;-45,11000
 954,69;  574,000;  565,180;  570,000; 8,82000
 954,96;  446,500;  464,580;  455,000;-18,08000
 955,24;  531,500;  533,870;  546,000;-2,37000
 955,52;  469,000;  472,630;  450,000;-3,63000
 955,79;  527,500;  549,200;  543,000;-21,70000
 956,07;  490,000;  484,700;  477,000; 5,30000
 956,34;  549,000;  531,730;  527,000;17,27000
 956,62;  484,500;  481,530;  485,000; 2,97000
 956,90;  555,000;  546,400;  569,000; 8,60000
 957,17;  469,500;  488,870;  499,000;-19,37000
 957,45;  545,500;  534,080;  538,000;11,42000
 957,73;  442,500;  449,060;  419,000;-6,56000
 958,00;  532,000;  535,290;  512,000;-3,29000
 958,28;  448,500;  466,130;  462,000;-17,63000
 958,55;  523,500;  508,440;  491,000;15,06000
 958,83;  458,500;  472,210;  447,000;-13,71000
 959,11;  535,000;  535,220;  527,000;-0,22000
 959,38;  454,000;  439,790;  412,000;14,21000
 959,66;  533,000;  534,400;  533,000;-1,40000
 959,94;  486,500;  478,920;  455,000; 7,58000
 960,21;  550,000;  553,990;  515,000;-3,99000
 960,49;  456,500;  476,270;  471,000;-19,77000
 960,76;  523,500;  542,000;  540,000;-18,50000
 961,04;  436,500;  446,200;  448,000;-9,70000
 961,32;  506,000;  506,460;  515,000;-0,46000
 961,59;  444,000;  446,190;  455,000;-2,19000
 961,87;  523,000;  542,800;  511,000;-19,80000
 962,14;  466,500;  466,450;  424,000; 0,05000
 962,42;  581,000;  569,600;  546,000;11,40000
 962,70;  483,000;  480,270;  485,000; 2,73000
 962,97;  512,000;  522,500;  531,000;-10,50000
 963,25;  468,500;  466,700;  443,000; 1,80000
 963,52;  527,000;  512,370;  508,000;14,63000
 963,80;  423,500;  441,460;  445,000;-17,96000
 964,08;  525,500;  527,620;  520,000;-2,12000
 964,35;  445,000;  458,450;  459,000;-13,45000
 964,63;  538,000;  539,820;  551,000;-1,82000
 964,90;  436,500;  452,820;  472,000;-16,32000
 965,18;  531,500;  537,110;  526,000;-5,61000
 965,45;  446,500;  462,530;  464,000;-16,03000
 965,73;  531,500;  519,030;  557,000;12,47000
 966,01;  427,500;  439,700;  467,000;-12,20000
 966,28;  505,000;  503,340;  484,000; 1,66000
 966,56;  423,500;  418,070;  409,000; 5,43000
 966,83;  528,000;  535,380;  544,000;-7,38000
 967,11;  458,500;  451,910;  448,000; 6,59000
 967,39;  486,500;  504,050;  491,000;-17,55000
 967,66;  449,500;  447,090;  436,000; 2,41000
 967,94;  507,500;  494,780;  484,000;12,72000
 968,21;  442,500;  428,030;  440,000;14,47000
 968,49;  476,000;  483,890;  482,000;-7,89000
 968,76;  435,000;  437,130;  441,000;-2,13000
 969,04;  546,500;  536,950;  524,000; 9,55000
 969,32;  417,500;  435,900;  450,000;-18,40000
 969,59;  525,000;  535,780;  518,000;-10,78000
 969,87;  463,500;  479,300;  485,000;-15,80000
 970,14;  514,000;  509,620;  500,000; 4,38000
 970,42;  473,000;  462,840;  428,000;10,16000
 970,69;  474,500;  477,240;  461,000;-2,74000
 970,97;  443,000;  457,520;  475,000;-14,52000
 971,25;  510,500;  503,060;  466,000; 7,44000
 971,52;  437,500;  440,770;  436,000;-3,27000
 971,80;  520,000;  525,570;  542,000;-5,57000
 972,07;  433,000;  450,870;  442,000;-17,87000
 972,35;  517,500;  518,310;  531,000;-0,81000
 972,62;  433,000;  447,660;  463,000;-14,66000
 972,90;  498,500;  499,240;  512,000;-0,74000
 973,17;  481,500;  472,850;  479,000; 8,65000
 973,45;  502,000;  499,720;  513,000; 2,28000
 973,73;  474,500;  477,830;  451,000;-3,33000
 974,00;  516,000;  516,030;  523,000;-0,03000
 974,28;  402,000;  433,880;  428,000;-31,88000
 974,55;  518,500;  537,480;  533,000;-18,98000
 974,83;  415,500;  426,510;  438,000;-11,01000
 975,10;  475,000;  477,800;  479,000;-2,80000
 975,38;  434,500;  421,650;  395,000;12,85000
 975,65;  475,000;  474,130;  460,000; 0,87000
 975,93;  413,000;  420,670;  410,000;-7,67000
 976,20;  546,500;  534,060;  505,000;12,44000
 976,48;  431,000;  431,620;  401,000;-0,62000
 976,76;  525,000;  531,380;  547,000;-6,38000
 977,03;  402,000;  424,980;  392,000;-22,98000
 977,31;  482,500;  499,100;  453,000;-16,60000
 977,58;  467,000;  468,430;  442,000;-1,43000
 977,86;  474,000;  482,150;  486,000;-8,15000
 978,13;  416,500;  427,150;  407,000;-10,65000
 978,41;  490,000;  492,020;  444,000;-2,02000
 978,68;  444,000;  435,750;  438,000; 8,25000
 978,96;  506,500;  517,150;  525,000;-10,65000
 979,23;  414,000;  432,280;  419,000;-18,28000
 979,51;  546,000;  535,720;  505,000;10,28000
 979,78;  447,000;  448,690;  424,000;-1,69000
 980,06;  490,500;  511,840;  491,000;-21,34000
 980,33;  453,000;  458,280;  434,000;-5,28000
 980,61;  507,000;  505,350;  505,000; 1,65000
 980,88;  416,500;  417,420;  434,000;-0,92000
 981,16;  512,000;  539,900;  528,000;-27,90000
 981,43;  436,000;  436,550;  417,000;-0,55000
 981,71;  523,500;  536,060;  509,000;-12,56000
 981,98;  459,000;  446,770;  434,000;12,23000
 982,26;  525,000;  531,030;  533,000;-6,03000
 982,53;  461,000;  456,790;  442,000; 4,21000
 982,81;  529,000;  510,150;  534,000;18,85000
 983,09;  450,500;  457,640;  454,000;-7,14000
 983,36;  526,500;  518,580;  527,000; 7,92000
 983,64;  407,000;  407,910;  402,000;-0,91000
 983,91;  531,000;  536,650;  549,000;-5,65000
 984,19;  431,000;  444,810;  457,000;-13,81000
 984,46;  506,000;  519,410;  529,000;-13,41000
 984,74;  449,000;  424,100;  391,000;24,90000
 985,01;  530,000;  530,140;  533,000;-0,14000
 985,29;  449,000;  457,300;  444,000;-8,30000
 985,56;  483,000;  498,370;  480,000;-15,37000
 985,84;  444,500;  450,340;  426,000;-5,84000
 986,11;  532,500;  528,820;  539,000; 3,68000
 986,39;  446,000;  444,020;  436,000; 1,98000
 986,66;  525,000;  527,760;  514,000;-2,76000
 986,93;  454,000;  458,000;  454,000;-4,00000
 987,21;  510,000;  510,360;  525,000;-0,36000
 987,48;  502,000;  489,660;  511,000;12,34000
 987,76;  496,000;  509,700;  524,000;-13,70000
 988,03;  448,000;  455,830;  433,000;-7,83000
 988,31;  566,000;  562,280;  555,000; 3,72000
 988,58;  439,500;  439,010;  424,000; 0,49000
 988,86;  509,000;  509,880;  483,000;-0,88000
 989,13;  468,500;  460,150;  452,000; 8,35000
 989,41;  508,500;  528,690;  538,000;-20,19000
 989,68;  419,000;  451,720;  451,000;-32,72000
 989,96;  512,500;  522,250;  520,000;-9,75000
 990,23;  434,500;  448,770;  481,000;-14,27000
 990,51;  514,000;  542,940;  496,000;-28,94000
 990,78;  443,000;  453,450;  473,000;-10,45000
 991,06;  538,000;  534,650;  535,000; 3,35000
 991,33;  464,000;  468,570;  470,000;-4,57000
 991,61;  455,000;  489,950;  460,000;-34,95000
 991,88;  412,500;  442,360;  468,000;-29,86000
 992,16;  506,500;  520,380;  520,000;-13,88000
 992,43;  472,000;  465,510;  431,000; 6,49000
 992,71;  462,500;  492,820;  475,000;-30,32000
 992,98;  440,500;  430,840;  422,000; 9,66000
 993,25;  481,000;  488,540;  466,000;-7,54000
 993,53;  396,000;  415,880;  406,000;-19,88000
 993,80;  539,000;  546,560;  529,000;-7,56000
 994,08;  391,000;  417,550;  379,000;-26,55000
 994,35;  499,000;  507,000;  503,000;-8,00000
 994,63;  482,500;  470,630;  451,000;11,87000
 994,90;  536,000;  534,190;  533,000; 1,81000
 995,18;  418,500;  440,070;  436,000;-21,57000
 995,45;  475,000;  504,720;  469,000;-29,72000
 995,73;  459,000;  431,880;  435,000;27,12000
 996,00;  507,000;  503,320;  507,000; 3,68000
 996,27;  415,000;  440,720;  424,000;-25,72000
 996,55;  516,000;  510,920;  524,000; 5,08000
 996,82;  397,500;  429,920;  438,000;-32,42000
 997,10;  508,500;  516,860;  489,000;-8,36000
 997,37;  349,000;  366,370;  369,000;-17,37000
 997,65;  523,000;  517,480;  478,000; 5,52000
 997,92;  410,500;  420,110;  420,000;-9,61000
 998,20;  511,500;  507,410;  501,000; 4,09000
 998,47;  434,000;  424,820;  428,000; 9,18000
 998,74;  488,000;  475,840;  500,000;12,16000
 999,02;  438,000;  447,300;  433,000;-9,30000
 999,29;  482,000;  507,670;  470,000;-25,67000
 999,57;  424,500;  433,240;  422,000;-8,74000
 999,84;  475,500;  477,460;  440,000;-1,96000
1000,12;  393,000;  412,750;  406,000;-19,75000
1000,39;  540,000;  510,220;  486,000;29,78000
1000,66;  427,500;  430,250;  489,000;-2,75000
1000,94;  510,000;  509,820;  517,000; 0,18000
1001,21;  434,500;  436,850;  412,000;-2,35000
1001,49;  449,500;  482,830;  473,000;-33,33000
1001,76;  392,000;  419,910;  421,000;-27,91000
1002,04;  480,500;  482,790;  476,000;-2,29000
1002,31;  387,000;  410,620;  446,000;-23,62000
1002,58;  524,000;  506,780;  508,000;17,22000
1002,86;  451,500;  437,080;  430,000;14,42000
1003,13;  492,500;  503,180;  458,000;-10,68000
1003,41;  380,000;  412,750;  402,000;-32,75000
1003,68;  493,500;  508,860;  527,000;-15,36000
1003,96;  463,000;  438,610;  442,000;24,39000
1004,23;  485,500;  479,120;  511,000; 6,38000
1004,50;  400,000;  414,060;  413,000;-14,06000
1004,78;  478,500;  504,570;  503,000;-26,07000
1005,05;  423,500;  425,670;  395,000;-2,17000
1005,33;  533,000;  527,370;  541,000; 5,63000
1005,60;  420,500;  415,260;  457,000; 5,24000
1005,87;  475,500;  486,880;  474,000;-11,38000
1006,15;  412,000;  426,160;  415,000;-14,16000
1006,42;  494,500;  490,820;  467,000; 3,68000
1006,70;  396,000;  408,150;  434,000;-12,15000
1006,97;  504,000;  497,250;  472,000; 6,75000
1007,24;  428,500;  434,410;  433,000;-5,91000
1007,52;  513,000;  515,300;  515,000;-2,30000
1007,79;  403,000;  417,310;  391,000;-14,31000
1008,07;  521,000;  510,640;  483,000;10,36000
1008,34;  456,500;  443,570;  464,000;12,93000
1008,61;  497,000;  510,690;  494,000;-13,69000
1008,89;  432,000;  438,990;  425,000;-6,99000
1009,16;  499,500;  501,020;  503,000;-1,52000
1009,44;  409,000;  410,390;  389,000;-1,39000
1009,71;  527,000;  525,500;  518,000; 1,50000
1009,98;  438,500;  443,190;  431,000;-4,69000
1010,26;  526,500;  533,410;  530,000;-6,91000
1010,53;  434,500;  436,480;  413,000;-1,98000
1010,80;  496,500;  505,360;  470,000;-8,86000
1011,08;  478,000;  437,690;  423,000;40,31000
1011,35;  512,000;  515,770;  527,000;-3,77000
1011,63;  436,000;  427,930;  429,000; 8,07000
1011,90;  517,000;  518,170;  514,000;-1,17000
1012,17;  428,000;  437,050;  433,000;-9,05000
1012,45;  517,000;  524,480;  517,000;-7,48000
1012,72;  429,500;  458,350;  451,000;-28,85000
1012,99;  523,000;  512,770;  508,000;10,23000
1013,27;  431,000;  438,050;  441,000;-7,05000
1013,54;  486,000;  486,550;  486,000;-0,55000
1013,82;  420,000;  434,780;  420,000;-14,78000
1014,09;  498,500;  498,990;  517,000;-0,49000
1014,36;  416,500;  426,770;  408,000;-10,27000
1014,64;  513,000;  520,160;  510,000;-7,16000
1014,91;  416,000;  431,850;  405,000;-15,85000
1015,18;  525,000;  526,150;  520,000;-1,15000
1015,46;  457,000;  443,660;  432,000;13,34000
1015,73;  508,000;  495,430;  488,000;12,57000
1016,00;  403,000;  435,250;  427,000;-32,25000
1016,28;  533,500;  538,360;  524,000;-4,86000
1016,55;  432,500;  440,700;  428,000;-8,20000
1016,83;  488,000;  476,330;  474,000;11,67000
1017,10;  426,500;  418,700;  430,000; 7,80000
1017,37;  501,500;  511,650;  477,000;-10,15000
1017,65;  454,500;  437,750;  440,000;16,75000
1017,92;  514,000;  504,040;  470,000; 9,96000
1018,19;  463,000;  458,240;  453,000; 4,76000
1018,47;  514,000;  513,490;  511,000; 0,51000
1018,74;  417,500;  413,820;  402,000; 3,68000
1019,01;  502,000;  512,660;  498,000;-10,66000
1019,29;  429,000;  432,570;  427,000;-3,57000
1019,56;  489,500;  495,880;  490,000;-6,38000
1019,83;  442,000;  440,810;  443,000; 1,19000
1020,11;  482,500;  499,400;  487,000;-16,90000
1020,38;  438,500;  425,520;  429,000;12,98000
1020,65;  512,000;  505,360;  493,000; 6,64000
1020,93;  451,500;  454,960;  419,000;-3,46000
1021,20;  525,500;  494,960;  483,000;30,54000
1021,47;  437,000;  429,380;  389,000; 7,62000
1021,75;  509,000;  510,540;  514,000;-1,54000
1022,02;  385,000;  405,580;  392,000;-20,58000
1022,29;  517,500;  503,140;  491,000;14,36000
1022,57;  443,500;  425,830;  419,000;17,67000
1022,84;  484,000;  496,980;  454,000;-12,98000
1023,11;  446,000;  442,440;  405,000; 3,56000
1023,39;  500,000;  506,190;  498,000;-6,19000
1023,66;  452,500;  440,660;  437,000;11,84000
1023,93;  498,500;  489,140;  467,000; 9,36000
1024,21;  416,500;  426,310;  399,000;-9,81000
1024,48;  534,500;  523,760;  508,000;10,74000
1024,75;  473,500;  453,540;  431,000;19,96000
1025,03;  508,000;  506,920;  508,000; 1,08000
1025,30;  444,000;  460,440;  459,000;-16,44000
1025,57;  518,000;  511,620;  511,000; 6,38000
1025,85;  447,000;  456,270;  378,000;-9,27000
1026,12;  520,500;  511,890;  491,000; 8,61000
1026,39;  398,000;  397,920;  392,000; 0,08000
1026,66;  485,000;  508,570;  521,000;-23,57000
1026,94;  462,000;  448,460;  431,000;13,54000
1027,21;  522,000;  524,080;  513,000;-2,08000
1027,48;  442,000;  444,700;  439,000;-2,70000
1027,76;  529,500;  530,440;  518,000;-0,94000
1028,03;  461,500;  432,040;  392,000;29,46000
1028,30;  501,500;  504,520;  493,000;-3,02000
1028,58;  435,500;  419,630;  438,000;15,87000
1028,85;  528,000;  533,720;  537,000;-5,72000
1029,12;  426,500;  424,600;  425,000; 1,90000
1029,39;  512,500;  514,440;  530,000;-1,94000
1029,67;  443,500;  432,300;  416,000;11,20000
1029,94;  535,500;  513,580;  481,000;21,92000
1030,21;  485,500;  470,440;  466,000;15,06000
1030,49;  537,000;  525,660;  510,000;11,34000
1030,76;  431,000;  431,400;  411,000;-0,40000
1031,03;  518,500;  539,890;  508,000;-21,39000
1031,31;  434,500;  446,740;  424,000;-12,24000
1031,58;  501,500;  522,340;  539,000;-20,84000
1031,85;  430,000;  433,830;  413,000;-3,83000
1032,12;  476,500;  502,570;  491,000;-26,07000
1032,40;  419,000;  447,060;  420,000;-28,06000
1032,67;  517,000;  506,500;  504,000;10,50000
1032,94;  453,500;  436,770;  451,000;16,73000
1033,22;  555,000;  542,780;  530,000;12,22000
1033,49;  418,000;  431,710;  417,000;-13,71000
1033,76;  552,500;  550,880;  498,000; 1,62000
1034,03;  448,500;  458,580;  442,000;-10,08000
1034,31;  523,500;  521,700;  509,000; 1,80000
1034,58;  480,000;  481,450;  471,000;-1,45000
1034,85;  534,500;  543,660;  550,000;-9,16000
1035,12;  442,000;  448,580;  443,000;-6,58000
1035,40;  470,000;  523,850;  503,000;-53,85000
1035,67;  462,500;  438,400;  450,000;24,10000
1035,94;  545,000;  561,480;  599,000;-16,48000
1036,21;  447,000;  440,440;  419,000; 6,56000
1036,49;  551,500;  528,820;  545,000;22,68000
1036,76;  440,500;  446,280;  453,000;-5,78000
1037,03;  483,000;  517,070;  525,000;-34,07000
1037,31;  454,500;  455,060;  449,000;-0,56000
1037,58;  530,500;  513,640;  523,000;16,86000
1037,85;  430,500;  434,820;  414,000;-4,32000
1038,12;  510,000;  497,410;  508,000;12,59000
1038,40;  494,500;  465,160;  412,000;29,34000
1038,67;  516,000;  520,170;  490,000;-4,17000
1038,94;  445,000;  446,440;  443,000;-1,44000
1039,21;  533,000;  533,340;  537,000;-0,34000
1039,49;  428,000;  446,150;  434,000;-18,15000
1039,76;  486,000;  489,570;  478,000;-3,57000
1040,03;  444,500;  456,640;  499,000;-12,14000
1040,30;  474,500;  503,590;  499,000;-29,09000
1040,58;  420,500;  428,910;  414,000;-8,41000
1040,85;  503,000;  512,180;  495,000;-9,18000
1041,12;  450,500;  457,240;  441,000;-6,74000
1041,39;  481,000;  483,060;  467,000;-2,06000
1041,67;  439,000;  449,080;  423,000;-10,08000
1041,94;  498,000;  500,780;  499,000;-2,78000
1042,21;  438,000;  435,450;  455,000; 2,55000
1042,48;  480,000;  488,220;  472,000;-8,22000
1042,75;  431,500;  442,900;  429,000;-11,40000
1043,03;  525,000;  522,690;  501,000; 2,31000
1043,30;  431,000;  413,560;  419,000;17,44000
1043,57;  477,000;  497,360;  505,000;-20,36000
1043,84;  467,500;  467,150;  464,000; 0,35000
1044,12;  492,500;  479,490;  490,000;13,01000
1044,39;  419,000;  432,280;  396,000;-13,28000
1044,66;  515,500;  509,530;  487,000; 5,97000
1044,93;  406,000;  407,490;  424,000;-1,49000
1045,21;  499,500;  502,540;  490,000;-3,04000
1045,48;  397,000;  400,240;  379,000;-3,24000
1045,75;  494,000;  485,490;  470,000; 8,51000
1046,02;  427,500;  418,740;  409,000; 8,76000
1046,29;  476,500;  498,200;  486,000;-21,70000
1046,57;  449,500;  419,540;  423,000;29,96000
1046,84;  492,500;  502,640;  507,000;-10,14000
1047,11;  415,000;  400,450;  409,000;14,55000
1047,38;  493,500;  505,030;  470,000;-11,53000
1047,65;  411,000;  412,320;  391,000;-1,32000
1047,93;  486,500;  490,920;  501,000;-4,42000
1048,20;  406,000;  404,330;  383,000; 1,67000
1048,47;  458,000;  463,520;  444,000;-5,52000
1048,74;  421,500;  422,020;  421,000;-0,52000
1049,01;  488,000;  506,520;  501,000;-18,52000
1049,29;  430,000;  423,060;  432,000; 6,94000
1049,56;  485,500;  478,120;  467,000; 7,38000
1049,83;  407,500;  414,200;  402,000;-6,70000
1050,10;  477,500;  463,690;  430,000;13,81000
1050,37;  377,000;  400,220;  398,000;-23,22000
1050,65;  504,000;  496,360;  484,000; 7,64000
1050,92;  403,500;  407,300;  405,000;-3,80000
1051,19;  461,500;  471,040;  469,000;-9,54000
1051,46;  392,500;  403,090;  407,000;-10,59000
1051,73;  489,000;  464,000;  457,000;25,00000
1052,01;  431,000;  393,280;  372,000;37,72000
1052,28;  473,500;  470,540;  470,000; 2,96000
1052,55;  389,500;  411,450;  430,000;-21,95000
1052,82;  481,000;  491,500;  481,000;-10,50000
1053,09;  384,500;  391,890;  388,000;-7,39000
1053,37;  460,000;  462,590;  466,000;-2,59000
1053,64;  412,500;  430,440;  431,000;-17,94000
1053,91;  466,500;  480,070;  467,000;-13,57000
1054,18;  394,500;  397,300;  394,000;-2,80000
1054,45;  482,000;  471,020;  460,000;10,98000
1054,72;  366,000;  384,540;  379,000;-18,54000
1055,00;  485,000;  493,130;  509,000;-8,13000
1055,27;  427,000;  430,100;  447,000;-3,10000
1055,54;  458,000;  456,700;  421,000; 1,30000
1055,81;  415,500;  440,900;  452,000;-25,40000
1056,08;  467,500;  468,310;  485,000;-0,81000
1056,36;  415,500;  426,040;  418,000;-10,54000
1056,63;  463,500;  474,980;  481,000;-11,48000
1056,90;  336,000;  358,590;  324,000;-22,59000
1057,17;  467,500;  480,700;  472,000;-13,20000
1057,44;  410,500;  398,270;  392,000;12,23000
1057,71;  486,500;  505,200;  503,000;-18,70000
1057,98;  419,500;  417,260;  442,000; 2,24000
1058,26;  441,000;  459,490;  474,000;-18,49000
1058,53;  410,500;  401,010;  412,000; 9,49000
1058,80;  465,000;  486,700;  470,000;-21,70000
1059,07;  423,000;  421,030;  401,000; 1,97000
1059,34;  485,500;  469,560;  443,000;15,94000
1059,61;  439,500;  415,200;  421,000;24,30000
1059,89;  491,000;  484,960;  488,000; 6,04000
1060,16;  436,500;  411,490;  395,000;25,01000
1060,43;  463,500;  469,760;  460,000;-6,26000
1060,70;  451,500;  440,810;  419,000;10,69000
1060,97;  533,500;  504,950;  500,000;28,55000
1061,24;  420,000;  410,140;  392,000; 9,86000
1061,51;  489,000;  513,020;  489,000;-24,02000
1061,79;  402,500;  400,650;  398,000; 1,85000
1062,06;  492,500;  488,830;  501,000; 3,67000
1062,33;  397,500;  419,740;  416,000;-22,24000
1062,60;  465,000;  476,120;  462,000;-11,12000
1062,87;  453,500;  444,800;  462,000; 8,70000
1063,14;  449,000;  473,820;  449,000;-24,82000
1063,41;  408,000;  419,390;  398,000;-11,39000
1063,69;  506,500;  515,570;  504,000;-9,07000
1063,96;  439,000;  439,900;  433,000;-0,90000
1064,23;  519,500;  520,440;  497,000;-0,94000
1064,50;  404,000;  425,130;  412,000;-21,13000
1064,77;  542,500;  540,180;  539,000; 2,32000
1065,04;  439,000;  429,380;  408,000; 9,62000
1065,31;  480,000;  478,290;  484,000; 1,71000
1065,58;  464,500;  448,220;  436,000;16,28000
1065,86;  523,000;  530,350;  514,000;-7,35000
1066,13;  456,000;  432,730;  423,000;23,27000
1066,40;  540,000;  547,080;  546,000;-7,08000
1066,67;  439,500;  438,910;  400,000; 0,59000
1066,94;  542,000;  542,680;  540,000;-0,68000
1067,21;  447,500;  446,100;  443,000; 1,40000
1067,48;  486,500;  508,030;  497,000;-21,53000
1067,75;  460,000;  446,220;  437,000;13,78000
1068,03;  526,500;  517,530;  498,000; 8,97000
1068,30;  446,500;  442,520;  474,000; 3,98000
1068,57;  528,500;  516,550;  535,000;11,95000
1068,84;  418,000;  423,330;  420,000;-5,33000
1069,11;  503,500;  517,120;  490,000;-13,62000
1069,38;  464,000;  447,930;  447,000;16,07000
1069,65;  489,000;  510,010;  513,000;-21,01000
1069,92;  441,000;  453,940;  419,000;-12,94000
1070,19;  508,500;  502,270;  536,000; 6,23000
1070,47;  462,500;  471,620;  443,000;-9,12000
1070,74;  538,500;  534,740;  501,000; 3,76000
1071,01;  439,500;  436,020;  410,000; 3,48000
1071,28;  511,000;  520,880;  503,000;-9,88000
1071,55;  449,000;  443,540;  432,000; 5,46000
1071,82;  529,000;  543,410;  537,000;-14,41000
1072,09;  457,000;  450,760;  436,000; 6,24000
1072,36;  502,500;  505,700;  501,000;-3,20000
1072,63;  476,500;  467,320;  461,000; 9,18000
1072,90;  517,000;  524,050;  524,000;-7,05000
1073,17;  463,500;  453,460;  402,000;10,04000
1073,45;  527,000;  520,780;  518,000; 6,22000
1073,72;  411,000;  432,160;  410,000;-21,16000
1073,99;  545,000;  532,830;  498,000;12,17000
1074,26;  437,000;  469,370;  496,000;-32,37000
1074,53;  521,500;  536,790;  529,000;-15,29000
1074,80;  461,500;  483,280;  469,000;-21,78000
1075,07;  515,000;  501,660;  527,000;13,34000
1075,34;  455,500;  447,140;  463,000; 8,36000
1075,61;  520,000;  522,840;  506,000;-2,84000
1075,88;  417,500;  433,140;  418,000;-15,64000
1076,15;  559,500;  555,800;  568,000; 3,70000
1076,42;  461,500;  448,010;  457,000;13,49000
1076,70;  530,500;  532,520;  529,000;-2,02000
1076,97;  430,000;  458,370;  389,000;-28,37000
1077,24;  527,500;  521,400;  499,000; 6,10000
1077,51;  456,500;  461,080;  470,000;-4,58000
1077,78;  526,500;  522,070;  504,000; 4,43000
1078,05;  419,000;  419,300;  396,000;-0,30000
1078,32;  534,500;  536,800;  546,000;-2,30000
1078,59;  463,500;  448,130;  427,000;15,37000
1078,86;  537,000;  519,910;  491,000;17,09000
1079,13;  489,000;  497,660;  492,000;-8,66000
1079,40;  521,500;  538,200;  524,000;-16,70000
1079,67;  465,000;  457,250;  441,000; 7,75000
1079,94;  572,500;  547,810;  543,000;24,69000
1080,21;  425,000;  434,270;  413,000;-9,27000
1080,48;  529,500;  527,990;  540,000; 1,51000
1080,75;  438,500;  447,570;  448,000;-9,07000
1081,02;  519,000;  512,930;  540,000; 6,07000
1081,30;  475,000;  488,890;  501,000;-13,89000
1081,57;  537,500;  535,100;  540,000; 2,40000
1081,84;  476,500;  473,940;  478,000; 2,56000
1082,11;  507,000;  514,400;  528,000;-7,40000
1082,38;  467,500;  468,130;  492,000;-0,63000
1082,65;  520,000;  511,020;  508,000; 8,98000
1082,92;  456,500;  442,870;  430,000;13,63000
1083,19;  539,000;  532,870;  581,000; 6,13000
1083,46;  443,000;  454,360;  452,000;-11,36000
1083,73;  533,500;  532,020;  538,000; 1,48000
1084,00;  458,500;  473,300;  464,000;-14,80000
1084,27;  506,000;  532,200;  511,000;-26,20000
1084,54;  437,000;  428,420;  432,000; 8,58000
1084,81;  505,000;  510,490;  500,000;-5,49000
1085,08;  445,500;  439,780;  433,000; 5,72000
1085,35;  567,000;  546,190;  556,000;20,81000
1085,62;  447,000;  427,620;  409,000;19,38000
1085,89;  525,500;  537,290;  516,000;-11,79000
1086,16;  464,500;  465,970;  438,000;-1,47000
1086,43;  525,500;  528,820;  526,000;-3,32000
1086,70;  435,000;  442,960;  416,000;-7,96000
1086,97;  539,000;  544,480;  526,000;-5,48000
1087,24;  421,500;  424,640;  410,000;-3,14000
1087,51;  506,000;  513,470;  511,000;-7,47000
1087,78;  439,500;  437,690;  469,000; 1,81000
1088,05;  525,000;  535,090;  498,000;-10,09000
1088,32;  437,000;  447,370;  463,000;-10,37000
1088,59;  511,500;  532,120;  501,000;-20,62000
1088,86;  408,500;  419,990;  397,000;-11,49000
1089,13;  513,500;  496,300;  490,000;17,20000
1089,40;  432,000;  441,820;  443,000;-9,82000
1089,67;  513,000;  537,130;  543,000;-24,13000
1089,94;  432,500;  440,910;  386,000;-8,41000
1090,21;  526,000;  524,720;  500,000; 1,28000
1090,48;  460,500;  457,360;  441,000; 3,14000
1090,75;  527,500;  521,010;  519,000; 6,49000
1091,02;  471,500;  470,200;  469,000; 1,30000
1091,29;  487,000;  503,610;  519,000;-16,61000
1091,56;  437,000;  450,830;  470,000;-13,83000
1091,83;  509,000;  521,430;  482,000;-12,43000
1092,10;  426,500;  435,340;  449,000;-8,84000
1092,37;  503,500;  504,800;  476,000;-1,30000
1092,64;  417,500;  425,570;  419,000;-8,07000
1092,91;  534,500;  529,170;  507,000; 5,33000
1093,18;  477,000;  476,700;  487,000; 0,30000
1093,45;  504,000;  516,150;  520,000;-12,15000
1093,72;  437,500;  445,010;  444,000;-7,51000
1093,99;  523,500;  532,150;  547,000;-8,65000
1094,26;  460,000;  440,380;  447,000;19,62000
1094,53;  514,000;  521,690;  511,000;-7,69000
1094,80;  436,500;  448,540;  460,000;-12,04000
1095,07;  575,500;  549,470;  526,000;26,03000
1095,34;  454,500;  444,600;  445,000; 9,90000
1095,61;  535,500;  534,320;  517,000; 1,18000
1095,88;  488,000;  480,450;  471,000; 7,55000
1096,15;  537,000;  534,080;  528,000; 2,92000
1096,42;  453,500;  445,890;  449,000; 7,61000
1096,69;  537,000;  547,300;  578,000;-10,30000
1096,96;  435,500;  455,300;  454,000;-19,80000
1097,23;  523,500;  529,330;  513,000;-5,83000
1097,50;  450,500;  459,760;  426,000;-9,26000
1097,77;  525,500;  537,190;  536,000;-11,69000
1098,04;  461,500;  470,930;  453,000;-9,43000
1098,31;  560,500;  558,890;  541,000; 1,61000
1098,58;  473,500;  474,040;  438,000;-0,54000
1098,85;  533,000;  543,370;  565,000;-10,37000
1099,12;  479,500;  467,760;  456,000;11,74000
1099,39;  546,500;  553,780;  536,000;-7,28000
1099,66;  491,000;  476,300;  448,000;14,70000
1099,93;  561,500;  555,750;  555,000; 5,75000
1100,20;  497,000;  496,650;  492,000; 0,35000

